store_name,rating,reviewer_name,review_text
スターバックス コーヒー ジ アウトレット広島店,5.0,user_0000,子連れで利用しますが 店員さんも親切で優しく いつも感謝しています 平日午前中はとくに空いているので 子連れにはおすすめです 敷地内に授乳室 ベビーカー貸出 子供が走り回れるスペースもあるので 大変助かっています
スターバックス コーヒー ジ アウトレット広島店,5.0,user_0001,スターバックス自体よく利用します こちらの店舗も来たら必ずっていうぐらいです どこのお店に行ってもスタッフさん感じが良い 分からない事も嫌な顔せず皆親切 新商品出る度に必ず出向いてます 今回はサイドメニューにモンブランを注文 ほうじ茶余り好きじゃなかったけどすごく美味しかった 艸 イチゴの何とかペチーノも美味しかったけど 冬で寒いのでホットにすれば良かった
スターバックス コーヒー ジ アウトレット広島店,5.0,user_0002,更新 スウィートポテト バニラシフォンケーキを特別50 オフにしてくれた 旨い スタバのケーキは初めてかもしれん 寒い冬の夜に温かい布団に入ったときのような幸福感 ここのスタバは初めて来ました 私の中であるあるなんだけど 注文時に よく頼まれるんですか とかバニラシロップに変更 は初めて聞くカスタムですとか よく声かけられますが今日も雑談タイムがありました いつ飲んでも旨い
スターバックス コーヒー ジ アウトレット広島店,4.0,user_0003,スタバ巡り12 今年も11月1日からスタバもクリスマス仕様になり 毎年恒例のクリスマスブレンドも3種類出ました かなり遠いのですが 推しの映画がここしかやってないので 笑 スターバックスにも寄ってみました 木の造りが素敵です 座席は奥の方にあるようですが 今回はコーヒー豆だけの購入だったので 覗けず 今度はイートインします
スターバックス コーヒー ジ アウトレット広島店,1.0,user_0004,黄緑色っぽい髪の人が接客するようになってから明らかに接客が雑 商品を渡される時も嫌々って感じで 退店時の挨拶は一切ない ここ2年利用しているが 最低のスターバックスになった
スターバックス コーヒー ジ アウトレット広島店,4.0,user_0005,週末は激混みだが 平日は楽園のよう 平日なら定員と客数が同数で待ちなど一切なし 客席もそれなりにあって良い感じ
スターバックス コーヒー ジ アウトレット広島店,4.0,user_0006,他店と比べると接客レベルは高いように感じました 休日はどれくらいならぶかはわからないですけど 平日はゆっくりお買い物の合間に楽しむことができます 広くないスターバックスですので 休日は混雑が激しそうです
スターバックス コーヒー ジ アウトレット広島店,5.0,user_0007,徹底されてるサービス スターバックスどこに行っても心地よい ジアウトレット店では イートインはもちろん店舗外のベンチ等でも飲食可能
スターバックス コーヒー ジ アウトレット広島店,5.0,user_0008,アウトレット行った時は利用させてもらいます 時期で色々新しいフラペチーノ出たりするのでお気に入りです
スターバックス コーヒー ジ アウトレット広島店,5.0,user_0009,こちらも明るい接客で癒されます ドリップコーヒーと安定のチョコチップクッキーで幸せな時間を 席が満席時でも 外にベンチ等がいくつかあるので良い感じです とても美味しかったです
スターバックス コーヒー ジ アウトレット広島店,5.0,user_0010,買い物が済んだので少し早いランチ 今日は温かいのでダークモカチップフラペチーノとディニッシュ パティで軽く頂きます スタッフの気持ち良い挨拶や受け答えと美味しい食事で満足のランチタイムでした
スターバックス コーヒー ジ アウトレット広島店,4.0,user_0011,コロナ禍のせいか 店内飲食は空いてました でも 普段はきっと混んでるだろうなぁ それを見越して ４つです _ 流石スタバだけあって 応対のフレキシブルさは素晴らしい 桜フレーバーを注文したけど 紙コップ提供だし 折角の美しい盛りつけ が見えないし 蓋のせいで崩れてしまうと思い その事をカウンターの女性に言うと 蓋を別添で提供出来ると言われました お陰様で 綺麗な桜のラテアートが楽しめました 因みに 桜フレーバー 2種類とも 凄く香りが良くて美味しかったです
スターバックス コーヒー ジ アウトレット広島店,4.0,user_0012,通常価格の商品も置いてあるけど アウトレットの店舗なので グッズ等新商品で入荷しない物もあるとの事 白桃フラペチーノ 初めて モバイルオーダーを利用 トッピングとかよく分からないのでしたこと無かったけど モバイルオーダーは 自分であれこれ見れるので 無料のホイップとチョコソースを追加してみた が 残念 白桃にチョコソースは合わなかった ノーマルにしておけばと後悔 後 スタバは メンバー登録のニックネームは 無難に苗字にしておくのをオススメ 商品の受け取り 番号ではなく ニックネームで呼ばれます リアルあだ名を登録してて 呼ばれて 恥ずかしかった 即 変更したのは言うまでもありません
スターバックス コーヒー ジ アウトレット広島店,4.0,user_0013,入口正面に注文カウンターがあり 右側から奥に延びるL字型の店舗レイアウトです 少し小さめの面積でした 今回は限定商品のあずきなこフラペチーノを頂きました 美味しかったです 店内にはテーブル席とカウンター席 ガラス越しに下の階が見えます があります スタバはどこの店舗も行列ですね 電子マネーはWAONカード iD QUICPayなどが利用できますが 最近のもの Edy Pay系など には対応されていませんでした 店舗の横にエレベータとエスカレータがありますので 行動の時短に繋がるかと思います 2020 1
スターバックス コーヒー ジ アウトレット広島店,4.0,user_0014,景色が最高なのでドリンクだけなら外もオススメ 夏は非常に暑いのでご注意ください 可もなく不可もない爽やかで迅速な接客 店内は奥のテーブルで一人でゆっくりできた 外が見える席は多く平日でも中々座れないことが多い 少し入り口から遠く アウトレットの端に店舗があるがお客様は多く感じた
スターバックス コーヒー ジ アウトレット広島店,5.0,user_0015,ＴＨＥOUTLETSのスタバで買い物途中に休憩 けっこう端っこにあるのでそこまで混雑していないけど 天気が良く外のテラスでいただきました
スターバックス コーヒー ジ アウトレット広島店,5.0,user_0016,近くまで行った際は結構な頻度で寄ります 接客も凄くいいですし広島市内で唯一ナイトロが飲めるのも魅力の一つです
スターバックス コーヒー ジ アウトレット広島店,3.0,user_0017,寂しい雰囲気のアウトレットにあるスタバ こういうアウトレット自体がもう時代遅れなのかも 空いてていいっていうのを通り越してガラガラ過ぎでワクワクしない ここのスタバも雰囲気がなんだかね 商品は同じだけど そもそもスタバって飲み物食べ物が美味しいから行くっていうのと違う気もするから 訪問時はディスプレイもイマイチ BGMも季節感は無く 店内も肌寒い 照度も少し暗すぎかなと感じてしまいました 私は少しリラックスしたいなとか 一息入れたいなという時に空間を利用しに行く感じなんでこの評価となりました
スターバックス コーヒー ジ アウトレット広島店,2.0,user_0018,注文待ちの列に並んでいたらモバイルオーダーを勧めてくるけど罠です笑 既に並んでいたら絶対にレジ注文の方が早いので無視しましょう
スターバックス コーヒー ジ アウトレット広島店,4.0,user_0019,爽やかなスタッフさんが手早くｺｰﾙﾄﾞﾌﾞﾘｭｰﾄﾞｿｰﾀﾞを作ってくれました
スターバックス コーヒー ジ アウトレット広島店,3.0,user_0020,基本 激込みのスタバ 席数は多めだが 入口からレジまでが近いため混雑時はかなりガチャガチャする
スターバックス コーヒー ジ アウトレット広島店,5.0,user_0021,オープン直後に寄りました 本日のコーヒーとアップル ベリーパウンドケーキをいただきました
スターバックス コーヒー ジ アウトレット広島店,3.0,user_0022,初スタバ お高いので遠慮していたが 3000円カード貰ったので行ってみました ストロベリーなんとかを注文 娘が喜んでおりました ありがとうございました
スターバックス コーヒー ジ アウトレット広島店,5.0,user_0023,閉店間際に行きましたが 店員さんは嫌な顔ひとつせず とても丁寧な接客をして下さいました とても寒かったので 温かいコーヒーが飲めて 良かったです
スターバックス コーヒー ジ アウトレット広島店,4.0,user_0024,すぐそばに地下のエスカレーターがあったりで立地条件は良いです 店内は結構広めで過ごしやすいです コーヒーノートが置いてあってそれぞれコーヒーを飲んだ人が感想を書いていくのが斬新で面白い 以前勤めてたブラックエプロンの方が考えたアイデアらしいですがお客さん同士の交流も出来て素晴らしいと思いました
スターバックス コーヒー ジ アウトレット広島店,5.0,user_0025,初めてコーヒープレスサービスを注文 他店の試飲で気に入り 教えてもらった注文時の台詞を言う コーヒープレスでお願いします
スターバックス コーヒー ジ アウトレット広島店,4.0,user_0026,近くにベンチもたくさんあるので アウトレットモールを歩き回った後にゆっくりできて良いです メロンフラペチーノを頼みましたが 美味しかったです
スターバックス コーヒー ジ アウトレット広島店,5.0,user_0027,スタッフが素晴らしかった 小柄の素敵なスタッフが 店内を動き回って 綺麗な人なのに よく気がついて働いてました
スターバックス コーヒー ジ アウトレット広島店,4.0,user_0028,1階のたべる所かき揚げドンがホタテが入っておいしです
スターバックス コーヒー ジ アウトレット広島店,5.0,user_0029,フラペチーノを子供が勢いよく落としてしまいカップに割れ目が入り割れ目から中身がこぼれてしまうので店員さんに空のカップを1ついただけないかとお願いしたところ 快く作り直して下さいました 私たちの服の心配までしてくださり本当に感謝しております 本当にありがとうございました
スターバックス コーヒー ジ アウトレット広島店,1.0,user_0030,スタバの定員さんはどこの店舗も良いイメージしかありません こちらの店舗も笑顔で対応してくださりました ただ子供を連れていて 買い物の紙袋を片手に３袋持ち もう片手は５歳の子供と手を繋いだ状態でした 飲み物を家で待っている家族にと 持ち帰りで４つ注文しました 受け取りカウンターに４つ並べられ 〇〇ご注文のお客様 レシートを見せると ありがとうございました って お い 待て待て 手で持てるわけないよね 袋に入れて下さい とお願いすると 温かいのと冷たいのを一緒に入れて大丈夫ですか 温かいの２つと 冷たいの２つなので別に入れて貰えますか 疲れました 本当に疲れました
スターバックス コーヒー ジ アウトレット広島店,4.0,user_0031,アウトレ歩き疲れたときに立ち寄るスタバさん 安定の美味しさ スタバの看板を汚さないよう しっかりと教育もされているのでしょう 味も接客も素晴らしい 最近は 店員同士がおしゃべりしてるような バイト使ってんだからイイでしよ みたいなチェーン店が多い中 よく教育 統制ができてるなと関心します
スターバックス コーヒー ジ アウトレット広島店,5.0,user_0032,ランチ後のリラックスタイムに 割とランチタイム近辺は人も少なく待ち時間ゼロ
スターバックス コーヒー ジ アウトレット広島店,5.0,user_0033,休憩 混雑しそうな時間帯より少しずれてたので すぐに座ることができました
スターバックス コーヒー ジ アウトレット広島店,4.0,user_0034,一息つくのに喫茶店に入っても購入や席取りにストレス感じるのがスタバの常でしたが ココは比較的空いてて良いお店です
スターバックス コーヒー ジ アウトレット広島店,5.0,user_0035,スタバ大好きなのでアウトレットに来たらここでお茶して帰ります 席もたくさんあるし 隣との距離も取ってあるので安心して座れます 街中のスタバは行列すごいけどサクサク進むのであまり待ちなしでくつろげます 映画の後また行きたいと思います
スターバックス コーヒー ジ アウトレット広島店,3.0,user_0036,飲み物などアウトレットではなかったと思うしアウトレット価格でもなかった アウトレットにあるので出来れば商品を持ったまま洋服屋さんに入りたくないので一通り回った後休憩ポイントとして利用している タイミング次第で並んだり並ばなかったりする 普通のスタバでソファーもあればテーブル席大テーブル席もある
スターバックス コーヒー ジ アウトレット広島店,1.0,user_0037,忙しくても笑顔や気配りが出来ているイメージでしたが OUTLET広島で2021年04月10日にスターバックスを利用しましたが 笑顔はなく 店員さんもただ仕事をしてるだけで接客業をしてるお店とは思えませんでした ドリンクも家族で全部で６つ購入なのにトレーにも入れてもらえず 貸してもらうよう伝えたら全部の上品をのせないで渡されたり
スターバックス コーヒー ジ アウトレット広島店,3.0,user_0038,以前より接客は良くなりました 時間帯によってはめちゃめちゃお客さんが並びます コーヒー屋と言うよりはフラペチーノ屋ですね どこのスタバも一緒ですが
スターバックス コーヒー ジ アウトレット広島店,5.0,user_0039,開店直後の朝 眠気を覚ますために入店し お決まりのアイスコーヒーをブラックで注文しました 程よい苦味の冷えたコーヒーが口からノドに流れ込む事で一気に目が醒めました 感激です
スターバックス コーヒー ジ アウトレット広島店,5.0,user_0040,人が少なかったのもあると思うのですが めちゃくちゃ話しかけてくれて会計すら楽しかったです
スターバックス コーヒー ジ アウトレット広島店,3.0,user_0041,丁寧に接客してくださいます 平日は静かで過ごしやすいと思いました
スターバックス コーヒー ジ アウトレット広島店,4.0,user_0042,接客が最高にイイです ここに行って嫌な思いになった事は一度もありません でも いつもお客様でいっぱいで並んでいるので 時間に余裕のある時じゃないと行けないのが残念です ω
スターバックス コーヒー ジ アウトレット広島店,5.0,user_0043,いつものスタバと思いきや NITRO ナイトロ ブリューコーヒーの提供できるお店 これが提供できるお店は珍しいんだよ 男の人ならわかると思うけど ビールサーバーのような機械で きめ細かい泡のコーヒーを提供してくれるってわけ キャラメルムースを載せるのもあり 女の子にはこっちがおすすめかな どちらもホットでないのが残念な冬場だけど 東京から来た友達も あっちでも出してくれるとこなかなかないんだよって言ってたから 是非一度試してみてね そうそう ここでNITRO入れてくれるお姉さんがまた素敵なんだよね かっこいいし 行った時は暇だったのかな いろいろ気さくに説明してくれたんだよね
スターバックス コーヒー ジ アウトレット広島店,4.0,user_0044,今日は長い行列で混雑していましたが スタッフの皆さん笑顔の対応で癒されました
スターバックス コーヒー ジ アウトレット広島店,5.0,user_0045,お昼時で 人がとても多かったです お持ち帰りで 流れは早かったので10分くらいの滞在でした 美味しさはかわらず 良かったです
スターバックス コーヒー ジ アウトレット広島店,4.0,user_0046,泡乗ったのを注文したら できたてすぐを味わってほしいと目の前で飲む様勧められました 実際泡がきめ細やかで美味しかったし 店員さんのコダワリも感じた 良い店だと思った
スターバックス コーヒー ジ アウトレット広島店,4.0,user_0047,柚子シトラスティーを頼んだのですが 何故かとても濃いくて飲めませんでした 量を間違っていたとしか思えませんでした ヒットコーヒーも頼みましたが 思ったより多かったので カップの大きさの目安のカップを置いて欲しいです
スターバックス コーヒー ジ アウトレット広島店,3.0,user_0048,水出しコーヒーを注文 こちらのお店でしか設置していないビールサーバー式で注いでくれる ビールサーバー内には窒素が入っており味がまろやかになり美味しかった
スターバックス コーヒー ジ アウトレット広島店,1.0,user_0049,同じ商品を待っている客の順番を飛ばす レシート番号の確認をしない腑抜けた店
スターバックス コーヒー ジ アウトレット広島店,5.0,user_0050,家族が買い物をしてる間に立ち寄りました 期間限定のスプリングラテを飲みました メニューを決める際に どれにしようか悩んでいたら スタッフさんが分かりやすく説明して下さいました ありがとうございました
スターバックス コーヒー ジ アウトレット広島店,4.0,user_0051,買い物の後にのんびり利用しました チャイティーラテ チョコレートムースウイズドリップコーヒーの飲み物と シュガードーナツ ベーゼルムースをあわせて頂きましたよ 楽しいことひと時でしたよ
スターバックス コーヒー ジ アウトレット広島店,4.0,user_0052,音楽の音が大きすぎのような
スターバックス コーヒー ジ アウトレット広島店,4.0,user_0053,標準的なスタバ サービスもよく店員さんも手際良くテキパキと動いていて不満はありません もちろん飲み物も美味しいです
スターバックス コーヒー ジ アウトレット広島店,5.0,user_0054,店員さんが悩んでいたらアドバイスし おすすめを提案してくれる その提案の仕方が決して押し付けでなく フレンドリーで優しい どの店員さんもなので素晴らしい
スターバックス コーヒー ジ アウトレット広島店,4.0,user_0055,今まで高知のスタバが感じの良さでは１番かと思ってましたが ここも最高でした 並びましたが待たされた感無かったです
スターバックス コーヒー ジ アウトレット広島店,4.0,user_0056,今日 飲んだナイトロコールドブリューコーヒーはとても美味しかった この店舗には滅多に来ないので早く全店で取り扱ってほしい 柔らかなコーヒー
スターバックス コーヒー ジ アウトレット広島店,5.0,user_0057,アウトレット寄ったら絶対利用してます 結構カスタムして注文しても味のブレが少なく個人的に好きです
スターバックス コーヒー ジ アウトレット広島店,4.0,user_0058,駐車場はアウトレットモールものを使用 平日の午後に行ったが3 4人並んでおり フードも半分ほどなくなっていた 中だけでなく外にも食べるところがあり結構な人数が座って食べれそうだった
スターバックス コーヒー ジ アウトレット広島店,5.0,user_0059,どこのスタバに行っても 店員さんは素敵な笑顔で迎えてくれますが こちらのスタバには 三代目JSBの岩田剛典さんにそっくりなお兄さんが居て モニタリング の撮影でもしてるのかと 笑 ビックリしました
スターバックス コーヒー ジ アウトレット広島店,4.0,user_0060,土日はかなり並ぶので覚悟して行きます笑 店内より外のベンチや 植え込みの端など アウトレットには座る場所がたくさんあります
スターバックス コーヒー ジ アウトレット広島店,5.0,user_0061,新しいドリンクメニューがスタートする日に行くとスタッフさんがとても丁寧に説明してくださいました また利用させていただきます
スターバックス コーヒー ジ アウトレット広島店,4.0,user_0062,ジアウトレット広島 はしにお店があるので 平日は空いてる印象
スターバックス コーヒー ジ アウトレット広島店,4.0,user_0063,通常のスタバ通り 豆やインスタントも売ってます タンブラーなどのグッズは少し前の季節外れの物が三割引くらいで売ってます
スターバックス コーヒー ジ アウトレット広島店,4.0,user_0064,ペット連れて外から店内のメニュー見てたらスタッフがメニュー持って外まで来てくれた 注文後も外まで持って来てくれて 気持ち良くゆっくり出来た
スターバックス コーヒー ジ アウトレット広島店,4.0,user_0065,飛沫防止の板が厚いのもあって 注文時に店員の言ってることがさっぱり聞き取れません
スターバックス コーヒー ジ アウトレット広島店,4.0,user_0066,店内は狭め あまり落ち着ける雰囲気ではない
スターバックス コーヒー ジ アウトレット広島店,4.0,user_0067,いつ行っても多いです バナナ を注文しました でも 作ってくれた店員さんのクリームが下手くそでした
スターバックス コーヒー ジ アウトレット広島店,1.0,user_0068,カフェ ラテのMサイズを注文した コストコと味は同等 価格は3倍以上 客も少ないのにかなり待たされた もう２度と行かない
スターバックス コーヒー ジ アウトレット広島店,3.0,user_0069,場所柄仕方ないですがいつも混み合っています 持ち帰りにして 外のベンチで楽しむことができます
スターバックス コーヒー ジ アウトレット広島店,3.0,user_0070,スタバは９時 オープンしてます
スターバックス コーヒー ジ アウトレット広島店,4.0,user_0071,店員さんは笑顔で親切丁寧 親切過ぎるが故に聞き取りに時間がかかるときがあるが 致し方なし
スターバックス コーヒー ジ アウトレット広島店,4.0,user_0072,店内の席がもう少し多ければ良かったんですが このご時世 致し方ないんでしょけどね
スターバックス コーヒー ジ アウトレット広島店,5.0,user_0073,スタバの定員さんで嫌な思いをしたことがない 皆さん笑顔が素敵な方達です
スターバックス コーヒー ジ アウトレット広島店,5.0,user_0074,いつも利用しますが混雑しています でもスタッフの対応が いいので素早く接客されています
スターバックス コーヒー ジ アウトレット広島店,4.0,user_0075,抹茶クリームフラペチーノを注文しました お店は混んでいましたが 店員さんの対応が素敵でした _
スターバックス コーヒー ジ アウトレット広島店,5.0,user_0076,フラペチーノを購入したんだけど他の食べ物もお薦めされ良い雰囲気のお店でした
スターバックス コーヒー ジ アウトレット広島店,5.0,user_0077,店員の対応もよかったです 平日は人が少なくてとても良い
スターバックス コーヒー ジ アウトレット広島店,3.0,user_0078,仕方ないことだけど お客さんが異常に多い 並ぶことがキライなイラッチな私にはムリゲー
スターバックス コーヒー ジ アウトレット広島店,5.0,user_0079,ジアウトレットにいったら山の上ですごく寒かった 買い物の後 温かいラテを飲んでホッコリして帰りました
スターバックス コーヒー ジ アウトレット広島店,5.0,user_0080,ご時世なので店内ではなく外のテーブルで 風も気持ちよくゆっくり出来ました
スターバックス コーヒー ジ アウトレット広島店,5.0,user_0081,対応してくれた女性スタッフが感じが良く丁寧にコーヒーの説明してくれました レジの女性スタッフも明るくて感じが良かったです
スターバックス コーヒー ジ アウトレット広島店,4.0,user_0082,スポーツのショップが多いので個人的には大変使い勝手がいいです あと飲食店も色々有って楽しいです
スターバックス コーヒー ジ アウトレット広島店,4.0,user_0083,お店の雰囲気良く もちろんスタッフさんの応対もグッド でした ソイラテが好きです
スターバックス コーヒー ジ アウトレット広島店,5.0,user_0084,久しぶりにスタバへ 今年のクリスマスブレンドもおいしい それにあったケーキもおいしい
スターバックス コーヒー ジ アウトレット広島店,5.0,user_0085,寒い時に 急に寄りたくなるコーヒーです 接客も良くてコーヒーもやっぱり美味い
スターバックス コーヒー ジ アウトレット広島店,5.0,user_0086,たまに コーヒー 飲んでゆっくりします
スターバックス コーヒー ジ アウトレット広島店,4.0,user_0087,広島で唯一のビールコーヒーが飲めるお店 正直普通にコーヒーを飲んだほうが美味しいかったです
スターバックス コーヒー ジ アウトレット広島店,4.0,user_0088,コロナ対策でなかなか足を運べないから 久しぶりのスタバ やっぱり最高です
スターバックス コーヒー ジ アウトレット広島店,4.0,user_0089,テイクアウトのみでしたが 店の 外で お客さんが連れている犬や 前を通りかかるカップルや
スターバックス コーヒー ジ アウトレット広島店,4.0,user_0090,このお店とあと一つの店舗しかない変わったコーヒーがあります 試飲しましたが美味しかったです
スターバックス コーヒー ジ アウトレット広島店,4.0,user_0091,暇だったせいか 店員さんがフレンドリーで良い笑顔で話しかけてくださいました
スターバックス コーヒー ジ アウトレット広島店,4.0,user_0092,アウトレットモール敷地内にあるので 買い物途中に立ち寄るのにいい 近くにアンダーアーマーなどのブランド店が近い
スターバックス コーヒー ジ アウトレット広島店,5.0,user_0093,初めて行った場所 イートインもあるし 天気が良ければ 持ち帰りにして近くで飲んでもいいかも
スターバックス コーヒー ジ アウトレット広島店,3.0,user_0094,人多過ぎ アイスのカップもホットと同じになった 前の方が良かったな
スターバックス コーヒー ジ アウトレット広島店,4.0,user_0095,時間帯によってはすいているのでゆっくりできる
スターバックス コーヒー ジ アウトレット広島店,5.0,user_0096,待っている間にメニューを渡してくれたり ホイップクリームの増量をしてくれたりとても親切にしていただきました
スターバックス コーヒー ジ アウトレット広島店,5.0,user_0097,ジアウトレットの地上部にあるスタバです 店の雰囲気は通常のスタバです いつもの美味しい珈琲です
スターバックス コーヒー ジ アウトレット広島店,3.0,user_0098,見た目よりは店内が広かった
スターバックス コーヒー ジ アウトレット広島店,4.0,user_0099,広島市内でこちらの店舗でしか味わえないドリンクがあったりするので侮れません
スターバックス コーヒー ジ アウトレット広島店,3.0,user_0100,もう1店舗あって良い程人気です
スターバックス コーヒー ジ アウトレット広島店,5.0,user_0101,一般客ですがお昼の食事をここですると量があって安くて美味しいです
スターバックス コーヒー ジ アウトレット広島店,1.0,user_0102,客のことを考えない待たせ方 店員のいないレジで待たせて 次の客を呼ぶ
スターバックス コーヒー ジ アウトレット広島店,5.0,user_0103,スタッフのお姉さんのカンジのいいこと
スターバックス コーヒー ジ アウトレット広島店,5.0,user_0104,当日 レシートでもういっぱいお安く飲めるのでお得です
スターバックス コーヒー ジ アウトレット広島店,3.0,user_0105,オシャレで綺麗で 洗練されてました
スターバックス コーヒー ジ アウトレット広島店,3.0,user_0106,店内の椅子が狭かったきがしました そして汚れていたので星３つ
スターバックス コーヒー ジ アウトレット広島店,3.0,user_0107,土曜日15時位でしたが外に20人以上の行列が有りました
スターバックス コーヒー ジ アウトレット広島店,3.0,user_0108,平日は比較的空いてるので買いやすいです
スターバックス コーヒー ジ アウトレット広島店,5.0,user_0109,店員さんの動きもよくて対応も最高です
スターバックス コーヒー ジ アウトレット広島店,4.0,user_0110,休みで人は多かった トイザらスに買いたい物が有りましたが店の名前を間違い又移動して疲れました
スターバックス コーヒー ジ アウトレット広島店,5.0,user_0111,ほんとに親切に対応していただきました また来ようと思います
スターバックス コーヒー ジ アウトレット広島店,5.0,user_0112,OUTLET内にありますが私がいったときは午前中でそんなに待ちませんでした
スターバックス コーヒー ジ アウトレット広島店,5.0,user_0113,いちごのフラペチーノが今日まででした 最終日にやっと飲めました
スターバックス コーヒー ジ アウトレット広島店,3.0,user_0114,値段はアウトレットでは無いですね アウトレットに有ると言う特徴が無いかな
スターバックス コーヒー ジ アウトレット広島店,5.0,user_0115,スタバはちょっと 値段は高いですが 間違いなく美味しいです
スターバックス コーヒー ジ アウトレット広島店,4.0,user_0116,広い店内で一休み いいと思いますよ
スターバックス コーヒー ジ アウトレット広島店,4.0,user_0117,抹茶カフェ 最高 粉多めの全ミルクは最高の一時でした
スターバックス コーヒー ジ アウトレット広島店,4.0,user_0118,美味しい あんまり利用したことないですが
スターバックス コーヒー ジ アウトレット広島店,3.0,user_0119,開店前から並んでる人がいました
スターバックス コーヒー ジ アウトレット広島店,1.0,user_0120,違う商品渡されて 謝罪もなし どうかしてるこの店は
スターバックス コーヒー ジ アウトレット広島店,4.0,user_0121,買い物ついでに寄ってみました
スターバックス コーヒー ジ アウトレット広島店,2.0,user_0122,ダークモカチップフラペチーノを頼んだのに別のフラペチーノが来ました
スターバックス コーヒー ジ アウトレット広島店,5.0,user_0123,いつも利用しますが 凄い人気です
スターバックス コーヒー ジ アウトレット広島店,5.0,user_0124,広島県で2店舗しかない アイスコーヒーが飲める店 おすすめ
スターバックス コーヒー ジ アウトレット広島店,4.0,user_0125,ごく普通のスターバックスコーヒーです 変わらないところがいいところでもあります
スターバックス コーヒー ジ アウトレット広島店,4.0,user_0126,フラペチーノ コーヒーが美味しい
スターバックス コーヒー ジ アウトレット広島店,5.0,user_0127,お店の方の対応がとても優しかったです
スターバックス コーヒー ジ アウトレット広島店,5.0,user_0128,程よい苦味が くせになる 美味しさ 最高です
スターバックス コーヒー ジ アウトレット広島店,4.0,user_0129,エスプレッソアフォガートフラペチーノを購入しました 美味しかったぁ
スターバックス コーヒー ジ アウトレット広島店,5.0,user_0130,飲んだこと無いけど 凄く並んでます
スターバックス コーヒー ジ アウトレット広島店,3.0,user_0131,何回か 前を通ってますが 人は 多いと思います
スターバックス コーヒー ジ アウトレット広島店,4.0,user_0132,スタッフの方達がとても親切で居心地が良いです
スターバックス コーヒー ジ アウトレット広島店,2.0,user_0133,基本人が多く休日は特にかなり待ちます
スターバックス コーヒー ジ アウトレット広島店,4.0,user_0134,オヤジの憩いの場所はここ メロンメロンスムージーで幸せ気分
スターバックス コーヒー ジ アウトレット広島店,3.0,user_0135,スタバにしては 人が少ない が 座席数も少ない
スターバックス コーヒー ジ アウトレット広島店,3.0,user_0136,コーヒーは 名前ほどでもないけど他は美味しいと思います
スターバックス コーヒー ジ アウトレット広島店,5.0,user_0137,目的を持って行った方がいいですね
スターバックス コーヒー ジ アウトレット広島店,5.0,user_0138,店員さんがとても良い対応でした
スターバックス コーヒー ジ アウトレット広島店,5.0,user_0139,スタバは大好きで 新しい飲み物が出るとそれを飲んでいます
スターバックス コーヒー 紙屋町シャレオ店,4.0,user_0140,広島唯一のリザーブ店 コア豆とは一味違うスペシャルティコーヒー をお楽しみ下さい
スターバックス コーヒー 広島市中央公園店,5.0,user_0141,広島市民球場跡地シミント広島にあるスタバです 休日やイベント開催中はかなりの混雑度ですが 平日の何もやってない時の日中はけっこうのんびりお茶できます 木造の造りの開放的な雰囲気で本当に寛げます スタッフさんのホスピタリティも私が知っているスタバの中でも５本の指に入ると思える素晴らしさです ゆっくりできました ありがとうございます
スターバックス コーヒー 紙屋町シャレオ店,4.0,user_0142,昔からある店舗 人でいっぱい 久しぶりに買い物の休憩で立ち寄った たまたまかもしれないが こちらのフラペチーノがとても美味しかった そして良い食感で見た目も良い スタバのフラペチーノ すごく溶けていたり ホイップが少な過ぎたり 見た目が悪かったり 何かしら不満を抱きながら飲むことも多いのだが 初めて冷たくて美味しい と思った この時期限定のメリーベリーフラペチーノ いちごの甘酸っぱさとミルクのコクのバランスがよくてとても美味しかった 作ってくれた方 ありがとう
スターバックス コーヒー 広島アルパーク店,4.0,user_0143,R8 2 映画の前に寄りました 並んでる所に店員さんがメニュー表を持ってきてくれたり親切 朝だったので静かだし 久しぶりに良きスタバに当たった
スターバックス コーヒー 広島市中央公園店,5.0,user_0144,HIROSHIMA GATE PARKに位置しているスターバックスです 最寄り駅は原爆ドーム前駅です 広々とした公園内にあり 開放感は素晴らしいです 多くの観光客が訪れるスポットですが 朝はとても静かで快適に過ごすことができました
スターバックス コーヒー 紙屋町シャレオ店,4.0,user_0145,広さはそこそこで利用はしやすい立地だと思います 席も特段多い訳ではないため 朝 通勤時間 や昼頃などは混みやすいため その時間帯に関してはテイクアウトでの利用をおすすめします
スターバックス コーヒー 広島アルパーク店,4.0,user_0146,バス待ちのため一人で来店 ホットココア チョコスコーン チョコバナナタルトを頼みました 店員さんは気さくな方達で チョコ好きなんですか とかスイーツタイムですか と声を掛けてくださいました 初めて頼んだものでしたが ココアは甘さ全振り って感じで最高でした ただ最初の一口はホイップが邪魔して大変です チョコスコーンは期待してたよりも美味しくなかったです まずいわけじゃないけど ちょっとパサパサしてるかな チョコバナナタルトは美味しかったです 唯一文句があるとしたら おしぼりが薄すぎて開いた瞬間破ける所
スターバックス コーヒー 広島市中央公園店,5.0,user_0147,いつもアーモンドミルクを使用したカフェミストしか飲まないのですが ここの店舗はミルクの香りと味が一段と強いからか どこの店舗よりも美味しい 店員さんが素敵で店内も窓が多く開放感もあり 日中はのんびりと落ち着く場所です 広島に行く際は必ず訪れるようにしてます
スターバックス コーヒー 紙屋町シャレオ店,5.0,user_0148,ドリップコーヒー パンプキンスコーン 頂きました パンプキンスコーンを少し温めて頂いて すこし溶けだしたパンプキンペーストがこちの中でサクッとスコーンに相まり美味しいです シードのアクセントも良い感じで 食で秋を感じる事が出来ます こちらは広島唯一のリザーブ店です 豆や グッズ等リザーブ店のみの商品も取り扱っています 広島中心部の地下に位置します アストラムラインの駅もあり 道ゆく人は多いですが 店員さんは笑顔でこなします とても美味しかったです
スターバックス コーヒー 広島アルパーク店,1.0,user_0149,平日夕方にたまに行くのですが 男性店員と女性店員がよく喋っていて客が置いてけぼりなことがたまにあります また 男性店員がレジで知り合いと延々と喋っていて レジが塞がり他の店員もヘルプに来ず待つ羽目になりました 女性店員も少し小馬鹿にしたような態度が気になります 袋をカウンターでこちらに押すように滑らせて渡されたのには驚きました あとストローが入ってなかったです 他の時間帯は良いのかもしれません ただ今の平日の店員の接客は酷いです
スターバックス コーヒー 広島市中央公園店,5.0,user_0150,アーモンドフロランタン ドリップコーヒー 頂きました シミント広島 旧市民球場跡地 に位置します 緑に囲まれた公園であり イベント広場であり ゆったりとした中にあるスタバで 店内も 外のテラス席もゆっくりとコーヒーを頂けます 少しビターで風味豊かなフロランタンがコーヒーの良さを引き出してくれます とても美味しかったです
スターバックス コーヒー 紙屋町シャレオ店,5.0,user_0151,今週利用しました 雰囲気は良かったが 椅子が多く よりかかるソファなどは少なめ 時間帯にもよると思うが 平日の朝は少し混んでいたため 急ぐのであればモバイルオーダーするより直接買ったほうが早い可能性があります
スターバックス コーヒー 広島アルパーク店,5.0,user_0152,黒沢ともよ 声優 似の女性店員と そばかすの女性店員とベテランっぽい女性店員の3人で店を回してらっしゃったけど マジで3人とも接客態度もそれ以外の応対も神すぎた スマイルを向けられた瞬間 グッと心を鷲掴みされるような 癒しがある 本当に素晴らしい ともにゃ似の店員が可愛かった 入店前に 外の席で座っていた人 子ども連れの3人家族の旦那さん が あの店員 めっちゃ接客いい と言っていた 本当に素晴らしい こんな拙い表現で表すの烏滸がましいくらいに 絶対また来ます
スターバックス コーヒー 広島市中央公園店,5.0,user_0153,こんなにオシャレな雰囲気のスタバがあるとは知りませんでした 公園の中にあるのが素敵です 店員さんも笑顔で接客を楽しんでいるようでした 海外の方も多くいました 休憩にちょうどいいと思います
スターバックス コーヒー 紙屋町シャレオ店,5.0,user_0154,広島県で一番好きなスターバックス サービス面も県内のスタバと比べても優れています 路面電車とのアクセスも良好です 広島において スターバックスを語るには外せないお店でしょう 場所柄 平日朝は通勤の方が多く利用されます 広島の路面電車において とても大切なジャンクションのようなターミナル駅になっている紙屋町からすぐです
スターバックス コーヒー 紙屋町シャレオ店,4.0,user_0155,紙屋町シャレオのスタバ ゆったりお茶できる雰囲気で混雑も避ければけっこう居ることできます リザーブメニューあるの知らなくて先日 いただきました リザーブ専用の席でグァテマラをオーダーして 焙煎した豆 挽いた豆 ドリップしたカフェ それぞれの香りを存分に楽しむことができました 広島にはないと思っていたのに気づいてませんでした 中四国は紙屋町シャレオと倉敷だけだそうです ゆっくり楽しめました ご馳走様でした
スターバックス コーヒー 広島アルパーク店,5.0,user_0156,先程14 30頃 新商品のスモアチョコレートラテを購入しました 店員の皆さん 接客がとっっても心に残ったのでレビューさせていただきました メニュー表を渡してくれた方 レジ対応してくれた方 ドリンクを作って渡してくれた方 名前は覚えていませんが女性の方でした 絶対また来ます
スターバックス コーヒー 広島市中央公園店,5.0,user_0157,更新2025 11 14 いつもと値段が違うからあれ っと思い値上がりしました って聞いたら場所によってちょっとだけ値段が違う場合があると 知らなかった 15円だけだけど高かった ゴールデンウィークに行ったので人多すぎてゆっくり出来なかったけど 遠くに見える原爆ドームの眺めは素晴らしいと思いました
スターバックス コーヒー 広島アルパーク店,3.0,user_0158,スタバ巡り11 2021 9 15来店 109シネマズに行った時 寄ってみました 毎年出るアニバーサリーブレンドを購入 お店は落ち着いた雰囲気で良かったです でも 西棟が閉鎖されていることもあり アルパーク自体がとても閑散としていて なんだかちょっと寂しかったです 2023年には全面リニューアルされるとのこと また以前のように賑わってくれるといいなと思います
スターバックス コーヒー 紙屋町シャレオ店,4.0,user_0159,7 30開店で開店前には大体5人以上並んでいる グランマスカットフラペチーノが販売開始ということで 仕事前に飲んでみた マスカットの丸い果肉の口に入ってくる感じが サイズ感もあり タピオカドリンクみたいで楽しい
スターバックス コーヒー 広島アルパーク店,4.0,user_0160,PTRさんの気遣いがよかったです サードプレイスを感じることができました 広島のスターバックスのなかでもいいお店ではないでしょうか
スターバックス コーヒー 広島市中央公園店,5.0,user_0161,新しく出来たスターバックスへ 旧広島市民球場跡地内 ひろしまゲートパーク マチナカとは思えない開放感 店内 テラス席などあり また店前は広場になっていて 朝 犬の散歩がてらとかいいかなと
スターバックス コーヒー 広島市中央公園店,5.0,user_0162,初めて行きました 店の雰囲気もよく 定員さんもすごく明るく素敵な方でした ミルクコーヒーがもーほんとに美味しくて 美味しくてコーヒーが苦手でも全然飲めました 居心地も良くてまた行きたいです
スターバックス コーヒー 紙屋町シャレオ店,5.0,user_0163,広島県唯一のreserve店 Cloverのコーヒーマシンが格好いい 店員さんの手際もよく 素敵な雰囲気を提供してくれます いつも混んでいる印象なので 店舗面積があればいいなぁとたらればの話
スターバックス コーヒー 広島アルパーク店,1.0,user_0164,cocoeって書いてるスタッフの方の態度が最悪 サイズの見本がないのでどれくらいか聞いたら カップをガンっ と置かれてだるそうな態度 スタバで初めてこんなスタッフみました 本社へ報告させていただきます
スターバックス コーヒー 広島市中央公園店,4.0,user_0165,旧市民球場跡地の公園にあります 原爆ドームも視野に入ります 落ち着いた いい雰囲気です
スターバックス コーヒー 紙屋町シャレオ店,4.0,user_0166,紙屋町シャレオにあるスターバックス 地下街にあり そごうなどからも近いです 席も一人から グループでも利用しやすい大きなテーブルもあるつくりで ゆっくり過ごせます スタッフさんも親切でした
スターバックス コーヒー 広島アルパーク店,5.0,user_0167,顔なじみのパートナーさん会えた スタバはラテだと 無脂肪 豆乳と変更可能なので良く利用している
スターバックス コーヒー 広島市中央公園店,5.0,user_0168,持ち帰りで なんかこぼれるなって思ったら フタの飲み口をここに合わせないでください に合わせられていました 僕の気を引くために店員のお姉さんがわざとしたのかも 甘いな ホワイトモカぐらい甘いな これから通います
スターバックス コーヒー 紙屋町シャレオ店,4.0,user_0169,久しぶりに仕事で広島へ 朝早く到着したのでスタバで朝食を取ることにしました せっかくなので地元フラペチーノをいただくことにしました 瀬戸内レモンシトラスじゃけえフラペチーノ をノンホイップで バレンシアシロップ追加でお願いしました もうすぐ地元フラペチーノも終わるので ギリギリに飲む方もいるのでしょうかね 期間限定に弱い私は つい買っちゃいますが 柑橘系のフラペチーノはさっぱりして美味しかったです
スターバックス コーヒー 広島アルパーク店,4.0,user_0170,新しいイメージになりつつある アルパークにあるお店 スターバックスにしては小さ目になるでしょうか スタッフさんはフレンドリーでいい対応です ソロかカップルなど 1 2名向きなお店 美味しいカフェモカでした
スターバックス コーヒー 広島アルパーク店,2.0,user_0171,3時すぎ 飲み物とキッシュを注文 いざ席に着こうとおもうと 座りたい席 外が見えるところと思ったが 全く空いてない 座れたのは本に囲まれた隅っこ 癒しと解放を求めたのに残念 フードコートでも大丈夫ですと 言われたが 意味ないじゃん だったら 注文時に座りにくいことを伝えるべきでは とか この辺りが空いてますとか こんな配慮は無いのかい チケット買ってるから 無くなったら 二度と行かないなぁー
スターバックス コーヒー 広島市中央公園店,4.0,user_0172,広島市民球場跡の施設内にあるスターバックス 雰囲気はとても良いと思います タンブラーを持ち込んでドリップコーヒーをテイクアウト タンブラーの持ち込みで 紙袋に入れますか と初めて聞かれ 入れてもらえるのならと思ってお願いしましたが 何故か手渡し ちょっと不思議な男性スタッフさんでした
スターバックス コーヒー 紙屋町シャレオ店,2.0,user_0173,エスプレッソアフォガードフラペチーノを注文 ただのコーヒー牛乳が出てくる エスプレッソアフォガードフラペチーノは作る人やお店によって全く違う商品が出てくる 何処か広島のスタバで正式なエスプレッソアフォガードフラペチーノを出してくれる店はないものだろうか
スターバックス コーヒー 広島アルパーク店,4.0,user_0174,平日の朝は空いているので並ばず買えます
スターバックス コーヒー 広島アルパーク店,5.0,user_0175,その日までのクーポンがあり オンラインオーダーのやり方がわからなかったので電話で問い合わせたらとても丁寧に説明してくれて 店頭に行ったら 先程お電話くださったお客様ですね やり方わかりましたか ととても優しく声をかけて下さり なんとか注文し 商品を受け取る時も またいらしてくださいね と笑顔で声をかけてくれてました 遅い時間で余裕があったにしてもとても気持ちの良い対応で また行こうと思いました
スターバックス コーヒー 広島市中央公園店,4.0,user_0176,木の温もりが感じられる外観で 店内も開放感があり とても落ち着く雰囲気です ただ コンセントを探し てみたのですが見当たらず スタッフに確認したとこ ろ 充電できるコンセントはない とのことでした もし充電設備があると 長時間の滞在にも便利かもし れませんね
スターバックス コーヒー 紙屋町シャレオ店,5.0,user_0177,地下道にあるスタバで人通りが多いですがガラスで仕切られているので店内は落ち着いた雰囲気が保たれています
スターバックス コーヒー 広島アルパーク店,5.0,user_0178,平日の16時頃に来店しました 店員さんが優しくてメニューについて質問したら丁寧に教えてくださいました いつも満席のイメージでしたが本日はまあまあ空いていてゆったりと過ごせました クッキー クリームのシフォンケーキの試食もいただけてとても嬉しかったです お疲れの中気持ちの良い素敵な接客ありがとうございます
スターバックス コーヒー 広島市中央公園店,4.0,user_0179,平日の夕方でしたがお客さんが私たちともう1人のみで空いてて観光地近くの休憩穴場スポットだと思いました ただ そんなに暑い日ではなかったのですがフラペチーノが近隣別店舗より緩く感じましたストローで吸うのに全く抵抗を感じない程度でした 暇だからか店員さんがずっとお喋りしていてレジで私に接する時よりいい笑顔だったのがなんだかなぁ
スターバックス コーヒー 紙屋町シャレオ店,3.0,user_0180,紙屋町シャレオの本通駅 アストラムライン 側にあります 接客がとても丁寧で 感じのいい店です
スターバックス コーヒー 紙屋町シャレオ店,5.0,user_0181,耳が 不自由な事を伝えたら ゆっくりと対応してくださいました 最後に自分の商品を受け取る時に 番号とレシート見せて 手話でありがとうって 少しでも手話が出来るスタッフさんが 居たらろう 難聴は嬉しいです
スターバックス コーヒー 広島アルパーク店,5.0,user_0182,コーヒー好きな私 色々とコーヒー店の豆を味わいましたが やはり味幅のあるスタバかな いつも季節限定の豆は 楽しみです
スターバックス コーヒー 広島市中央公園店,1.0,user_0183,日本語のできる在留外国人です 店内で試飲を配っていたとき すぐ隣のテーブルまで来ていたし トレイにも余っていた なのに 私たちのテーブルだけはチラッとみて踵を返しました 一回目のときは偶然かと思ったが 最近も同じことに数回遭った 試飲の問題ではないと強く感じた 外国語で会話するのを聞いて 外国人は試飲する必要がないと思ったのか 外国人が多く来る場所にあるにもかかわらず簡単な英語もできないのか不思議に思えるくらい 数回もこんなことに遭うと店の方針ではないか疑わしい 観光にくる一時訪問の外国人もいるが 近所で暮らして訪問する外国人も多いことを店の人は認識すべき そうでないと 観光地にある店にもかかわらず外国人への明白な差別と考えていいだろう とにかく広島で訪問したスターバックスの中で最悪のサービスなのは確かである
スターバックス コーヒー 紙屋町シャレオ店,4.0,user_0184,平日の15時頃に行きました 席は少ししか空いてませんでしたが 出来上がりが早かったので満足 本通り店のように店員さんが喋りかけてくるスタイルではなく むしろあまり接客態度は良いとは思いませんでしたが 私は出来上がりが遅いのがストレスだったのでそれが早かっただけ キッシュは温かくて味もとても美味しかったです
スターバックス コーヒー 広島アルパーク店,5.0,user_0185,時々よります 日替わりコーヒーがあるので飽きずに楽しめます 軽食は少し高め 店員さんがいつもいい笑顔で素敵なお店だと思います
スターバックス コーヒー 広島市中央公園店,1.0,user_0186,いい店員さんもいるのですが ここの店は割とスタバらしからぬ残念な店員さんに当たることがある気がします ドリンク作ってくれる人にソースをお願いしたら不機嫌そうに無言で入れてすぐにぷいっと背をむけられました 海外の人が多いから対応も海外仕様なんですかね スタバが好きでよく利用しているだけに残念でした
スターバックス コーヒー 紙屋町シャレオ店,5.0,user_0187,とても美味しいコーヒーが飲めます コーヒー豆なども購入出来ます 私は午後からはカフェイン抜きのデカフェをいただきます カフェラテなどにも出来ます チーズケーキなどの甘いものやサンドイッチなどもあり 軽食が食べれます
スターバックス コーヒー 紙屋町シャレオ店,2.0,user_0188,本日16時半頃に入店させて頂きました レジスタッフさんにはとても丁寧な対応をしていただきましたが ドリンクを作ってたスタッフの態度が酷かったです 自分はフラッペチーノを頼んだので太いストロー出ないと飲みずらいので声をかけさせてもらったんですが 気づいても素っ気ない態度で 何も言わずぽんとトレーに置かれました 私の前のお客さんも砂糖が欲しく声をかけたみたいなのですが冷たい感じであちらですと目も合わせず手で方向を示してました それが無ければフードも雰囲気も悪くない場所でした
スターバックス コーヒー 広島アルパーク店,5.0,user_0189,素晴らしい場所だが1つ注意 19時ぐらいにかけてカウンター席に来る広島サン レッチェのキーホールダーをスマホにつけたおっさん 本当にクサイしカウンター席の端に座りたいようで 先に座っていると店内はガラガラなのに隣に座ってくる 俺はここに通うのは3 4回目で常連でも何でも無かったのでオッサンの専用席だとは知らなかった 退いてくれよという感じであからさまに不機嫌な態度を隣で出してくるし とにかくクサイ 風呂にちゃんと入って欲しい 素直に譲った方が良い 触らぬ神に祟りなし
スターバックス コーヒー 広島市中央公園店,4.0,user_0190,テラス席だけでなく店内からもゲートパークを眺められるので のんびりするのにぴったりです
スターバックス コーヒー 広島アルパーク店,4.0,user_0191,もう手のつけようがなくなってきてるアルパークでも ここだけは賑わっていてなんか嬉しくなる どこに行ってもコンセプトがしっかりしているスタバは個人的に行けばやはり安心する コーヒー自体でいえば もっと美味しいところがある 下手したらセブンのコーヒーの方が美味しかったりするかもしれない それでもスタバの居心地がいいのは 空間含めてのブランディングの賜物だろう フラペチーノの商品の既視感だったり冬になればジョイフルメドレーだったり カップの装飾だったり色んなところに仕掛けがあるね スタッフのモチベーションというか 気持ちのいい接客姿勢だったりも含めてやっぱ凄いな 楽々園のイオンにも他の珈琲ショップではなくスタバが来て欲しかったな みんな望んでたはずだろう
スターバックス コーヒー 紙屋町シャレオ店,4.0,user_0192,ここのスタバは雨の中でも利用しやすくて とても便利な場所だと思います 広島中心地なので人が多く中々座れる席が 見つからない状態でした 諦めてテイクアウトにしてる方もチラホラと スターバックス リザーブ のお店です
スターバックス コーヒー 紙屋町シャレオ店,4.0,user_0193,土日はこんでいるので平日によく利用します PayPayが使える店舗なので支払いがごちゃごちゃせずに楽チンです ご当地フラペチーノを今回は注文したけど 少し酸っぱくて全部飲みきるのが大変でした
スターバックス コーヒー 広島市中央公園店,5.0,user_0194,こことNHKビルのスタバだけは 素敵だなと思います
スターバックス コーヒー 紙屋町シャレオ店,5.0,user_0195,外人観光客のガイドで入店 気づいた女性定員が すぐに席を空けてくれて 嬉しかったです ありがとうございました スタバ最高 Entered the store as a guide for foreign tourists Noticed the female capacity I was happy that they vacated my seat immediately thank you very much best starbucks
スターバックス コーヒー 広島アルパーク店,5.0,user_0196,アルパーク内にあり とても便利です 店員さんも親切でありがたいです 入り口からすぐの場所で分かりやすいです
スターバックス コーヒー 広島市中央公園店,4.0,user_0197,店内も 良いけどテラスでゆっくりできるのがいい
スターバックス コーヒー 紙屋町シャレオ店,5.0,user_0198,外で仕事をするときに良く使ってます 店内も広く結構静かです 数少ないロースタリーを扱ってるお店です 店員さんの対応もとても良いので 気持ちいいです
スターバックス コーヒー 広島アルパーク店,4.0,user_0199,よく利用しますが あまり待たなくていいので助かります
スターバックス コーヒー 広島市中央公園店,4.0,user_0200,地下のシャレオから行きましたが結構距離があるんですね 暑い日だったので遠さにびっくり 店内は思ってたほど広くないし 座席数も少ない感じ テラスがあるし 広場もあるからかな とりあえず季節のいい時にまたゆっくりいってみたいです
スターバックス コーヒー 紙屋町シャレオ店,3.0,user_0201,安定のスタバであったが サイズを選ぶのに4種類のうち 紙カップ2つで選択を迫られたのは ちょっとね しかも店内で紙ではないカップにしたので 余計にサイズ感が分からずorz
スターバックス コーヒー 広島アルパーク店,4.0,user_0202,安定のスタバです アルパーク内の飲食店でも駐車場延長チケットを出す店と出さない店がありますが こちらは出してくれます
スターバックス コーヒー 広島市中央公園店,5.0,user_0203,美味しかったけど外語人だから優しくしてくれなかった
スターバックス コーヒー 紙屋町シャレオ店,2.0,user_0204,近隣店のほうが好き やってやってる感MAXな時あるからあんまり行かない
スターバックス コーヒー 紙屋町シャレオ店,4.0,user_0205,接客はスタバクオリティで 店舗は地下街にあります 紙屋町電停からそのまま地下に降りると行けるのでアクセス良好です 電源は外側に面したカウンター席にあります トイレは地下街共用を利用
スターバックス コーヒー 広島アルパーク店,4.0,user_0206,親切丁寧 ほんの１言の声掛けが とても嬉しかった
スターバックス コーヒー 広島市中央公園店,3.0,user_0207,観光途中 休憩するために立ち寄りました 立地条件
スターバックス コーヒー 紙屋町シャレオ店,4.0,user_0208,店員さんがとても感じよくてほっとします セレクトしたケーキに合うコーヒーも選んでくださいます
スターバックス コーヒー 広島アルパーク店,5.0,user_0209,スタバ初心者でも 定員さんが丁寧に対応してくれるのでカスタマイズとやらも出来ました 呪文を唱えなくても伝わって良かったです 店員さんからすれば 私の方が呪文唱えてますね いつも丁寧な対応 ありがとうございます
スターバックス コーヒー 紙屋町シャレオ店,5.0,user_0210,地下街内にあるスターバックス 本通にあるスタバに比べると席数は少ないですが その分空いている事が多い気がします
スターバックス コーヒー 広島市中央公園店,1.0,user_0211,はい 最悪ですね まずレジの人 対応ひどいですね ドリンクの作り方も雑で ほうじ茶クラシックティーラテを頼んだのですが ほうじ茶風味のお湯でした笑 もう行きません
スターバックス コーヒー 広島アルパーク店,5.0,user_0212,スタバが大好きなのでどこでも行きますが 近くに駅もあるので 時間つぶしにもなります
スターバックス コーヒー 紙屋町シャレオ店,4.0,user_0213,朝の時間に入店 店内ソファー席で過ごしやすい店内 買い物ついでに休憩できたのでよかった
スターバックス コーヒー 紙屋町シャレオ店,5.0,user_0214,リザーブコーヒー取扱店 パートナーさんのコーヒーの知識は素晴らしいです コーヒーとフードのペアリングを相談しながら決めるのも楽しいです
スターバックス コーヒー 広島市中央公園店,5.0,user_0215,2023年9月11日 こちらのスタバには初めて立ち寄らせて頂きましたが とてもキレイでオシャレですね 窓際に座って 外の景色を見ながらゆっくりできました 居心地良いです スタッフの方々も感じ良くて お話も楽しくて またそちら方面に行く機会があれば 立ち寄りたいお店になりました 元市民球場って事もあって 好きな場所でもあるしね
スターバックス コーヒー 広島アルパーク店,5.0,user_0216,耳の不自由な女性の店員さんが何年か前から働いてますが とても一生懸命で笑顔がとても素敵でいつも応援してます 駐車券のサービス券も伝えた方が良いか悩みましたが店員から伝えて貰えました ありがとうの手話をしたら返してくれてとても嬉しかったです また来ます
スターバックス コーヒー 紙屋町シャレオ店,5.0,user_0217,夜9時過ぎにバイト終わりで寄りました バイト後で疲れてたけど店員さんの接客の良さと フレンドリーさですごく元気づけられました 広島の方はシャレオをよく通られる方も 多いと思うので身近にあっておすすめです
スターバックス コーヒー 広島市中央公園店,4.0,user_0218,フレンドリーな接客で素敵な時間を過ごせました トイレが男女兼用で１つしかないのは気になりましたが 外にもあるのでさほど気にはなりませんでした ただ連れがいなくて店内で過ごす場合は空くのを待つしかないかな 絶えず人が利用している感じです
スターバックス コーヒー 広島アルパーク店,5.0,user_0219,食器の返却は店内入り口にございます 100回ほど利用しました 転勤を機に通うようになり新作フラペチーノが出てワクワクする日も仕事で落ち込む日と色んな日をここで過ごしました 店員さんが全体的に明るく和かであり以前にもきたことを覚えてくれて話をしてくださる方も少なくありません 少し気になることが商品にあったとしても笑顔で対応してくださり後回しにすることなく迅速な対応して下さります プレスコーヒーの美味しさであったりケーキ等にチョコソースかけれること様々なことを教えて頂きました コーヒープレスの器具を購入する際にもサイズ感をどれにするか一緒に考えて下さりました ある日 店内の手書きの看板にてコーヒープレスを紹介しているのを見つけたのは推しが推されていて大変嬉しかったです 明日からは新作フラペチーノの発売ですがお店に行ってない自分を想像すると大変寂しいです また広島を訪れた際には寄らせて下さい ありがとうございました
スターバックス コーヒー 紙屋町シャレオ店,4.0,user_0220,店員さんは親切で親しみの持てる印象の方でした ドリンクのsizeに悩んでる方に直接コップを見せて説明をしてあげてました
スターバックス コーヒー 紙屋町シャレオ店,5.0,user_0221,メロンフラペチーノを注文 紙製のストローなので 混ぜ混ぜする時ストローがふにゃとなりそう メロンの爽やかさと生クリームの濃厚さのハーモニーが絶妙なおいしさでした
スターバックス コーヒー 広島市中央公園店,5.0,user_0222,お隣のグリーンアリーナでライブがあったので 涼みに立ち寄りました 外装も内装もめちゃくちゃ好きです お店は混んでいたもののパートナーさんの 対応も手際よく丁寧でした
スターバックス コーヒー 広島アルパーク店,4.0,user_0223,落ち着いて飲める店内 味もよい
スターバックス コーヒー 紙屋町シャレオ店,5.0,user_0224,ここのスタバは初めて利用しましたが 雰囲気はいいです 利用者は多いです
スターバックス コーヒー 紙屋町シャレオ店,5.0,user_0225,店員さんの笑顔と接客が素晴らしかったです ドーナツもとても美味しかった また広島に訪れた日に行きたいと思います
スターバックス コーヒー 広島市中央公園店,5.0,user_0226,ゲートパークが見えロケーションは最高 スタバはどこの店舗も接客良いので好きです 丁寧だしフレンドリーな会話もしてくれるのは嬉しいです
スターバックス コーヒー 広島アルパーク店,5.0,user_0227,朝8時から開いてます スタバは高いというイメージがあったので敬遠してましたが コーヒーのショートなら360円 広いテーブル席もあり良かったです
スターバックス コーヒー 紙屋町シャレオ店,3.0,user_0228,真夏ではない時に冷房が効きすぎて寒かったです
スターバックス コーヒー 紙屋町シャレオ店,5.0,user_0229,さすが 黒いエプロンを着られた方だけあります コーヒーではないですが ティーラテおいしかったです 広島市ではここが1番です
スターバックス コーヒー 広島市中央公園店,5.0,user_0230,公園内にあり 雰囲気が良いです 天気よければサイコーですね
スターバックス コーヒー 広島アルパーク店,5.0,user_0231,あらびきソーセージパイ ドリップコーヒー 頂きました サクッとパイにジューシーなソーセージがインしでます 粒マスタードが良いアクセントになっています お客さんが多い時でも 店外のテラスエリアや アルパークのベンチなどあるので助かります とても美味しかったです
スターバックス コーヒー 広島アルパーク店,4.0,user_0232,休日のくつろぎの一時 濃厚であま いラテに癒されました
スターバックス コーヒー 紙屋町シャレオ店,4.0,user_0233,コールドブリューコーヒー 飲みやすくておいしかった 雰囲気もとても良かった
スターバックス コーヒー 紙屋町シャレオ店,5.0,user_0234,カスタマイズもこうしたらいいですよとアドバイスくれたり 凄く親切でした
スターバックス コーヒー 広島市中央公園店,4.0,user_0235,広島ゲートパーク内の商業施設シミントヒロシマにあるスターバックスです とは云え シミントヒロシマの中でもスタバのみの独立した建物でしかも一歩 後ろに引いた青少年センターに近い場所に立地してます 3 31オープンで 4 01に訪れましたが 外まで長い行列をなしてました まぁ 特別なものは何もなく あったらいいなと思えるありがたい位置にあるスタバって感じ
スターバックス コーヒー 紙屋町シャレオ店,5.0,user_0236,男性の定員さんの接客が神対応です 勉強してるときにコーヒーを少しくださってほんとに感謝してます これからも通います
スターバックス コーヒー 広島市中央公園店,5.0,user_0237,場所的にやや混雑しがちなスタバです
スターバックス コーヒー 広島アルパーク店,3.0,user_0238,アルパーク内のお店なので外への眺めは期待出来ません ｴ だけど 大好きな飲み物を片手に人の流れを眺めるだけでも楽しめます o 最近 注文時に並ぶので出来る人は事前にスマホ等で予約した方が早めにドリンクにありつけます
スターバックス コーヒー 広島アルパーク店,4.0,user_0239,土日は非常に混むので 限定メニューは午前中の方が確実に飲めるかと思います 駐車場の割引チケットも対応しています 座席はそんなに多くはないですが テーブル席が少な目なので 少人数の方がゆっくりできるかと思います スタッフさんは丁寧で優しい対応でした
スターバックス コーヒー 広島アルパーク店,5.0,user_0240,今まで 色々な店舗に行き どこも標準化されたオペレーション 良い意味で と思っていましたが 同じ事でもこれだけ差を見いだせるのか と感じさせたのが このお店です 飲み物を頼むと 一緒に軽食はどうかと お勧めポイントを説明しながら提案し 要らないと言われたら さっと引っ込める潔さとスマートさ 飲み終わって カップを返却しに行けば 結構な混み具合なのに すかさず店員さんが寄って来て こちらで頂きます と声を掛ける目敏さ 更には 席でPC開いて仕事をしていたのを見ていたのか 退店の際には 行ってらっしゃいませ と声を掛ける心配り 出張でたまたま立ち寄っただけですが 近所だったら 通うだろうなと思わずにはいられないお店でした あのレベルを保つのは 大変だと思いますが 是非 頑張って下さい
スターバックス コーヒー 紙屋町シャレオ店,4.0,user_0241,限定店舗取扱のビーンズ スターバックスリザーブと クローバー マシンが常設してあるので 気分によっては 通常とは違ったコーヒーが楽しめます
スターバックス コーヒー 広島市中央公園店,5.0,user_0242,ブラックエプロンのお姉さんの接客が素敵です ω
スターバックス コーヒー 広島アルパーク店,5.0,user_0243,すいていて利用しやすい
スターバックス コーヒー 紙屋町シャレオ店,4.0,user_0244,コーヒーを頂きました 美味しく頂きました お手軽でとても便利です
スターバックス コーヒー 広島市中央公園店,4.0,user_0245,忙しい時間にお伺いしましたが 丁寧に対応していただきました 清潔感もあり また行きたいお店です 暑い時には おいしいコーヒーが心にしみますね
スターバックス コーヒー 広島市中央公園店,5.0,user_0246,広いので ゆったりできそうです
スターバックス コーヒー 広島アルパーク店,1.0,user_0247,忙しい時間帯に不慣れなスタッフをレジに入れないで欲しい その都度 別のスタッフに聞きに行き またはじめから注文や他の説明をしなくてはならず 不快な思いをした 高い商品を売っているが 集客率や人気が高く それでも良いと思っているのか お客さんに甘えないで欲しい
スターバックス コーヒー 広島アルパーク店,5.0,user_0248,競合他社の進出で もう少し元気が欲しいアルパーク そんな中でも おいしいコーヒーを出してくれるスターバックスはありがたいです 店員さんは 明るく丁寧な方が多いので気持ちよくコーヒーが飲めます ご飯の後 買物の合間の定番です 結構お客さんが入ってますが ウイルス対策もちゃんとされてます
スターバックス コーヒー 紙屋町シャレオ店,4.0,user_0249,週末にはここで石窯フィローネとマフィンを買っていきます いつも飲んでる飲み物はダークモカチップフラペチーノをグランデで注文してます
スターバックス コーヒー 広島市中央公園店,4.0,user_0250,コンセントがなかった 予定より早めに退店
スターバックス コーヒー 広島アルパーク店,1.0,user_0251,日曜日の朝コーヒーを飲みながら書き物をしようと思って伺いました コーヒーがぬるくてすごく残念でした スタバの他店で飲んだ時は熱いコーヒーが飲めて楽しめたのですが こちらはすぐに冷めてしまいました
スターバックス コーヒー 紙屋町シャレオ店,4.0,user_0252,普通のスターバックス 増量の注文が２つも抜けてたのと アーモンドミルク変更の札回収を言ってくれなかったから マイナス1です 久しぶりにスイーツも注文しましたが チーズケーキが予想より美味しくて満足
スターバックス コーヒー 広島市中央公園店,5.0,user_0253,雰囲気がいいスタバです
スターバックス コーヒー 広島アルパーク店,4.0,user_0254,言わずと知れた大手コーヒーチェーン店 寛ぎたい人もパソコンで作業している人もいる 店内に漂うコーヒーの香りでリラックスする 人気店故に席がいつも一杯 仕方なし
スターバックス コーヒー 広島アルパーク店,4.0,user_0255,午前中に行きました アイスカフェラテとワッフルを食べました 接客をして頂いた女性の方の笑顔と対応が印象的で朝から和みました また行きたいです
スターバックス コーヒー 紙屋町シャレオ店,4.0,user_0256,お気に入りのコーヒーを購入 パイクプレイスローストが好みです
スターバックス コーヒー 紙屋町シャレオ店,1.0,user_0257,列にしっかりと並んで 前の方が注文を終わられ レジに行き お待ちください と言われ待っていたにも関わらず 店員に ちゃんと並ばれましたか と言われたため はい と答えましたが 後ろからちゃんとお並びください と言われました 後ろに並んでいた別のお客さんが 私の前に並んでましたよと言ってくださらなかったら また並び直すところでした その後 その人からの謝罪もなかったです 飲食店でこんなにも不愉快な思いをしたことは今までなかったです 二度とこの店舗にはいきません
スターバックス コーヒー 広島アルパーク店,5.0,user_0258,美味しい
スターバックス コーヒー 広島市中央公園店,3.0,user_0259,平和の折り鶴ができます
スターバックス コーヒー 広島市中央公園店,4.0,user_0260,原爆ドームに近く 観光の途中で立ち寄るには便利です
スターバックス コーヒー 広島アルパーク店,5.0,user_0261,スタバのコーヒーが好きで特にベロナは我が家の食卓には欠かせません 一番近くのスタバなのてよく豆を買いに行きます 今は暑いので冷たいコーヒーをテイクアウトして帰ります ずっと営業続けてほしいです アルパークの憩いの場です
スターバックス コーヒー 紙屋町シャレオ店,4.0,user_0262,旅行中に訪れました 広島唯一のリザーブ店舗 サービスも良かったですよ
スターバックス コーヒー 広島市中央公園店,3.0,user_0263,席数もっと多ければ良いのになぁと思います 2階席とか R8 3月3日 退店する時 有り難うございました が聞こえなかった 客は少なかったが
スターバックス コーヒー 広島アルパーク店,4.0,user_0264,休日の店内はとても混んでいます 窓際の席が多く コンセントも使用する事が出来て便利です Wi Fiの入りも良いです 店員さんも丁寧で とても感じが良く気持ちよく過ごせます
スターバックス コーヒー 紙屋町シャレオ店,4.0,user_0265,広島へ来てはじめてスタバへ やはりカフェモカのホットがうまい ドーナツ食べながら落ち着ける
スターバックス コーヒー 広島市中央公園店,1.0,user_0266,ホットコーヒーの紙コップが不良品で滲み出るという斬新なサービスのスタバはここだけ
スターバックス コーヒー 広島アルパーク店,5.0,user_0267,店員さんが元気がよくとても丁寧で良かったです 店内の雰囲気ものんびりできる感じで清潔感があり満足出来ました
スターバックス コーヒー 紙屋町シャレオ店,5.0,user_0268,新しいコーヒー豆を買いに来たのですが 入ってすぐにクリスマスブレンドのコーヒーを試飲としてくださり 外が雨だったこともあり 心も体もとてもほっこりしました 店員さんの笑顔もとても素敵でした
スターバックス コーヒー 広島市中央公園店,1.0,user_0269,コーヒ豆を買いに立ち寄らせてもらいました ステンレスフィルターで挽いてもらい テープ止めの後に紙袋へ入れて渡して頂きましたが こちらの店舗ではシーラーを使用して密閉してくださらないのでしょうか 帰宅後に紙袋から出したら粉まみれでした 今後こちらの店舗での購入は遠慮させて頂きます
スターバックス コーヒー 広島アルパーク店,5.0,user_0270,昔からある店舗 今はアルパークがゴーストタウンのようになっているので穴場感がありますね 女性店員さんの笑顔の接客が素敵です
スターバックス コーヒー 広島アルパーク店,2.0,user_0271,店員さんはみなさん愛想よく丁寧なのたが 混んでいてもオペレーションが遅い 丁寧に早くこなせれば長い列は無くなるかな
スターバックス コーヒー 紙屋町シャレオ店,5.0,user_0272,広島県唯一のリザーブストアということで レンタカーのナビをセットして探しましたが 何周しても店舗の姿が確認できず そうなんです シャレオってのは地下街のことで 車中からお店は見えませんのでお気を付けください 店員さんはフレンドリーで美味しいコーヒーをいただきました
スターバックス コーヒー 広島市中央公園店,4.0,user_0273,近場を通った際に利用しました 人が並んで混んでいる時間でしたが そこまで待つ事なく購入できました
スターバックス コーヒー 広島アルパーク店,4.0,user_0274,アルパークの中にあるStarbucks テンポそのものがシャッター街の中 1番人気のお店です STARBUCKS COFFEE のなかでは比較的空いている店舗だと思います 夜に行ったのでフードは少なめでした ただ 全店対応と書いてあったQRコード決済が利用出来ないそうです
スターバックス コーヒー 広島アルパーク店,4.0,user_0275,普通のスターバックスです 全国一律のクオリティです 値段はそこそこしますがコーヒーの種類も揃っているので気軽に使えます
スターバックス コーヒー 広島アルパーク店,3.0,user_0276,スタバはスタバで 特にサービスがいい訳でもないんですが なぜか長蛇の列
スターバックス コーヒー 紙屋町シャレオ店,4.0,user_0277,初来店です 抹茶ラテを飲みました 味は思ってた以上に美味しかったです また機会があれば利用したいです
スターバックス コーヒー 広島市中央公園店,5.0,user_0278,雰囲気とても素敵でした 新しくできた公園なのかキレイでした
スターバックス コーヒー 広島アルパーク店,4.0,user_0279,アルパークの中では最も混雑しているお店です 平日の午前中は比較的空いていて お昼頃から徐々に混んできて 夕方以降は行列ができていることもあります 休日は店内の席が空いてなくてテラス席を利用したり持ち帰りになることもあります
スターバックス コーヒー 広島アルパーク店,4.0,user_0280,女性店員さんがかわいいし 笑顔も素敵 丁寧で好感しか持てない 男性店員には興味ないのでわからないです 女性店員さんに変わって欲しいとしか思わないです 女性店員さんはかわいい
スターバックス コーヒー 広島アルパーク店,5.0,user_0281,敷居高めの印象だったけど 慣れない私にもしっかり説明してくれたので気持ちよく利用できました スタバ変わった
スターバックス コーヒー 紙屋町シャレオ店,4.0,user_0282,何度かの改装を経て利用しやすく工夫された 過去には干からびた感じのパサパサのCakeが多かったが 近年はかなり良くなった 2階3階へは階段だが立地面積的にそれは仕方ないかもと思う 知名度もありランドマーク的な位置にあるので利用しやすい 時間にもよるが 並ぶ事も多い店舗ではある 人気の理由は メニューだけではなく店員の気配りや客への声掛けがいいため気持ちよい オススメ上手な店員が多いからというのもあるかも 生クリームは質感がイマイチ 私の好みではないだけかもしれないがミルキー感の風味に欠け白い脂といった感じ 季節や地域制を出しているグッズの仕掛け方が良いと思う
スターバックス コーヒー 広島アルパーク店,4.0,user_0283,静かな中ですごせます が ソファー席でがっつり寝てた人がいたのに見て見ぬふり 他のスタバでは声をかけて起こしてましたけど
スターバックス コーヒー 広島市中央公園店,4.0,user_0284,朝8時台 早めに空いてるカフェが以外にこの付近にないからありがたかった
スターバックス コーヒー 広島アルパーク店,3.0,user_0285,けっこう 落ち着いて過ごせますよ 店員さんも 親切ですし 比較的広く 駅から近いので 電車の時間迄過ごすのも
スターバックス コーヒー 紙屋町シャレオ店,5.0,user_0286,地下の通りにあるスタバで 他の地上の店舗よりも空いているのがうれしいです
スターバックス コーヒー 広島アルパーク店,5.0,user_0287,温かみのある素敵な接客に つい立ち寄りたくなります 同じものを扱っていても そこに少しの気遣いや気持ちがこもっていると 何だか美味しく感じられるから不思議なものです
スターバックス コーヒー 広島アルパーク店,3.0,user_0288,ストレート頼むより ラテ系頼む方がスタバの違いがわかりやすいと思いました アイスコーヒーも十分美味しいですが
スターバックス コーヒー 広島アルパーク店,5.0,user_0289,桃のフローズンを飲みました 桃の欠片が なんとも言えずおいしいです スタッフの方が親切丁寧で 更に美味しさアップでした
スターバックス コーヒー 広島アルパーク店,5.0,user_0290,店員さんのメニューの説明がわかりやすく 丁寧な対応で好感もちました またいきたいですね この日は 抹茶フラペチーノ を頂きました
スターバックス コーヒー 広島市中央公園店,5.0,user_0291,新しいスタバ 綺麗です
スターバックス コーヒー 紙屋町シャレオ店,5.0,user_0292,2023年3月15日 久しぶりに立ち寄りました 新発売のミルクコーヒーと さくらドーナツを頂き どちらもとっても美味しかったです スタッフの方々もいつも良い感じで居心地が良く お気に入りのお店の一つです
スターバックス コーヒー 紙屋町シャレオ店,4.0,user_0293,広島市の中心街 紙屋町の地下商店街 シャレオ 内の店舗 8人掛けの大きなテーブルと 地下街通路に面したカウンター5席には電源がありますが 他の2人用テーブル席 12卓だったと思います には電源はなし 荷物かけ用のフックあり 地下街なので天井は低めですが テーブルの間隔が広く ゆったりしています すぐ隣にタピオカミルクティーのゴンチャがあり こちらは販売カウンターのみで座席がないのですが 若い世代はこちらで買ってシャレオ内のベンチで飲むスタイルを好むようで スタバ店内の年齢層はやや高め タピオカブームの今だけかもしれませんが スタバのフリーWi Fiは店内で普通に拾えます
スターバックス コーヒー 広島アルパーク店,5.0,user_0294,アルパークに行けば必ず寄ります いつも人が多くにぎやかです お店のかたはいつも感じがよく ドリンクの提供も早いです
スターバックス コーヒー 広島アルパーク店,4.0,user_0295,ここはお店の方がとても笑顔がよく何時も行きたいのですがバイク置場が狭くわざわざ行っても置けなくて帰る事もありそれが難点です
スターバックス コーヒー 広島市中央公園店,4.0,user_0296,スターバックスはどこも感じ良いですね このお店は公園の中にあり 心地も良いですね
スターバックス コーヒー 広島市中央公園店,5.0,user_0297,近くに新しくスタバが出来たので行きました 定員さんが最高です
スターバックス コーヒー 紙屋町シャレオ店,3.0,user_0298,雰囲気は良い感じ レジで時間かかる客が多いです 客にも原因はありますが店員さんの容量が悪いです
スターバックス コーヒー 紙屋町シャレオ店,5.0,user_0299,私が小学生だった頃 広島で初めてスタバができるとワクワクして 母親と2人で初めてフラペチーノを買いました 席で飲もうとワクワクして母親の待つ席まで駆け足で向かうとすべってコケて床にフラペチーノをぶちまけました メソメソと席で泣く私に新しいフラペチーノのを差し出してくれた店員さんの 大丈夫でしたか と言う優しい言葉を今でも忘れることは出来ません 対応の迅速さ 優しさを20年たった今でも感謝しております この前久々にシャレオを通った時にたまたま目に入りこの思いを届けたいと思い投稿しました
スターバックス コーヒー 広島アルパーク店,5.0,user_0300,初スターバックスでした キャラメルフラペチーノは美味しかったが お腹がいっぱいにな なりました
スターバックス コーヒー 広島アルパーク店,3.0,user_0301,雰囲気があって いぃ感じです いつも並んで待つかんじなので なかなか入りません
スターバックス コーヒー 広島市中央公園店,4.0,user_0302,平日は 人も少なく明るい店内が落ち着いて良かったです
スターバックス コーヒー 紙屋町シャレオ店,1.0,user_0303,スタバは 今までは 完全に社員教育は 完璧と思っていましたが 残念なことに 商品を客様に渡される方が商品を間違えて 渡されました 私は乳製品アレルギーもある為 絶対アウト レシート確認すれば分かる事 パニックで確認をしてなかったとの事 それが仕事でしょうと思いさらにアウト また さらに人に渡した物を お待たせしましたと 渡そうとして また アウト このご時世 まさかスタバで とガッカリしました 黒エプロンのマイスターの方 コーヒーの知識凄いかもしれませんが すぐにパニックになる方を 最後の砦に配置されるのはどうかと思います スタバに対して絶対なる信頼をしていただけに残念でなりません
スターバックス コーヒー 広島アルパーク店,4.0,user_0304,テイクアウトのホットコーヒーカップ熱くてもてない 熱すぎて持てないので途中で捨てた
スターバックス コーヒー 広島アルパーク店,5.0,user_0305,接客対応は他のスタバに違わず良い どの時間帯もそこそこ混んでいます
スターバックス コーヒー 広島市中央公園店,5.0,user_0306,店員さんの愛想がいい 受け渡しの時が良かったです
スターバックス コーヒー 広島アルパーク店,4.0,user_0307,人は 少ないかな お買い物ついでに立ち寄りました また いきたいです
スターバックス コーヒー 広島市中央公園店,5.0,user_0308,いつの時代になってもサードプレイスです
スターバックス コーヒー 紙屋町シャレオ店,5.0,user_0309,紅茶を初めて飲みました 好みを伝えると丁寧に提案してくださり 勉強にもなり嬉しい 次は何にしようか と また行きたくなります 並びますが 美味しく笑顔な対応に元気をもらえる
スターバックス コーヒー 広島アルパーク店,5.0,user_0310,とても良い 夜に数回行ったが男性女性ともスタッフの方丁寧で感じがよかった
スターバックス コーヒー 紙屋町シャレオ店,4.0,user_0311,広島唯一のリザーブ店ではありますが 意外とグリーンエプロンばかりです しかしながらここのグリーンエプロンはブラックエプロンにも引けを取らない知識量と気配りを身につけており 賑やかながら居心地の良いと空間を提供してくれます 店内が賑やかなので落ち着いて長居は出来ませんが
スターバックス コーヒー 広島アルパーク店,4.0,user_0312,ソイラテが大好き 店員さん 若い女性の方だった 優しくて笑顔が素敵でした
スターバックス コーヒー 広島アルパーク店,4.0,user_0313,新しい人が増えてきたせいか接客の質が落ちてきてる あと知識不足の人も目立つが 普通にコーヒー飲んでゆっくり過ごすには十分な空間
スターバックス コーヒー 広島アルパーク店,5.0,user_0314,店員さんの接客が素晴らしく 珈琲セミナーも楽しく盛り上がってました
スターバックス コーヒー 広島市中央公園店,5.0,user_0315,アイスコーヒーいただきました
スターバックス コーヒー 紙屋町シャレオ店,5.0,user_0316,いつものスターバックスコーヒーをいただきまきた チョコレートケーキもいただきました
スターバックス コーヒー 紙屋町シャレオ店,4.0,user_0317,気温が暖かいのか ここの上に乗せる生クリームは他の店舗より早くぺちゃんこになる気がします それ以外は対応も普通に良い感じです 個人的には NHKの店舗のが雰囲気も店員さんの対応も好きです
スターバックス コーヒー 紙屋町シャレオ店,4.0,user_0318,リフレッシュに一杯のコーヒーが最高に美味しいです 店員さんもとても親切で お客さんも静かに会話を楽しんでいる素敵な空間です
スターバックス コーヒー 広島アルパーク店,3.0,user_0319,フラペチーノがイチゴもメロンも売り切れ 残念
スターバックス コーヒー 広島市中央公園店,4.0,user_0320,スターバックス前から原爆ドームの景色です
スターバックス コーヒー 紙屋町シャレオ店,1.0,user_0321,ブラックエプロンの方に持ち帰りで袋お願いしたら嫌な顔をされました 片手に荷物持ってるのにドリンク２つ持ち歩きで飲むと思ったのでしょうか 配慮も親切のかけらもない 前から比べると質が凄く落ちました
スターバックス コーヒー 紙屋町シャレオ店,5.0,user_0322,店内も綺麗で対応も良かったです
スターバックス コーヒー 広島アルパーク店,4.0,user_0323,笑顔で接客してくれます 店内は少し狭い印象
スターバックス コーヒー 紙屋町シャレオ店,5.0,user_0324,いつも利用しているのですが 新作や定番メニューのどれも美味しくて仕事前や後にリフレッシュできることや 店員さんの親切な対応が笑顔になれます
スターバックス コーヒー 広島市中央公園店,4.0,user_0325,普通のスタバです
スターバックス コーヒー 広島アルパーク店,5.0,user_0326,モーニングに利用しました サンドイッチの種類も豊富で美味しかったです
スターバックス コーヒー 紙屋町シャレオ店,1.0,user_0327,味や接客態度は全く問題ないのだけど フードを並べてあるショーケースの中に小蝿が集ってるのはヤバいと思う 店員さんも気付いてないし客も見えてないのか気にせず頼んでるのを見て気分が悪くなった
スターバックス コーヒー 広島アルパーク店,5.0,user_0328,珍しく空いていたのでケーキと珈琲でゆっくり過ごしました
スターバックス コーヒー 紙屋町シャレオ店,2.0,user_0329,オーダーしてから出来上がるまでに時間がかかり過ぎてガッカリ 接客はどこのスタバに行っても素晴らしいです
スターバックス コーヒー 広島アルパーク店,5.0,user_0330,電子タバコなら吸えるので一息したいなら良いと思うかな
スターバックス コーヒー 広島アルパーク店,1.0,user_0331,めったに行きませんが いっも お客さんが 8割位は入ってますね
スターバックス コーヒー 広島アルパーク店,2.0,user_0332,スタバって入りやすい
スターバックス コーヒー 広島アルパーク店,3.0,user_0333,いつも人が多いですが 店員さんは親切です
スターバックス コーヒー 広島アルパーク店,3.0,user_0334,アルパークの中にあるので行きました 混雑していましたが あまり待ち時間もなく過ごす事が出来ました
スターバックス コーヒー 広島市中央公園店,4.0,user_0335,シャレオツな店舗
スターバックス コーヒー 広島アルパーク店,4.0,user_0336,シフォンケーキホワホワで美味しかった
スターバックス コーヒー 紙屋町シャレオ店,2.0,user_0337,オリアートを注文したが 提供の際にバリスタの説明など特に無く 目が点になった 入店した際にも いらっしゃいませ の一言もなかったので嫌な予感はしていたが スターバックスのオペレーションってこの程度 リザーブ店とはいったい
スターバックス コーヒー 紙屋町シャレオ店,5.0,user_0338,地下街のシャレオにあるお店 煉瓦を使った壁 むく材を使った大きなテーブル リザーブのカウンターなど 一部のお店に導入されているスペシャルな内装 フードの陳列 ブラックボードのチョーク絵も素敵 この日は空いていたので居心地はとても良かった
スターバックス コーヒー 広島市中央公園店,5.0,user_0339,Arigatou gozaimasu Pōrando
スターバックス コーヒー 紙屋町シャレオ店,4.0,user_0340,2021 11 初訪問しました ドリップコーヒーが美味しいです
スターバックス コーヒー 広島アルパーク店,5.0,user_0341,難聴の為 店員さんが いつも身振り ゆっくりと話しかけてくれます
スターバックス コーヒー 広島アルパーク店,1.0,user_0342,クーラー効きすぎでしょ 近隣で1番寒い店舗
スターバックス コーヒー 広島アルパーク店,5.0,user_0343,買い物ついでに寄ってみました 暇つぶしにぜひ
スターバックス コーヒー 広島市中央公園店,4.0,user_0344,環境がとても良い ノンビリ出来る
スターバックス コーヒー 紙屋町シャレオ店,5.0,user_0345,昨日友達と昼前行った時 おそろいですか とか言ってくれるめちゃくちゃフレンドリーな女性の店員さんがいて神対応すぎた 会話も弾む ほんまもっかい行きたくなったわー
スターバックス コーヒー 広島市中央公園店,4.0,user_0346,普通のスタバ
スターバックス コーヒー 紙屋町シャレオ店,4.0,user_0347,気配り心配りのできた対応とテキパキとお仕事をされているように思いました コーヒーはスッキリとした印象でした
スターバックス コーヒー 紙屋町シャレオ店,5.0,user_0348,ヴィーガンメニューもあってスタッフの方も 皆さん親切です
スターバックス コーヒー 広島アルパーク店,5.0,user_0349,いつも笑顔でテキパキ対応していただき よく利用しています
スターバックス コーヒー 広島アルパーク店,5.0,user_0350,比較的混雑していません RESERVEが無くなったのは残念
スターバックス コーヒー 広島アルパーク店,4.0,user_0351,スタッフさんはみなさん親切ですよ
スターバックス コーヒー 広島市中央公園店,5.0,user_0352,落ち着ける場所です
スターバックス コーヒー 紙屋町シャレオ店,1.0,user_0353,LINEギフトのドリンク券700円を使おうとカプチーノと抹茶ティーラテを頼んだらドリンク1商品にしか使えませんけどいいですか と聞かれ仕方なく抹茶ティーラテだけを適用して貰いました 普通ドリンク券ならドリンク１回の会計で700円適用かと思いました 何だか損した気分で残念でした
スターバックス コーヒー 広島アルパーク店,5.0,user_0354,黒エプロンの店員さんがすごく丁寧だった
スターバックス コーヒー 広島アルパーク店,3.0,user_0355,普通のスタバだけど 店員さんの接客は普通より良かった
スターバックス コーヒー 広島アルパーク店,5.0,user_0356,平日はゆったり過ごせます
スターバックス コーヒー 広島市中央公園店,4.0,user_0357,メロンフラペチーノ
スターバックス コーヒー 紙屋町シャレオ店,1.0,user_0358,ドリンクを提供してくださった女性の方の愛想が悪すぎて驚いてしまいました スタバでこんな悲しい思いをしたことがなかったので悲しいです
スターバックス コーヒー 広島アルパーク店,4.0,user_0359,砂糖中毒氾濫源だが シンプルライフ出来ます black coffeeに紅茶 ほうじ茶 健康第一
スターバックス コーヒー 広島市中央公園店,4.0,user_0360,ゲートパークにあるスタバ 窓が大きくて明るい雰囲気
スターバックス コーヒー 紙屋町シャレオ店,5.0,user_0361,地下にあって外の温度に左右されず快適です 個人的にはビジネスに窓側のカウンターを利用しています
スターバックス コーヒー 紙屋町シャレオ店,4.0,user_0362,イートンでストロベリーフラペチーノを頂きました 並んでいる時間に注文を聞いてくれたのでスムーズに支払いまで出来ました
スターバックス コーヒー 紙屋町シャレオ店,4.0,user_0363,スタバの広島県1号店 広島中心部のスタバの中では比較的落ち着いていて居心地がいい店舗です
スターバックス コーヒー 広島アルパーク店,4.0,user_0364,この店舗に限った訳じゃあないがwifiが不調
スターバックス コーヒー 紙屋町シャレオ店,4.0,user_0365,オープン当初は毎日 毎朝通ってました 久しぶりにコーヒー豆 購入しました パプアニューギニア ありました スタッフの方も感じ良く 又行きます
スターバックス コーヒー 紙屋町シャレオ店,3.0,user_0366,広島繁華街の地下に有るスターバックス
スターバックス コーヒー 広島アルパーク店,5.0,user_0367,コーヒー飲み過ぎで アールグレイとアップルパイ
スターバックス コーヒー 広島アルパーク店,5.0,user_0368,初めてのアルパークスタバ 感じよくて親しみあり
スターバックス コーヒー 広島アルパーク店,5.0,user_0369,笑顔がとても素敵なスタッフさんばかりでした
スターバックス コーヒー 広島アルパーク店,3.0,user_0370,店員の感じが良かったです
スターバックス コーヒー 広島アルパーク店,4.0,user_0371,お茶したい と思ったときに ここがあれば ひと安心
スターバックス コーヒー 広島アルパーク店,5.0,user_0372,連休でもそんなに混雑してなかったです
スターバックス コーヒー 広島アルパーク店,4.0,user_0373,水をこぼしちゃいましたが すぐに気づいて拭いてくれました
スターバックス コーヒー 広島アルパーク店,3.0,user_0374,スイーツ が全体的に甘め アイスティーとかが美味しい
スターバックス コーヒー 広島市中央公園店,5.0,user_0375,LINEギフトを頂いたので 人気のストロベリーフラペチーノ チョコソース チョコチップをいただきました 店員さんが可愛く 優しく接してくれ お客様全員にサービスをしていました また来ようと思える接客でした ありがとうございます
スターバックス コーヒー 紙屋町シャレオ店,2.0,user_0376,本通りと並木通りの交点にあり 便利で素敵なお店な反面 めちゃくちゃ混んでる 泣 と 書いたら 場所間違えてる 恥ずかしい でも お昼や夕方は凄い混んでる 落ち着けのは 間違いないけど
スターバックス コーヒー 広島アルパーク店,5.0,user_0377,店員さんがステキでしたよ
スターバックス コーヒー 紙屋町シャレオ店,4.0,user_0378,出入り口が自動でないので ベビーカーの出入りは難しいですが 店員さんがサポートしてくださったりと対応の良い店舗です
スターバックス コーヒー 広島アルパーク店,4.0,user_0379,ストロベリーベリーマッチフラペチーノ 名前はややこしいけどそのややこしさ以上に美味しかったです
スターバックス コーヒー 紙屋町シャレオ店,5.0,user_0380,店員さんの 接客態度が素晴らしい スイーツの種類が多く 何を食べるか迷ってしまいます
スターバックス コーヒー 広島アルパーク店,3.0,user_0381,ちょっと狭いですが 手軽に過ごせる場所です
スターバックス コーヒー 広島アルパーク店,3.0,user_0382,休みの日は いつも外まで並んでます
スターバックス コーヒー 広島市中央公園店,5.0,user_0383,メロンフラペチーノを飲みに立ち寄る まずテーブルのQRコードから注文できるとあったので座ってQR読み込んでたら何故かいい笑顔の店員さんにお礼言われて小さなカップに入ったコーヒーを頂いた ありがたくそれを傾けつつ手続き が 数回表示し直しても 現在対応してません という表示 カウンターでその旨説明すると伝言ゲームでそれを聴いた別の店員さん慌てて謝罪してすぐ設定に向かう どれくらいかかるのか分からんので結局カウンターで注文 まだ朝8時過ぎたばかりだが週末だからかそこそこ席は埋まっている これ土日日中は席空いてないやろなとか思いつつ朝飯にと一緒に買った ハム チーズ 石窯カンパーニュサンド を堪能 予想通りそれから幾ばくもしないうちに窓の外を通り過ぎる通行人の数が急激に増え 徐々に客の数も増え始める ここに来るなら少人数で平日か休日の早い時間が良さげだなと思つつ完食 ゴミなどを捨てるコーナーの下に利用グラスや皿などを仕舞う場所があったのでそこに仕舞う 退店時の店員さんの ありがとうございましたー という言葉と笑顔 最後までとても気持ちのいい店でした
スターバックス コーヒー 紙屋町シャレオ店,2.0,user_0384,モバイルオーダーであんなに待たされたのは初めてだ 対応が難しい商品ならモバイルオーダーから外すべきだし そもそもモバイルオーダーに対応しきれないなら止めればいい
スターバックス コーヒー 紙屋町シャレオ店,5.0,user_0385,注文して出来上がるのを待ってたら貧血になり店員さんに体調悪いので出来たら持って来て下さいと伝えたら注文の品と お水を持って来ていただき具合悪かったら何時でも又おっしゃって下さいと気を使っていただき有難かったです ありがとうございました
スターバックス コーヒー 広島アルパーク店,4.0,user_0386,アルパーク東館にあります 店舗綺麗です
スターバックス コーヒー 広島アルパーク店,5.0,user_0387,スタッフさんがとても感じ良いです
スターバックス コーヒー 広島アルパーク店,4.0,user_0388,買い物前にゆっくりできます
スターバックス コーヒー 広島アルパーク店,4.0,user_0389,ここは利用したことないんです
スターバックス コーヒー 広島アルパーク店,2.0,user_0390,何でもすごく美味しい でも値段は高い
スターバックス コーヒー 広島アルパーク店,5.0,user_0391,店員の渡す時のコメントが素晴らしい
スターバックス コーヒー 広島市中央公園店,5.0,user_0392,彼らがここで作り上げた空間が本当に気に入りました スターバックスカフェやコンビニエンスストアなど たくさんのお店が 美しい公園や緑に囲まれ たくさんの座席でくつろげます 建物自体も美しく それだけでも訪れる価値があります スターバックス自体も 皆さんがお馴染みのスターバックスらしさ 美しい建築 そしてたくさんの座席が揃っています とてもリラックスできるので ぜひ訪れてみてください
スターバックス コーヒー 紙屋町シャレオ店,5.0,user_0393,とても美味しいコーヒーほんのり甘く良かった 接客がすごく良いのでまた行きたいです
スターバックス コーヒー 広島アルパーク店,4.0,user_0394,ホワイトチョコレートスノー ホット
スターバックス コーヒー 紙屋町シャレオ店,5.0,user_0395,いつもスタッフさんたちが丁寧に対応してくれて とても気持ちがいいです ドリンクを倒してこぼしてしまったときも 服は大丈夫ですか と言ってくれました
スターバックス コーヒー 広島アルパーク店,5.0,user_0396,スタッフさんの対応がよかった
スターバックス コーヒー 広島市中央公園店,5.0,user_0397,スバックはどこでもあっていい もう桜エディション出てきた スタッフの親切 コーヒー味もグッド
スターバックス コーヒー 紙屋町シャレオ店,4.0,user_0398,時々昼過ぎに行くことが多いのですがお昼に通りがかり昼ご飯を食べに行きました
スターバックス コーヒー 広島アルパーク店,4.0,user_0399,ゆったりした時間を過ごせます
スターバックス コーヒー 広島アルパーク店,3.0,user_0400,店内の椅子が増えればなおよし
スターバックス コーヒー 広島アルパーク店,5.0,user_0401,とにかくスタッフさんが良き
スターバックス コーヒー 広島アルパーク店,5.0,user_0402,リラックス出来 つい長居してしまう
スターバックス コーヒー 広島アルパーク店,3.0,user_0403,相変わらずの美味しさです
スターバックス コーヒー 紙屋町シャレオ店,5.0,user_0404,たまーに飲みにくる程度ですが広すぎず一人で飲むと待ったり過ごせます コーヒーもおいしいです
スターバックス コーヒー 広島市中央公園店,5.0,user_0405,ホテルの隣の公園散歩中に雨を避けに入ってきました 店舗は大きくなく ゆとりを楽しむ人で3分の1で埋められました 日本のスターバックスのスタッフはいつも親切ですが ここのスタッフはより親切でした 席をつかむとコーヒーもテーブルに持ってきてくれました アメリカーノの試飲もいただいて気持ちがいいですね
スターバックス コーヒー 広島アルパーク店,3.0,user_0406,綺麗な店内です
スターバックス コーヒー 広島アルパーク店,5.0,user_0407,スタバにににあわずショッピングモールの中にあります
スターバックス コーヒー 紙屋町シャレオ店,4.0,user_0408,友達夫婦の還暦祝いにリザーブの赤いタンブラーを購入しました 仕事に持っていける と友達夫婦も喜んでくれて私も嬉しいてす
スターバックス コーヒー 広島アルパーク店,5.0,user_0409,落ち着いてゆっくり くつろげた
スターバックス コーヒー 広島市中央公園店,5.0,user_0410,ロケーションが気に入りました 店内にはたくさんの座席があります スタッフはフレンドリーで コーヒーはいつものように美味しかったです
スターバックス コーヒー 紙屋町シャレオ店,5.0,user_0411,今日混んでました 子供連れだったのもあり 補助椅子まで出して頂き席を用意して頂きました お陰でゆっくり楽しみました
スターバックス コーヒー 紙屋町シャレオ店,5.0,user_0412,旅先で利用 地下にあるので注意
スターバックス コーヒー 紙屋町シャレオ店,3.0,user_0413,普通です ランチで行ったのですが 少し人が多かったです 2人で行ったのですが 1人の人が多く少し会話しにくかったです もちろん小声ですが
スターバックス コーヒー 紙屋町シャレオ店,3.0,user_0414,場所柄 ガヤガヤした感じ 落ち着いて寛げるカフェではありません スタッフさんは親切です
スターバックス コーヒー 広島アルパーク店,3.0,user_0415,カウンター席のみ電源とれる
スターバックス コーヒー 広島アルパーク店,5.0,user_0416,家から近いから嬉しい
スターバックス コーヒー 広島アルパーク店,5.0,user_0417,美味しいコーヒー店です
スターバックス コーヒー 広島アルパーク店,5.0,user_0418,落ち着いた雰囲気で良い
スターバックス コーヒー 広島アルパーク店,3.0,user_0419,良くも悪くも普通のスタバ
スターバックス コーヒー 広島アルパーク店,3.0,user_0420,普通のスタバでした
スターバックス コーヒー 広島市中央公園店,5.0,user_0421,原爆ドームから広島城へ向かう中 涼しい飲み物一杯のところがないかと思うが 正面にスターバックスがぴったり見えた なんか可愛い感じの建物だったし 内部もすっきりと十分広い空間だった シーズンメニューのメロンフラプチーノがまだあると思っていたが いちごフラプチーノに変わったのを見ると期間が過ぎたかより 友人はいちごフラプチーノ 私は抹茶ラテを注文しましたが 友人はいちごフラプチーノがおいしいとびっくりし 私は抹茶ラテがおいしかったので驚きました お互いに少しずつ変えて味も見て 内側の座席だけでなく 屋外テラス席が適度な色合いと一緒にゆとりを楽しむことができた 広島城が待っていたので そんなに余裕がありませんでした
スターバックス コーヒー 広島アルパーク店,5.0,user_0422,スタッフが非常に感じが良い
スターバックス コーヒー 広島アルパーク店,4.0,user_0423,専門店オープン前の喫茶に
スターバックス コーヒー 広島アルパーク店,3.0,user_0424,普通だね
スターバックス コーヒー 紙屋町シャレオ店,5.0,user_0425,店員さんが優しいです 地下だからかちょっとだけ人も少ないのでゆっくりできます
スターバックス コーヒー 広島アルパーク店,3.0,user_0426,可もなく不可もなく
スターバックス コーヒー 広島アルパーク店,4.0,user_0427,残るのかな
スターバックス コーヒー 広島アルパーク店,5.0,user_0428,コーヒーが飲めます
スターバックス コーヒー 広島市中央公園店,2.0,user_0429,コーヒーレビュー 普段はコーヒーチェーン店には行かないのですが コーヒーが飲みたくてこのお店にたどり着きました コーヒー シンプル ダブルショットのカフェラテ パンとバター もしくはシンプルなコーヒー のような味です コーヒーの焙煎 焦げ目がはっきりしていて 深みのある濃いコーヒーで 繊細さはほとんどありません スターバックスの基準だとは思いますが 個人的にはあまり美味しくないと思います ミルク バリスタが薄く 熱く ボディが欠けていて あまり美味しくありませんでした 全体的に見て 500円でこのコーヒーは期待外れでした マシュマロなどが入った豆乳デカフェバニララテがお好みでないなら スペシャルティコーヒーショップを探した方が良いでしょう まあ それはあなたも私も分かっていたことです
スターバックス コーヒー 広島アルパーク店,4.0,user_0430,美味しいです
スターバックス コーヒー 紙屋町シャレオ店,4.0,user_0431,広島唯一のreserveのコーヒーがとても美味しく いつも楽しみにしております スタッフの方の対応もあたたかいです
スターバックス コーヒー 紙屋町シャレオ店,4.0,user_0432,混んでいるので空席が少ないですが １人なら空きがありました
スターバックス コーヒー 紙屋町シャレオ店,4.0,user_0433,シャレオ内にあるから人が多いのかもしれないけど 期間限定が早めに無くなる 私に運が無いだけかもしれんが
スターバックス コーヒー 紙屋町シャレオ店,5.0,user_0434,店員さんがいつも笑顔で感じがいいです シャレオを通るときはよく利用します
スターバックス コーヒー 広島市中央公園店,4.0,user_0435,立地は素晴らしいのですが サービスは改善の余地があります 簡単な注文なのに待ち時間がかなり長く やっと届いたカプチーノは薄く コーヒー本来の風味が感じられませんでした このフィードバックが今後の改善に役立つことを願っています
スターバックス コーヒー 広島アルパーク店,4.0,user_0436,雰囲気がいい
スターバックス コーヒー 紙屋町シャレオ店,1.0,user_0437,学園祭の出店かな オーダーもデリバリーもかなり並んでるのに レジにもつかず メニュー配るとかもせず ただキャッキャじゃれ合ってる
スターバックス コーヒー 紙屋町シャレオ店,1.0,user_0438,新人だったのかな スタバとは思えないお粗末な接客でしたね 先輩方のサポートに期待します
スターバックス コーヒー 紙屋町シャレオ店,4.0,user_0439,フラペチーノ最高
スターバックス コーヒー 紙屋町シャレオ店,5.0,user_0440,コンシェルジュが とても丁寧に対応してくださるので 好感と信頼がもてます 店内も明るくて綺麗です
スターバックス コーヒー 広島市中央公園店,4.0,user_0441,メモリアルパークを訪れた後の休憩にぴったりのスターバックス 店内と屋外の席があり 快適で清潔 ドリンクと食事はいつも通り
スターバックス コーヒー 広島アルパーク店,4.0,user_0442,静かです
スターバックス コーヒー 広島アルパーク店,4.0,user_0443,普通のSTB
スターバックス コーヒー 広島アルパーク店,4.0,user_0444,いつものスターバックスです
スターバックス コーヒー 広島アルパーク店,3.0,user_0445,たまにいく
スターバックス コーヒー 広島アルパーク店,3.0,user_0446,普通のスタバ
スターバックス コーヒー 紙屋町シャレオ店,3.0,user_0447,数多くのスタバに行きましたがここまでオシャレな店舗はあまりないです 混んでいるのが難点です
スターバックス コーヒー 紙屋町シャレオ店,4.0,user_0448,色々スタバ行きますが くつろげる店舗のひとつでは 市内地下街にコーヒー専門店がないのでありがたいです
スターバックス コーヒー 広島市中央公園店,3.0,user_0449,このスターバックスには屋外テーブルがいくつかあり 植物由来の食べ物の選択肢がいくつかあるのは良かったのですが 専用の WiFi はなく 市営の無料 WiFi サービスは今のところ使えないことが判明しました
スターバックス コーヒー 広島アルパーク店,5.0,user_0450,うまい
スターバックス コーヒー 広島市中央公園店,5.0,user_0451,このスターバックスは素敵なエリアにあります 雰囲気も良く スタッフもフレンドリーで 飲み物も美味しかったです
スターバックス コーヒー 紙屋町シャレオ店,4.0,user_0452,仕事をしに寄るのには使いやすいロケーションです
スターバックス コーヒー 広島アルパーク店,4.0,user_0453,コーヒー
スターバックス コーヒー 紙屋町シャレオ店,5.0,user_0454,お店の方の対応もよくて いつもひとりでフラッと立ち寄れる大好きなスタバです
スターバックス コーヒー 紙屋町シャレオ店,5.0,user_0455,朝 コーヒーを買いに行くと 行ってらっしゃいと言ってくれてなんだか嬉しかった
スターバックス コーヒー 紙屋町シャレオ店,5.0,user_0456,ご当地フラペチーノ 美味しいですよ
スターバックス コーヒー 紙屋町シャレオ店,4.0,user_0457,地下にあり 基本的には短時間利用が主なターゲットだと思うが 時間調整のために使うならいい店だと思った
スターバックス コーヒー 紙屋町シャレオ店,4.0,user_0458,場所柄 混むので仕方ないが マナーの悪い客のせいで雰囲気が悪くなる お店自体はいいのですが
スターバックス コーヒー 広島市中央公園店,5.0,user_0459,ご飯食べて散歩して聞こえていい 韓国人のソウルフードああを食べるにはスバックは必須
スターバックス コーヒー 広島アルパーク店,3.0,user_0460,アルパーク2階 グッズなども他店では無いものがまだ店頭に在庫があったり穴場的店舗 駅から近いので 学生などが多く騒がしい時間帯もあるが 平日はほぼ空いていてゆっくり出来る オープンから21年も経つのですね これからも頑張ってほしい
スターバックス コーヒー 紙屋町シャレオ店,2.0,user_0461,週末はかなりの確率で座れんけ イートイン出来んと思って行くのがオススメじゃ
スターバックス コーヒー 紙屋町シャレオ店,5.0,user_0462,健康診断後に一息 心地よい空間 とても丁寧で優しい パートナーばかりでした
スターバックス コーヒー 広島市中央公園店,5.0,user_0463,原爆ドームを見学し 広島城へ歩いて行く途中で一杯のコーヒーに最適な場所 観光客が多くなく むしろ地元の人が多かったし 概して静かでコーヒー飲みが良かった 店もきれいでスタッフも親切さ
スターバックス コーヒー 広島アルパーク店,5.0,user_0464,アルパークモールで買い物をする時は 必ずここに立ち寄ります ここの店員さんはいつもとても親切で 親身になって対応してくれるんです フレンドリーなスタッフのおかげで 何度も通ってしまうんです
スターバックス コーヒー 広島市中央公園店,5.0,user_0465,日本各地のスターバックスに行ったことがありますが ここのスタッフは本当に素晴らしくて親切でした パートナーと二人で店内でドリンクを2杯注文しました 店内は清潔で整頓されていて トイレも完備されていました ありがとうございました コーヒーも美味しく 雨の日でも静かで心地よい空間で過ごせました
スターバックス コーヒー 広島アルパーク店,4.0,user_0466,人が多すぎて長く 30分以上 待たなければなりません
スターバックス コーヒー 広島アルパーク店,5.0,user_0467,いつものように素晴らしい接客サービスでした コーヒーと軽食は少し高めですが 季節限定のドリンクもあります
スターバックス コーヒー 広島アルパーク店,5.0,user_0468,スタッフは素晴らしい とてもプロフェッショナルでフレンドリー サービスも迅速ですが 椅子が少し座り心地が悪いです それ以外は申し分ありません
スターバックス コーヒー 紙屋町シャレオ店,4.0,user_0469,シャレオ 地下街 にあるので 外の風景を眺めながら コーヒーを飲むといった事はできないけど落ち着いた雰囲気はある
スターバックス コーヒー 広島市中央公園店,5.0,user_0470,素晴らしいサービスでした 普通のスターバックスよりも お客様への気配りが行き届いていました コーヒーと抹茶ラテも美味しかったです 地元のデザートもとても美味しかったです
スターバックス コーヒー 紙屋町シャレオ店,5.0,user_0471,店員さんの対応が親切で礼儀正しかったです 新作すごく美味しいです
スターバックス コーヒー 広島市中央公園店,5.0,user_0472,古いスタジアムを新たな視点で眺める スターバックスで新しいカップを買う 旅のささやかな瞬間を楽しむ
スターバックス コーヒー 広島アルパーク店,5.0,user_0473,ここは活気のある場所です ノートパソコンでの作業効率を高めるのにちょうど良い 適度な活気のある環境を手に入れましょう
スターバックス コーヒー 広島アルパーク店,2.0,user_0474,典型的なロボットが運営する ありきたりで値段も高すぎる 味気ないスターバックスです
スターバックス コーヒー 紙屋町シャレオ店,4.0,user_0475,メロンのフラペチーノが売り切れで残念
スターバックス コーヒー 紙屋町シャレオ店,5.0,user_0476,以外と空いてるから 行きやすいです
スターバックス コーヒー 広島市中央公園店,5.0,user_0477,とても親切なスタッフと超高速のサービス
スターバックス コーヒー 広島市中央公園店,5.0,user_0478,私は外国人であり 馬は痛いですが とても親切でした 日本でしか食べられないメロン飲料は高級な味であってよかった
スターバックス コーヒー 紙屋町シャレオ店,3.0,user_0479,いつものスターバックス
スターバックス コーヒー 紙屋町シャレオ店,3.0,user_0480,いつも混雑しています 支払いまでの間 試飲がある時はイライラも少しは少なくなります
スターバックス コーヒー 紙屋町シャレオ店,5.0,user_0481,とてもいい雰囲気でくつろげました
スターバックス コーヒー 広島市中央公園店,5.0,user_0482,原爆ドームで広島城を訪れる方は 途中で休みたいときに立ち寄ればいいと思います
スターバックス コーヒー 紙屋町シャレオ店,4.0,user_0483,ただてさえ少ない席を独占して使ってる客が多いですが スタッフ対応は最高です
スターバックス コーヒー 広島市中央公園店,5.0,user_0484,どこに行ってもフレンドリーなスターバックス 今回の限定メニューは化粧品味が出ますね
スターバックス コーヒー 紙屋町シャレオ店,5.0,user_0485,八丁堀近辺の店舗と比べると客が少なく高確率で座れる 穴場スポット
スターバックス コーヒー 紙屋町シャレオ店,3.0,user_0486,なかなか美味しそうなのがありますが値段はちょっと高すぎです
スターバックス コーヒー 紙屋町シャレオ店,4.0,user_0487,入りやすくて落ち着きますよ
スターバックス コーヒー 紙屋町シャレオ店,5.0,user_0488,変わらないサービスのよさとおいしさ 場所柄 よく混雑します
スターバックス コーヒー 紙屋町シャレオ店,4.0,user_0489,ほっと一息するのにピッタリな場所です コーヒーもスイーツも美味しいです
スターバックス コーヒー 紙屋町シャレオ店,4.0,user_0490,店員がにこやかで気持ちの良い対応をしてくれました
スターバックス コーヒー 広島市中央公園店,5.0,user_0491,美しい建物に快適な空間を持つスターバックスです
スターバックス コーヒー 紙屋町シャレオ店,5.0,user_0492,スタッフさんの対応が早いし丁寧 良く行きますが優しい声掛けしてくれて嬉しい
スターバックス コーヒー 広島市中央公園店,5.0,user_0493,このスターバックスのカスタマーサービスは本当に素晴らしいです 接客してくれた2人の店員さんは とても親切で 私のつたない日本語での会話にも快く応じてくれました 注文を取ってくれた女性は カップのスリーブに漢字で ありがとう と書いてくれました 一生大切にします 本当に素敵な心遣いでした 親切にしていただき ありがとうございました
スターバックス コーヒー 紙屋町シャレオ店,3.0,user_0494,人は多いから曜日と時間によっては席に座れないこともしばしば 要注意
スターバックス コーヒー 紙屋町シャレオ店,4.0,user_0495,朝通りますが 朝なんで空いてません
スターバックス コーヒー 紙屋町シャレオ店,5.0,user_0496,ここのカフェラテが好きなので近くに来た時は寄ります
スターバックス コーヒー 紙屋町シャレオ店,5.0,user_0497,ゆっくりと過ごせ 落ち着いた雰囲気のお店です オススメです
スターバックス コーヒー 紙屋町シャレオ店,5.0,user_0498,サンプルのコーヒーをいただき 新しい味を紹介されて また 同じ物が欲しくなりました
スターバックス コーヒー 紙屋町シャレオ店,5.0,user_0499,3階からの眺めはなかなか良いです味はいつものスターバックス満足です
スターバックス コーヒー 広島市中央公園店,5.0,user_0500,ここに来るのは最高でした 館内はとても清潔で スタッフもとても親切でした
スターバックス コーヒー 紙屋町シャレオ店,5.0,user_0501,安定のサービスです リザーブ店です 高級コーヒーが飲めます
スターバックス コーヒー 紙屋町シャレオ店,2.0,user_0502,食後のコーヒーで寄りましたが並んでました 平日正午並ぶんですね
スターバックス コーヒー 紙屋町シャレオ店,5.0,user_0503,広島県内1号店のスタバ アイスコーヒーいただきました
スターバックス コーヒー 紙屋町シャレオ店,3.0,user_0504,客への対応が早くてしっかりしており 気持ちが良い
スターバックス コーヒー 広島市中央公園店,5.0,user_0505,素敵なスターバックス 味も最高だし すごく居心地がいい
スターバックス コーヒー 紙屋町シャレオ店,3.0,user_0506,持ち帰りのみ シナモンロール バターミルクビスケット美味しかったです
スターバックス コーヒー 紙屋町シャレオ店,4.0,user_0507,疲れた顔をしてたのでしょうか 労いの言葉を頂きました 凄く嬉しかったです ありがとう
スターバックス コーヒー 紙屋町シャレオ店,5.0,user_0508,午前中に行ったけどそんなに混んでおらずゆっくりできました
スターバックス コーヒー 広島市中央公園店,5.0,user_0509,スタッフの方々はとても親切で温かく迎えてくれました ほうじ茶風味のケーキなど 日本ならではの商品もいくつか置いてあり とても美味しかったです
スターバックス コーヒー 紙屋町シャレオ店,5.0,user_0510,スタッフの方の笑顔と一言に 今日も仕事を頑張ろうという気持ちになりま す
スターバックス コーヒー 紙屋町シャレオ店,5.0,user_0511,広島で唯一のリザーブ店 店員さんもとっても親切でよいお店
スターバックス コーヒー 紙屋町シャレオ店,4.0,user_0512,地下街で でも利用しやすかったです
スターバックス コーヒー 広島市中央公園店,5.0,user_0513,スターバックスにはもう数え切れないほど行ったことがあります このスターバックスは今まで経験した中で一番のサービスです スタッフの皆さんの歓迎ぶりも本当に素晴らしいです
スターバックス コーヒー 紙屋町シャレオ店,5.0,user_0514,静かでおしゃれでしたが 地上を歩いていると 店の位置が分かりにくい
スターバックス コーヒー 広島市中央公園店,4.0,user_0515,美しく開放的で明るい空間で 座って周囲の景色を眺めることができます スタッフはとてもフレンドリーです
スターバックス コーヒー 紙屋町シャレオ店,4.0,user_0516,朝07時30分からの開店は 助かる
スターバックス コーヒー 紙屋町シャレオ店,5.0,user_0517,カプチーノの泡立て最高の出来との自画自賛 笑 本当に美味しいカプチーノでした
スターバックス コーヒー 広島市中央公園店,5.0,user_0518,小さくておしゃれで静かで混雑していない
スターバックス コーヒー 紙屋町シャレオ店,4.0,user_0519,広島駅ということもあり 少し混んでいました
スターバックス コーヒー 広島市中央公園店,5.0,user_0520,韓国と味が同じです
スターバックス コーヒー 紙屋町シャレオ店,4.0,user_0521,せまい 混んでる が 広いテーブル席は心地よい
スターバックス コーヒー 紙屋町シャレオ店,1.0,user_0522,客が出る時はありがとうございましたくらい言えないのかここは
スターバックス コーヒー 紙屋町シャレオ店,5.0,user_0523,笑顔が素敵な従業員が多数いらっしゃいます
スターバックス コーヒー 紙屋町シャレオ店,3.0,user_0524,ちょっと混んでいたけど 良かったです
スターバックス コーヒー 紙屋町シャレオ店,4.0,user_0525,こじんまりとしてますが リザーブ取り扱いのお店です
スターバックス コーヒー 紙屋町シャレオ店,5.0,user_0526,ジャズっぽい雰囲気で落ち着く
スターバックス コーヒー 紙屋町シャレオ店,2.0,user_0527,お客さんが多過ぎで待たされる事が多いです
スターバックス コーヒー 紙屋町シャレオ店,5.0,user_0528,広島唯一のリザーブ店 美味しいコーヒーがゆっくり楽しめます
スターバックス コーヒー 広島市中央公園店,2.0,user_0529,Wi Fiもコンセントもない 奇妙なスターバックス カウンターの後ろでスマホの充電すらしてくれない
スターバックス コーヒー 紙屋町シャレオ店,4.0,user_0530,店員の笑顔も良いし 対応も良い
スターバックス コーヒー 広島市中央公園店,5.0,user_0531,スタッフはフレンドリーで 混雑しておらず 座るのに良いスペースがありました
スターバックス コーヒー 紙屋町シャレオ店,4.0,user_0532,平日 ほぼ毎朝利用するところがここ
スターバックス コーヒー 広島市中央公園店,5.0,user_0533,かなり混雑していましたが ご利益を祈願するために折り鶴を折ることができて良かったです
スターバックス コーヒー 紙屋町シャレオ店,5.0,user_0534,シャレオの中にあるスターバックス店は買い物の後に丁度いいです
スターバックス コーヒー 広島市中央公園店,5.0,user_0535,スタッフの方々がとてもフレンドリーな公園のスターバックス
スターバックス コーヒー 紙屋町シャレオ店,5.0,user_0536,定員さんがとても丁寧で親切です
スターバックス コーヒー 紙屋町シャレオ店,3.0,user_0537,とても入りやすいお店です
スターバックス コーヒー 紙屋町シャレオ店,4.0,user_0538,市街地の地下街にあり 便利良いです
スターバックス コーヒー 広島市中央公園店,1.0,user_0539,こんにちは スターバックス コンセントはどこですか パソコンを使いたいのですが
スターバックス コーヒー 紙屋町シャレオ店,5.0,user_0540,店員さんの感じもとっても良いです
スターバックス コーヒー 広島市中央公園店,5.0,user_0541,リラックスするのに最適な場所 公園のすぐ隣です
スターバックス コーヒー 紙屋町シャレオ店,4.0,user_0542,遅い時間に行きましたが感じが良かったです
スターバックス コーヒー 紙屋町シャレオ店,5.0,user_0543,クローバーでいただくコーヒーの味に驚きます クローバーがコーヒーを抽出してる様子にも驚きます
スターバックス コーヒー 紙屋町シャレオ店,4.0,user_0544,ちょっとした時間つぶしに最適です
スターバックス コーヒー 紙屋町シャレオ店,3.0,user_0545,普通のスタバ
スターバックス コーヒー 紙屋町シャレオ店,5.0,user_0546,他のスタバと同じようにここも落ち着きます
スターバックス コーヒー 紙屋町シャレオ店,5.0,user_0547,店員さんが親切でいつも笑顔
スターバックス コーヒー 紙屋町シャレオ店,3.0,user_0548,友人との待ち合わせで 美味しいけど うるさいな
スターバックス コーヒー 紙屋町シャレオ店,4.0,user_0549,いつも 笑顔で接客してくれる
スターバックス コーヒー 紙屋町シャレオ店,2.0,user_0550,コーヒー薄目 タリーズその方が好み
スターバックス コーヒー 紙屋町シャレオ店,5.0,user_0551,広島県内で唯一クローバーがあるスタバ
スターバックス コーヒー 紙屋町シャレオ店,3.0,user_0552,女子高生には特に大人気ですね
スターバックス コーヒー 紙屋町シャレオ店,4.0,user_0553,いつも混んでいますね
スターバックス コーヒー 紙屋町シャレオ店,3.0,user_0554,常に混雑しているイメージがある
スターバックス コーヒー 紙屋町シャレオ店,5.0,user_0555,定員の対応が良いので気持ちが良い
スターバックス コーヒー 紙屋町シャレオ店,4.0,user_0556,店員さんが親切です
スターバックス コーヒー 広島市中央公園店,5.0,user_0557,とても親切で親切なスタッフ
スターバックス コーヒー 紙屋町シャレオ店,5.0,user_0558,広島県内唯一 クローバーがあります
スターバックス コーヒー 紙屋町シャレオ店,5.0,user_0559,スタッフの笑顔が大変よかった
スターバックス コーヒー 紙屋町シャレオ店,5.0,user_0560,メロンフラペチーノ 再販してたょ
スターバックス コーヒー 広島市中央公園店,5.0,user_0561,とても冷静
スターバックス コーヒー 紙屋町シャレオ店,5.0,user_0562,地下にあります
スターバックス コーヒー 紙屋町シャレオ店,3.0,user_0563,コロナの影響で閑散としてます
スターバックス コーヒー 紙屋町シャレオ店,4.0,user_0564,雰囲気はいつもいい感じ
スターバックス コーヒー 紙屋町シャレオ店,5.0,user_0565,いつも混んでるから
スターバックス コーヒー 紙屋町シャレオ店,4.0,user_0566,親切な対応です
スターバックス コーヒー 広島市中央公園店,5.0,user_0567,日本のサービスに欠点はありません
スターバックス コーヒー 紙屋町シャレオ店,5.0,user_0568,いちごフラペチーノ
スターバックス コーヒー 紙屋町シャレオ店,4.0,user_0569,街中だけど静かで 落ち着く
スターバックス コーヒー 紙屋町シャレオ店,5.0,user_0570,カウンター席が 楽しい
スターバックス コーヒー 紙屋町シャレオ店,5.0,user_0571,雰囲気は良いです
スターバックス コーヒー 紙屋町シャレオ店,4.0,user_0572,打ち合わせや 待ち合わせに便利
スターバックス コーヒー 紙屋町シャレオ店,1.0,user_0573,最低
スターバックス コーヒー 紙屋町シャレオ店,5.0,user_0574,リザーブが利用できるSTARBUCKSです
スターバックス コーヒー 紙屋町シャレオ店,5.0,user_0575,コーヒーが飲めるよ
スターバックス コーヒー 紙屋町シャレオ店,4.0,user_0576,接客が良い
スターバックス コーヒー 広島市中央公園店,5.0,user_0577,静かでいい
スターバックス コーヒー 紙屋町シャレオ店,4.0,user_0578,便利
スターバックス コーヒー 紙屋町シャレオ店,4.0,user_0579,普通
スターバックス コーヒー 紙屋町シャレオ店,4.0,user_0580,場所がいい
スターバックス コーヒー 紙屋町シャレオ店,4.0,user_0581,落ち着けました
スターバックス コーヒー 紙屋町シャレオ店,5.0,user_0582,美味しかった
スターバックス コーヒー 紙屋町シャレオ店,3.0,user_0583,普通にスタバ
スターバックス コーヒー 紙屋町シャレオ店,3.0,user_0584,安定のスタバ
スターバックス コーヒー 紙屋町シャレオ店,3.0,user_0585,スタバ
スターバックス コーヒー 紙屋町シャレオ店,3.0,user_0586,安定のスタバ
スターバックス コーヒー 紙屋町シャレオ店,3.0,user_0587,普通
スターバックス コーヒー 紙屋町シャレオ店,4.0,user_0588,早朝に利用することが多いので空いてます カフェミストオーダーしたときに 豆をこちらの店舗は豆が3種類の中から選べるって言われた気がします
スターバックス コーヒー 紙屋町シャレオ店,3.0,user_0589,職場から近いこともあり週5日ほど利用していましたが 3月以降 徐々にスタッフの方が入れ替わってから接客レベルが落ちた印象です 先日オープンした広島駅のスタッフの方々がこちらで研修されていましたが 正直 研修中のスタッフさんの方が また通いたい と思わせる素晴らしい接客をされていました 教える側の店舗が 研修生よりもホスピタリティで劣ってしまっている現状は 非常に残念でなりません いつも同じものを注文していますが 最近はそれもただの流れ作業のように扱われていると感じ 通う楽しみがなくなってしまいました 接客の勉強も兼ねてスタバならではの接客体験を買いに行っている面もあったので 今後は少し足を伸ばして他店舗へ行こうと考えてます
スターバックス コーヒー 紙屋町シャレオ店,5.0,user_0590,RESERVE店ではRESERVE Coffeeを この日はエチオピア チェレレクツ 広島でRESERVEが飲めるなんて幸せ 酸味よりコクと苦味が好きだけれど 最近のリザーブは酸味が流行りのようで ここではCloverでは無く コーヒープレスか機械と言われたので コーヒープレスで注文 サラッとして飲みやすかったです
スターバックス コーヒー 紙屋町シャレオ店,5.0,user_0591,便利なところにあるスタバです コーヒーは3種類 ストロングタイプ ミディアムロースト 軽めです ミディアムローストがエチオピアだったのでミディアムローストです あんバタースコーンをお供に頂きました
スターバックス コーヒー 紙屋町シャレオ店,4.0,user_0592,感覚的に１時間以上いるような場所ではなく 立地的にモバイルオーダーで受け取るイートインで利用するのに向いている店舗だと思いました サービスに関しては凄く満足のいく店舗なのでとてもおすすめです
スターバックス コーヒー 紙屋町シャレオ店,1.0,user_0593,いつも感じ良くて好きだったけど ある時入店したら入ってもろくに挨拶もなく 客の方も見ずに今じゃなくてもいい作業してる で レジの方に進むと 微妙な位置でショーケース見ている二人組 変に抜かしてもめるのも嫌だから 店員気づかないかなと思うも 客の方を見ようとしないから気づかず そうしている内に前の客の注文が決まる 前にいたし それ自体は良いんだけど 今度は並んでいる自分とその後ろの人を飛ばしてショーケース見始める婆さん登場 あろうことか 何かお取りしましょうかと声をかけ その婆さんを接客し始める始末 抜かした客を先にするなよと声かけた所 あ 先でしたか と言われ あまりにむかついてそのまま帰りました 入ってきた客を見ないし ちゃんと声かけないくせに 列の状況も見ないからこうなるんだよなと思った それまで接客良くて好きだったのに 本当に嫌な思いさせられた
スターバックス コーヒー 紙屋町シャレオ店,5.0,user_0594,店員さんが親切でした
スターバックス コーヒー 紙屋町シャレオ店,5.0,user_0595,ここは美味しい パンプキンスパイスラテが最高 地下にあるの 大好き お店もたくさんあって
スターバックス コーヒー 紙屋町シャレオ店,5.0,user_0596,下のスターバックスは広島でかなり古くから営業しているスターバックスの一つで 県庁前アストラム駅の近くにあります
スターバックス コーヒー 広島市中央公園店,5.0,user_0597,広島市にあるこのスターバックスは 私が今まで見た中でも最高に素敵な店舗の一つで 美しい景色が楽しめます 原爆ドームと新しいエディオン ピースウィング サッカースタジアムの間を通りかかる際に立ち寄るのに最適です 木製のデザインはモダンで居心地が良く 試合前のちょっとしたコーヒーブレイクや セントラルパーク散策後のリラックスタイムにぴったりです
スターバックス コーヒー 紙屋町シャレオ店,5.0,user_0598,地下像のあるスターバックス インテリアがいい
スターバックス コーヒー 紙屋町シャレオ店,1.0,user_0599,ホットコーヒーを注文したんだけど 店員さんは熱さを保ってくれる伝票も出さずにコーヒーを渡してきた 外国人には出さないのかな 最悪
スターバックス コーヒー 広島市中央公園店,3.0,user_0600,コンセントや充電ステーションはありません Wi Fiの速度は良好です
スターバックス コーヒー 紙屋町シャレオ店,4.0,user_0601,15分も列に並んで 結局2番目でした カウンターには4人しかいなくて 店内はそれほど混んでいませんでした レジの女性2人は まるで誰が私の対応をするか決めているかのように顔を見合わせていました 私は列から出て 別のレジ係のところへ行かなければなりませんでした 本当に失礼でした
スターバックス コーヒー 広島市中央公園店,5.0,user_0602,素敵で清潔な場所 とても静かで落ち着いた雰囲気です スタッフはとても丁寧でしたが 店内で飲んでほしいと頼んだのに なぜ持ち帰り用のカップに入れられたのか理解できませんでした それでも 春のスペシャルメニューは美味しかったです
スターバックス コーヒー 紙屋町シャレオ店,5.0,user_0603,みんな本当に 優しい ありがとう ありがとう ありがとう 大好きだよ
スターバックス コーヒー 紙屋町シャレオ店,4.0,user_0604,いつも混雑しています 席を見つけるのに少し運が必要です 標準的なスターバックスで 品質は安定しています スタッフはフレンドリーです 人気のシャレオ地下街南館という便利な場所にあります 他の2店舗からも驚くほど近いです 南館ターミナル出口から本通りに沿ってまっすぐ東へ進むと さらに混雑した3階建てのスターバックスがあります もう1店舗は 袋町駅の南に路面電車で1駅ほど行ったところ NHKビル2階にあり 比較的空いていて静かな雰囲気です これら3店舗は 広島中心部にあり 互いに徒歩圏内です
スターバックス コーヒー 紙屋町シャレオ店,5.0,user_0605,4月4日にコーヒーをこぼしてしまったのは私です 言葉の壁と表現力のなさで 今はどう伝えたいのか分かりません お忙しい中 清掃作業を増やしていただき また新しいコーヒーを淹れ直していただき 重ねてお詫び申し上げます ごめんなさい
スターバックス コーヒー 紙屋町シャレオ店,1.0,user_0606,ここは 地上階より地下にあり 座席も十分ある なかなか快適なスターバックスです ただし 専用のWi Fiはなく 広島フリーWi Fiを利用しています このWi Fiは信頼性が低く 閲覧するページに広告が表示される傾向があります
スターバックス コーヒー 紙屋町シャレオ店,5.0,user_0607,街には素晴らしい景色を楽しめるスターバックスがいくつかあるのに 地下にあるこの店に行くのはなぜでしょう 静かで混雑していませんし スタッフもとても親切です
スターバックス コーヒー 紙屋町シャレオ店,5.0,user_0608,notreadbyhumansさんの投稿とは逆に 今は独自のWi Fiがあります とはいえ スターバックスのWi Fiなので 信頼できるとは言えませんが
スターバックス コーヒー 紙屋町シャレオ店,5.0,user_0609,これまで訪れたスターバックスの中で最高のお店の一つです スタッフは驚くほど親切で 本当にフレンドリーでした
スターバックス コーヒー 紙屋町シャレオ店,3.0,user_0610,このソイラテは私のお気に入りで定番メニューです スターバックスに行くとよく注文します
スターバックス コーヒー 紙屋町シャレオ店,5.0,user_0611,他のスターバックスと同じように
スターバックス コーヒー 紙屋町シャレオ店,4.0,user_0612,主に若者が利用する店舗です 座席数に限りがあります
スターバックス コーヒー 紙屋町シャレオ店,5.0,user_0613,定番の日本のスターバックス 馴染みのある 美味しい味
スターバックス コーヒー 紙屋町シャレオ店,5.0,user_0614,素晴らしいサービス 雰囲気 音楽 そしてたくさんの座席
スターバックス コーヒー 紙屋町シャレオ店,4.0,user_0615,十分なスペースとたくさんの座席があります
スターバックス コーヒー 紙屋町シャレオ店,5.0,user_0616,いつも通り美味しかった 美味しいドーナツ
スターバックス コーヒー 紙屋町シャレオ店,5.0,user_0617,最高の
スターバックス コーヒー 紙屋町シャレオ店,5.0,user_0618,WiFi良好
スターバックス コーヒー 紙屋町シャレオ店,5.0,user_0619,ニース
スターバックス コーヒー 紙屋町シャレオ店,5.0,user_0620,素晴らしい
スターバックス コーヒー 福屋 広島駅前店,3.0,user_0621,広島駅近隣では5店舗目のスタバになります ２階の角にあります 初日のこともあり 提供が遅いのと店舗と通路に仕切りが無いので飲食している横を人が大勢通るのが気になりました しばらくしたら人も減るし テーブルは狭いので撤去してパーテーションを置いたら落ち着けるかなと思います 飲食物は普通のスタバで美味しいです
スターバックス コーヒー 福屋 広島駅前店,4.0,user_0622,長居は出来ないが30 60分程度いるにはとてもいい店舗だと思います 立地も良く 買い物中 終わりの休憩や中央改札口にある2店舗は少しゆっくり出来ないため ここであれば少し落ち着いて休憩出来ると思います イートイン テイクアウトどちらも程よく対応出来るいい店舗だと思います
スターバックス コーヒー 福屋 広島駅前店,3.0,user_0623,普通のすたば
スターバックス コーヒー 紙屋町シャレオ店,5.0,user_0624,とても気に入りました
スターバックス コーヒー 広島段原店,5.0,user_0625,東広島のゆめモールのスタバと 雰囲気が似ています テラス席もあり OK お散歩ついでにいいんじゃないかと 車通りが多い道なので出入りが難しい とは思いますが清潔です ドライブスルーもある店舗です
スターバックス コーヒー 広島段原店,5.0,user_0626,出来てからずっときてるスタバさん スタバさんは雰囲気いいけどここの店員さんの雰囲気がすごく好き 無料でこれ出来ますよ の提案も必ずしてくれる 昔よりなかなか来る頻度減ったけどずっと通いたいな 今日はちょうど外のテラス席がいい風吹いててよかったです
スターバックス コーヒー 広島段原店,5.0,user_0627,時間遅くまでやってるので夜よく利用します ドライブスルーの時間は 閉店時間より早いので駐車場に止めてテイクアウトします 駐車場には限りがありますが 遅い時間だとわりとスムーズに入れます 今回は早朝だったので駐車場もガラガラでした 駐車場に停めたらまず駐車券を発行してから店内へ 初回利用した時は それを知らずに駐車料金発生してしまいショックを受けるので 忘れずに駐車券を発行して下さい 店内で商品を購入した時に駐車券を出すと無料になります 帰りは 駐車券で精算してから出庫 出口は左折しかできませんのでご注意を 階段があるのでイートインは2階で出来るのかな 利用した事ないので 機会があれば利用してみたいです 接客などは 流石スターバックス どこの店舗を利用しても気持ちよいです
スターバックス コーヒー 広島段原店,5.0,user_0628,スモアスムージーを注文しました レジ担当の方方に初めて飲むか質問され 初めてだと答えると味の感想を教えてくださって飲むのが更に楽しみになりました また チョコソースを無料でかけることができると勧めてくださいました 他のスタッフの方もみんな笑顔で対応してくださって温かい気持ちになりました また利用したいです ありがとうございました
スターバックス コーヒー 広島段原店,4.0,user_0629,お店は2階からの眺めがオススメ 朝は静かでよさそうです ドライブスルー設備を有していますが 導線が短いことや前面道路が1車線しかないことなどを理由に スターバックスが第一原因となる渋滞が大発生しているのが最大の問題でした 素晴らしい立地にありますが ドライブスルの導線は最悪です 警備員を配備してもどうにもならなくなったことから ドライブスルーサービスを停止するまでに至ったお店です スターバックスには導線の確保がいかに大事か思い知らされたお店でしょう
スターバックス コーヒー 広島段原店,4.0,user_0630,ドライブスルーが併設されたスタバです 確かにドライブスルーが人気なのです 何人もの警備員を雇って 交通整理させてますが 交差点の角地にあり且つ住宅街の一角にある為 路上に車を待機させるわけにもいかず 並ぶことも許されずに帰らさせられることもしばしばです 利用したい時に利用できないのは最悪だ 何人ものお客を逃がしているに違いない 敷地内の駐車場を跨ぐ様にドライブスルーの通路が設置されているのも両者にとって邪魔で迷惑で 良いことなし 敷地内の設計をやり直した方が良い 駐車場の出口を入り口にして ドライブスルーの通路は端を通らせて 駐車スペースと分断した方良いかと思う 比較的 費用は安く改善できるはず なお ドライブスルーは良いのだが 利用時間は20 00までなのが残念です なお 駐車場はコインパーキングですが スタバ利用金額に応じで60分もしくは90分 無料サービスした頂けます 店内は2階建てで 1Fが受付レジと簡素なテーブルだけで 2Fがメインの飲食の場となります 2Fにはテラス席もあり 猿猴川を眺めながら ゆったりと過ごすこともできます なお 本日は3つドリンク類を頼みましたが ストローを1つつけ忘れてました 減点です でも また 利用するでしょう
スターバックス コーヒー 広島段原店,3.0,user_0631,広島市南区のハイソな住宅街にある一軒家のスタバ 東側には猿猴川が流れており 西側は広島市内でも指折りの高級住宅街である 段原 地区 お散歩コースとしてもナイスな雰囲気を持つエリアです 所用の折 週末の午前中に訪れて時間調整 殆どのお客さんは眺めの良い二階席に上がってしまうので 一階カウンター席は空いていて穴場 でも陽光が差し込んでいて雰囲気は悪くない 端っこはバリスタ専用席らしいので要注意です
スターバックス コーヒー 広島段原店,4.0,user_0632,店内飲食と ドライブスルーも出来るお店です 店前に駐車場があり 車を停めてから発券機で駐車券を取ってから店内に入ります 今回は さくらシフォンケーキをテイクアウト さくらのほのかな香りとシフォンがフワフワでとても美味しかった 今度はドライブスルーにも挑戦しようと思います
スターバックス コーヒー 広島駅北口店,4.0,user_0633,広島駅の北口からデッキで直結しているスターバックスです 改札口前にあるミナモアのスターバックスも同時刻にオープンしますが あちらは強風が店内に入り込み寒すぎてドリンクを楽しんだり ゆっくりできる環境ではありません しかしながら こちらはお店の前も比較的人通りは少なく 自動ドアの開閉回数も少ないため空調も快適でゆっくり過ごすことができます 特に寒い朝は少し面倒ではありますが ミナモアのスターバックスではなく こちらのスターバックスを利用されることをおすすめします
スターバックス コーヒー 広島段原店,4.0,user_0634,夜の９時３０分ごろに行きました ２階のスペースは空いていて ゆっくり過ごすことが出来ました 時間によっては 客さんが多かったりする感じでした
スターバックス コーヒー 広島段原店,5.0,user_0635,ドライブスルー 20 30 まで 2023 10 14 カープCS第一戦目の日 接戦の末 秋山のサヨナラで勝利した祝いにスタバへダッシュ笑 ドライブスルーで利用 キラキラのド派手に改造した車内を見てスタバの奇麗なお姉さんが わーカワイイ 元気が出ました 笑 つって喜んでくれたんでコッチもテンション上がりました スタバ最高 追記 いつも行くたびに車を褒めてくれるからここ好き
スターバックス コーヒー 広島駅北口店,4.0,user_0636,広くてゆったりしていて居心地良い 人も多すぎずここのスタバ好きです
スターバックス コーヒー 広島段原店,5.0,user_0637,普通のスタバ おいしいスタバ 気を付けるべきは 駐車料金 カープの試合がある日は 朝から高額のため長居は禁物 1 300円お買い物すると１時間半無料になるも それ以降の15分単価は 要確認
スターバックス コーヒー 広島駅北口店,3.0,user_0638,広島駅北口にできたスタバです 意外と広かったです 最近感じることですが 量の増加は質の低下 サービス面で残念なことありました
スターバックス コーヒー 広島段原店,3.0,user_0639,駐車場あり タイムズと提携 1000円以上購入で駐車料90分無料 人少なめ 2階の席感覚広々 充電可能
スターバックス コーヒー 広島駅北口店,5.0,user_0640,駅北の２階ペレスティアンデッキを使うと在来線や新幹線口からは便利です 近隣の蔦屋やミナモア EKIEに入ってるスタバと比べると 席の間隔が広くゆったりした作りになっているので 騒がしくなく快適でした
スターバックス コーヒー 広島段原店,4.0,user_0641,スタバ巡り23 2023 7 14来店 街中から少し離れていて 車がないとなかなか行けない 以前は近くに住んでいたので チャリっと 行っていたけど のですが スタッフさんの応対も良いし 2階の眺めも良いし 大好きなスタバです 昨年 桃フラペチーノ の終了日前日 お洒落な大阪梅田のヨドバシカメラのスタバで 映えな写真を撮りつつ飲もうと思ったら まさかの売り切れ で飲めなかったので 今年は早めに飲みに行きました 1番最後の写真はヨドバシカメラのスタバです カウンターの横には 桃フラペチーノ撮影スポットがありましたが 芸のない私は真正面からの写真 笑 スタッフさん ごめんなさい 2年越しの桃フラペチーノ 果肉たっぷりで めちゃくちゃ美味しかったです 桃 いちご メロンのフラペチーノは やっぱり年中行事の一つとして 外せないなぁ
スターバックス コーヒー 広島段原店,5.0,user_0642,ドリップコーヒー あんバターサンド 頂きました 2階のテラス席から猿猴川が眺められるのが特徴的なお店です 駐車場有で 車で来店時はまず駐車場の支払い機から発券して店内のレジに注文時に提出する執拗がありますので 気をつけましょう あんバターサンドは安定のソフトそしてソフトな食感と甘さで美味しい とても美味しかったです
スターバックス コーヒー 広島段原店,5.0,user_0643,こんにちは ガっチガチ研究所です 友達の会社のシフト表作成のお礼でもらった700円のクーポンを使いに ジムのついでに行きました 前はめちゃ通ってたんですが ナゼか避けてたスターバックス 行ってわかりました ワタシ 人混みが嫌いなんですよww さすが大人気店ですね 人多い笑 ただ接客レベルがスゴい レジ担当さんとドリンク作成受渡担当さんから話しかけてきて ガっチガチ研究所 って こころよくもみほぐし屋さんですよーって言えば なるほど っとちょっとした会話から笑顔が花開きました コーヒーの名前 すみません 値段で買ったもんで覚えてません お砂糖タップリは糖尿病のワタシには毒でしかないドリンク 毒はうまい w テラス席でリバーサイド 日本語にすれば川沿い笑笑 を堪能できました ときおり聞こえるポポポポーンっていう音が邪魔ですね
スターバックス コーヒー 広島駅北口店,4.0,user_0644,中は広く ゆったりと出来る椅子がそこそこある しかし ゆったりと座れる椅子は入り口側に並んでいるため 冬や開店間際に行くと少し寒いので気をつけてください
スターバックス コーヒー 広島段原店,4.0,user_0645,テラス席からは猿猴川を挟んでマツダスタジアムが見えます ドライブスルーがある店舗です 駐車場は有料ですが 購入額に応じて最大90分までの割引があります
スターバックス コーヒー 広島段原店,5.0,user_0646,ピーチとマンゴーのスイーツも美味しかったし わらび餅のトッピングが美味しかったです おすすめは アーモンドミルクラテ ここは リバーサイドでロケーションも好きです 紙のストローも口当たりがやさしいかったので 家でも使おうかな ω コインパーキングになっていて レジで対応してくれます 今は ドライブスルーが人気ですね
スターバックス コーヒー 広島段原店,4.0,user_0647,比較的新しいスターバックスの店舗のようです ロケーションと店舗デザインがお気に入り 静かな郊外 猿猴川沿い 東向きの大きな窓 ２階席メインのレイアウト テラス席と 朝日を浴びながらのモーニングが捗ります 欲を言えば 開店時間がもう1時間早いと嬉しい テラス席が喫煙席になっているのが残念 というところですね このテラス席 真夏と真冬以外は特等席だと思います モーニングメニューはありませんが モーニングに適したフードメニューがたくさんあるので困るどころか迷うくらい ただフードメニューを頼むとそれなりに高くつきますね 写真のスターバックスラテのトール 石窯フィローネ チーズケーキで1 371円 美味しいのですが モーニングとしてはややハイコスト
スターバックス コーヒー 広島駅北口店,4.0,user_0648,ゆったり広いですね 広いわりに座席が少ないのでなんとなくのんびりしてたら申し訳ない感じしたのでコーヒー飲み キッシュを食べてすぐ出ました
スターバックス コーヒー 広島駅北口店,5.0,user_0649,店舗を間違えてモバイルオーダーしてしまい 受け取りまでに30分ほどかかってしまいました こちらの不手際にもかかわらず 男性の店員さんが中身を確認してくださり 作り直して対応してくださいました とても丁寧で親切な対応に 心遣いが本当に嬉しかったです ありがとうございました
スターバックス コーヒー 広島段原店,4.0,user_0650,ドライブスルーができるスタバ 土日はお店に入る前に車が数台並びます 店舗内には1階 2階に席がありますが そんなに多くはありません テラス席もあります 店員さんの感じはいいです
スターバックス コーヒー 広島駅北口店,5.0,user_0651,2025 12 17 OPEN スモアチョコレートラテ Tallサイズをいただきました オープンおめでとうございます ごちそうさまでした
スターバックス コーヒー 広島段原店,3.0,user_0652,店内利用すると駐車場一時間サービスあり 日によって駐車場料金が違うようだ 店内2階は勉強や作業している方多い
スターバックス コーヒー 広島駅北口店,4.0,user_0653,日曜日のお昼という混み合いそうな時間帯でも 比較的ゆったり過ごせるスターバックスです 店内は落ち着いた雰囲気で 座席の埋まり具合も6割程度だったので 周囲を気にせずのんびり過ごせました ガヤガヤしすぎていないので 読書や作業をしたい人にも使いやすそうですし ちょっと休憩したい時にもぴったりだと思います そして どこかのお店のキャッチコピーではないですが 笑 バリスタのお姉さんの接客がとても感じ良く 自然な笑顔にこちらまで気分が良くなりました こういうちょっとした接客の良さで お店の印象ってかなり変わるなと改めて実感 コーヒーだけでなく 居心地の良さまで含めて また立ち寄りたくなるスターバックスでした
スターバックス コーヒー 広島段原店,3.0,user_0654,R6 8 13 コストコの帰り道に立ち寄りました vitalityによる500円ｸｰﾎﾟﾝにより利用する頻度が多くなり 今回はサンシャイン パイン フラペチーノ690円を選んでみました 夏にぴったり 見た目も可愛らしい 底から水色 淡い黄色 白と三色になっています 水色はシーソルトジェリー ぷるぷる 感が楽しい ほんのり塩味を感じるジェリー そして淡い黄色はパインジュースベースのさわやかな酸味 みのあるすっきりとした味わい 一番上の白はホイップクリームです いつもは 断トツ1位のエスプレッソ アフォガード フラペチーノですが 見た目の色合いで選んだサンシャイン パイン フラペチーノ 選んで良かったです 夏にさわやかすっきりした味わいながら甘味も程よくあるのでお勧めです 商品説明で 輝く海を思わせる水色のシーソルトジェリー い砂浜をイメージのパインジュースベース まるで 道雲のようなホイップクリーム 混ぜるとクリーミーな味わいに変化と記載されてました 商品説明も読んでみるものです より美味しさが増します 余談ですが コストコからの帰り道グーグルマップにて車案内されお店に行ったのですが 駐車場への入り口は一方通行の道路からしか入れずUターンして入りましたが そこが少し不便に感じたところです お店前の道一方通行あり 注意してください
スターバックス コーヒー 紙屋町シャレオ店,5.0,user_0655,おいしい飲み物
スターバックス コーヒー 広島駅北口店,4.0,user_0656,この店舗には初来店した どこの店もそうだが明るくて元気よくスマートな応対してくださるのでありがたいです 先日 ボトルを購入しチケットがあったので利用しました 実は近くの別に相談していたのですがそこが同時刻混んでいたので変えました でも結果過ごしやすく閉店15分ほど前まで利用しました また帰広した際には立ち寄りたいと思います たぶん顔は忘れられてるとは思いますがよろしくお願いします
スターバックス コーヒー 紙屋町シャレオ店,5.0,user_0657,オーガニックちゃん
スターバックス コーヒー 広島段原店,4.0,user_0658,日曜日の14時ごろ 広島駅から歩いてお店に伺いました クチコミにも多く書かれていますが ドライブスルーは車道から並ぶほどで 警備員さんが駐車場入り口で案内をしていました 駐車場はコインパーキングになっており お店を利用する場合は1円以上で60分無料 1 300円以上で90分無料になるそうで 駐車券を発行し店内へ とのことです 店内利用の方は入店すぐにアルコール消毒の横に置かれている 予約席 の札を持ち 席を取ってからオーダーに並ぶ事をお勧めします 1階にもカウンター席もありましたが 椅子が外されており使われていないようでしたので 2階を利用します 伺った時 スターバックス オリガミ の取り揃えが全種類あったので 選べたのがとても嬉しかったです
スターバックス コーヒー 紙屋町シャレオ店,5.0,user_0659,コーヒーの試飲会
スターバックス コーヒー 広島駅北口店,4.0,user_0660,欲しいカップの発売日にスタバを４件まわって此処の店舗には在庫があって購入できました まだオープンして間もない頃だったので あまり知られてなくて買えたのかも
スターバックス コーヒー 広島段原店,3.0,user_0661,2階席しか使ってなくて 席が空いてるか 店員さんに訪ねたら自分で確認する様に言われて1度2階席に上がって席を確保してから1階に降りてオーダーするって2度手間なシステムが気になりました 他の2階席のある店舗だったら空いてるか 空いてないか 教えてくれた事あるんですけどね
スターバックス コーヒー 紙屋町シャレオ店,5.0,user_0662,それはスターバックスでした
スターバックス コーヒー 紙屋町シャレオ店,2.0,user_0663,グッドネスティーズド
スターバックス コーヒー 広島駅北口店,5.0,user_0664,土曜日の午後に来店しました ミナモア店で席がなかなか空かなかったのでこちらに移動したのですが 店内広めで綺麗だし客層も落ち着いていて 雰囲気も良かったです ほぼ満席でしたがガヤガヤ感はゼロ 落ち着けました 店員さんもとっても親切でした
スターバックス コーヒー 紙屋町シャレオ店,5.0,user_0665,私は季節限定のカップを買いにここに来ます 本当に気に入っています
スターバックス コーヒー 広島駅北口店,5.0,user_0666,広島駅二階のペデストリアンデッキに直結ということもあり 便利です 店内は広々としており リラックスできるのう コモドドラゴンというコーヒーを ホットでいただきました 美味いのう
スターバックス コーヒー 広島段原店,4.0,user_0667,猿猴川沿いにある店舗で ドライブスルーも併設されているため 駐車出来る台数は少ない 店内は落ち着ける雰囲気で ゆっくりお茶するには最適だ
スターバックス コーヒー 広島駅北口店,5.0,user_0668,広島駅の中でスターバックスの人波がいたずらではありません 席は苦労してコピーするのに10分かかります ところが 歴史漂う場所ではなく 建物につながった北の出入口近くにもスバックがあります 人もなく広く スタッフも親切でとても良いです リムジン待ってコーヒー一杯にピッタリです おそらく人々がよく知らないので行かないようです
スターバックス コーヒー 広島段原店,4.0,user_0669,スタバ ドライブスルーがあるめちゃ楽チンなスタバ 車高が低い車は無理 ここのパートナーさんはまぁ良い人たちが多いかな スタバって結構決まり事多いから上手く回らない店はめんどくさそうにパートナーさんしてるんだけどここのパートナーさんは愛想がいいから 頑張ってる人が多め ただ高度なコーヒートークとかなんか良い感じのいけてるトークまではあんまり期待できない 接客勉強中ですって感じの人が多い なぜそう感じるかというと 毎度毎度同じことばっかりいってくるので 汗 たまに気前が良いのとかはとっても嬉しい ちなみに接客良い感じの人が多いのは広島市内近郊だとやっぱり府中のイオンモールか パルコ前の本通のとこかなーとおもう 利便性と接客努力が垣間見れる気持ちのよいお店なので４にしとこ
スターバックス コーヒー 広島段原店,3.0,user_0670,唯一ここはドライブスルーが出来る便利なショップ 今回は店内で夜カフェに利用しました この日のフラペチーノはバナナシリーズだったのでパス 今回はムースフォームラテのアイスとレモンとクリームチーズのパウンドケーキをオーダー ２点ともはじめてでしたがとっても美味しかった いつも頼んだあとで ドリンクのカスタマイズをするのを忘れたことに後悔 次回は絶対 夜の時間帯でもお客さんが多いので 車道まで車が並んで駐車場のガードマンも大変ですね ちょっと誘導が上手く出来ていないようで駐車待ちの車がイライラされてました 出口が曲がってちょっと出にくいので大きめの車で来たら気を付けないと
スターバックス コーヒー 広島段原店,1.0,user_0671,ドライブスルーを利用しようとしたら 駐車場は 5台しか停まっていない状態 ドライブスルーの列は注文している車を含め2台並んでいる状態でしたが 警備員が完全に道を塞ぎ 制限しているとか 車道で待機する車に対して 制限しているのは仕方ないが 入れるのに 固くなに入れてない様子 何のためのドライブスルーなのか 笑
スターバックス コーヒー 広島段原店,2.0,user_0672,渋滞メーカー 人気なのは分かるが1車線潰れるのはしんどいですね
スターバックス コーヒー 広島段原店,5.0,user_0673,今回はドライブスルーを利用して いちご フラペチーノを購入です 予想通り美味しかったです _
スターバックス コーヒー 広島段原店,4.0,user_0674,2階フロアが広くて 景色が見えて開放的
スターバックス コーヒー 広島段原店,5.0,user_0675,もっとGOHOBIメロンフラペチーノ 段原のお店は 初めて来店 2階にテラス席があり 開放感満載 景色が良いわけでは ないですが オシャレです 5月7日からいちご また来店します ご褒美ご褒美
スターバックス コーヒー 広島段原店,3.0,user_0676,ドライブスルーを初めて利用しました メニューがデジタルパネルで選ぶので分かりにくくて時間がかかってしまいました 飲みたいものが コレ って決まってる人ならなんてことないんでしょうね ω
スターバックス コーヒー 広島段原店,5.0,user_0677,５００円券 貰ったので行ってきました 限定の抹茶あんバターいただきました 美味しかった
スターバックス コーヒー 広島段原店,5.0,user_0678,接客も明るくコーヒーサンプルと試飲までさせて頂きました また伺います
スターバックス コーヒー 広島段原店,4.0,user_0679,雰囲気は素敵で良いです 土日はめちゃくちゃ多いですね 車で行くと まずはかなり待たないと入れないかな
スターバックス コーヒー 広島段原店,4.0,user_0680,店員さんが親切にしてくれた 本当にありがとうございました
スターバックス コーヒー 広島段原店,1.0,user_0681,店員さんはとても感じが良いです が 警備員が最悪です ドライブスルーに並ぼうと思ったら警備員さんが 駐車場 ドライブスルー みたいな看板を見せてきて並ぶなと 私の後にも車数台並んでおり バッグはできず ドライブスルーがダメなら駐車場に入ろうとしていたら スマホを運転席に向けてきて写真か動画を撮影していました 感じ悪いなと思い 窓をあけて 駐車場に入りたいんですが と伝えると 横から入れませんか と 警備員さんたくさんいるので もうちょっと端に並ばせてくれたら駐車場に入れるのですが 狭くて入れません じわじわと前進してなんとか入れましたが その後も数台並んでいる様子でした その車にも同じように撮影していたかはわかりませんが とても嫌な気持ちになりました 駐車場拡大するなり ドライブスルーの動線を変えるなり なにか対策できないのでしょうか クチコミ読んでいると 以前から問題になっているようですが
スターバックス コーヒー 広島段原店,4.0,user_0682,外観はかっこよくて落ち着いた感じで最初は入るの緊張しましたが店員さんは明るく優しくて素敵です 注文時にもちゃんと話を聞いてくれ提案してくれたりします 休みの日は高確率でドライブスルーが渋滞を作っているので 4にしました
スターバックス コーヒー 広島段原店,4.0,user_0683,ドライブスルー 店内利用ともによくします ドライブスルーは待ち時間があるときも多いですが 接客も感じ良く幸せな気持ちになります 店内は空間の広さに比べて席数がかなり多く 人が多いときはぎゅうぎゅうな感じになります お客さんが多いのはわかりますが もう少しゆとりがほしいかな あまりホッとできる空間ではないのが残念です テラスはじゅうぶんなスペースで季節のいいときはおすすめです
スターバックス コーヒー 広島段原店,5.0,user_0684,夜なら空いてると思ってましたがめちゃ混んでました ドライブスルーは20時で終了らしいです
スターバックス コーヒー 広島段原店,4.0,user_0685,やっぱりスタバなので 味やメニューはいつも通りのスタバクオリティ 安定した美味しさで安心感があります ただ この店舗は特に建物が良く 広々としていてとても居心地が良いのが特徴です 席数も多く ゆったりと過ごせるので 長居しても気にならない雰囲気が嬉しいポイント 作業や読書をしたい時にも最適です 味だけでなく 空間としても楽しめるスタバだと思います
スターバックス コーヒー 広島段原店,4.0,user_0686,2階席からつながる屋外テラス席が気持ち良いです トイレが男1階女2階 主要道近いため車来店多数が駐車場警備員の誘導ができておらず 場内事故の危険感じた 店内スタッフ親切でフレンドリーです
スターバックス コーヒー 広島段原店,5.0,user_0687,気温が高くて暑がっていたら こちらからは何も言わなかったのに水のサービス ケーキやドリンクも美味しかったけど 店員さんの優しさが嬉しく 幸せな気分になりました
スターバックス コーヒー 広島段原店,5.0,user_0688,ドライブスルーにてマンゴーフラペチーノ さわやかな喉越しがたまりません 親切な店員さんでしたので 特に気分良く頂けました
スターバックス コーヒー 広島段原店,5.0,user_0689,お洒落なミュージック流れる素敵な場所ですね 2階で飲みましたが 見晴らしも良い
スターバックス コーヒー 広島段原店,2.0,user_0690,店内飲食のため駐車したくても ドライブスルー渋滞で入りにくい 2Fの席が30席程度と若干少なく PCやノートを広げている学生が多いためゆっくりできないかな まぁファーストフードのコーヒー屋と思えば致し方ないか 2Fのトイレは女性専用なので男性は1Fのトイレまで降りることになります そしてレジ列横なので な感じ
スターバックス コーヒー 広島段原店,5.0,user_0691,遅くまで開いてるのし ドライブスルーがあるのでよく利用させてもらいます ちょっとした待ち時間にホットドリンクを店内で飲もうかと思い注文したところマグカップで提供してくれました 私的には紙カップより良かったのでその一言が嬉しく感じました
スターバックス コーヒー 広島段原店,4.0,user_0692,フラペチーノは美味しいと言ってました ベリーミルクラテ桜の香りがフワリと香って甘く美味しかったです ケーキはお饅頭食べてる感じでした 今度は友達も一緒に行きたいです ごちそうさまでした
スターバックス コーヒー 広島段原店,3.0,user_0693,エスプレッソを注文したらラテがきました 店員の声が小さく何を言っているのか分からないと思ったが 注文も聞き間違えるとは 季節限定の高いフラペチーノを注文しましたが ホイップがゆるく崩れて見え写真を撮る気にはなれませんでした どうやったらここまで気分を悪くさせる店ができるのか 分かりませんが改善を願います 駐車場には歯止めがあり いちいち駐車券を発行しに行ってレジで無料にしてもらわなければお金がかかるという仕組み 手間がかかります もう行かないかも
スターバックス コーヒー 広島段原店,4.0,user_0694,月末までに使うチケット 笑
スターバックス コーヒー 広島段原店,1.0,user_0695,日々 店の前の歩道を通過しますが 駐車場とドライブスルーから歩道へ飛び出してくる車 なんとかなりませんか 歩行者 自転車の進路妨害をして 気付いても下がろうともしない 自分の運転が間違ってるとも思っていない 何処にでも出現するタイプの人間だとは思いますが ここは特に歩道が狭く交通量も多い 子どもやベビーカーを押して歩いてる人もいます 店側からもなんとか対策出来ませんか 程度の低いドライバーの所為で 店の責任ではないと理解してますが スタバの品位には関わるとは思います という電話を以前してみたんですが 変わらないのでここに書いてみました
スターバックス コーヒー 広島段原店,3.0,user_0696,ドライブスルーOK 間抜けな注文でも今回は神対応でした
スターバックス コーヒー 広島段原店,1.0,user_0697,ドライブスルー20時で閉店 店は23時まで開いてるのに そんなことあるの
スターバックス コーヒー 広島 蔦屋家電店,5.0,user_0698,出張で広島に滞在中 落ち着いて美味しい珈琲をいただきたく初めて伺いました 駅からは少し歩きますが ビル全体の落ち着いた雰囲気も相まってとてもお洒落 店内は適度に静かで お客様も多すぎず 時間を気にせず一杯に向き合えます 仕事の合間に気持ちが整う一杯でした スタッフの皆さまも終始にこやかで ほどよい距離感の接客が心地よいです 落ち着いて珈琲を楽しみたい方におすすめ また利用させていただきます
スターバックス コーヒー 広島段原店,4.0,user_0699,家族でちょっとひと息する為に来店 ここの魅力は2Fのイートインスペース
スターバックス コーヒー 広島段原店,1.0,user_0700,ドライブスルーを利用しようとしたら 帰されたんですが 私の後ろに並んでいた車はドライブスルーに入って行きました どういう基準で選んでいるのか教えていただきたいです
スターバックス コーヒー 広島 蔦屋家電店,5.0,user_0701,広島駅南口すぐの蔦屋家電内にある店舗 書籍や家電売場と一体になった空間で 一般的な路面店よりも落ち着いた雰囲気があります 平日の午前中に利用しましたが 電源席も一定数あり PC作業をしている人も多く見られました 注文はモバイルオーダーを使うとスムーズで ドリップコーヒーも安定した味 天井が高く開放感があり 滞在型利用に向いていると感じました 一方で 時間帯によっては満席になることがあり 特に週末は席の確保が難しいです 観光客や学生利用も多く 静寂というよりは程よい賑わいがあります 座席間隔はやや近めのエリアもあります 読書や作業に適した駅近スタバ 滞在重視で使える落ち着いた一店です
スターバックス コーヒー 広島段原店,4.0,user_0702,2階からの眺めはなかなか良いですね ヘッドフォンかイヤフォンを持参していれば 心地よく過ごせると思います
スターバックス コーヒー 広島段原店,5.0,user_0703,ドライブスルーよく利用します スタッフの方も とても愛想よく丁寧で感心します
スターバックス コーヒー 広島段原店,5.0,user_0704,数年前 営業で外回りに行く前に 元気を出すために朝ドライブスルーでよく利用していました スタッフの皆さまの接客が素晴らしく いつも行ってらっしゃいませと送り出してくださり一日仕事を頑張ることが出来ました 特に メガネのイケメンのスタッフさんには元気をもらえました 引っ越してしまったからめったに行けなくなったけど また機会があれば行きたいですね
スターバックス コーヒー 広島 蔦屋家電店,4.0,user_0705,広島駅から少し離れるので ゆったりとした時間が流れています ゆったりしたい人におすすめ
スターバックス コーヒー 広島 蔦屋家電店,4.0,user_0706,日曜日だからか なんか落ち着かない モバイルオーダーして行きました 店員さんは何名かいらっしゃいましたが キャパオーバーなのか みんなフル稼働していて 聞き辛く何処に取りに行けばいいのかも解ら無かった 駐車場料金が高いので 早く済ませたかった為 何とか 何処で受け取りですか と聞いて 商品は受け取れたけれど 駐車場料金値引の事を説明無し 聞いてもくれず 他の作業中の店員さんに 駐車値引はありませんか とお声かけした所 あっ 有りますよ 少々お待ち下さい と駐車券を受け取って下さいました 念の為 お支払額の確認させて頂いております モバイルオーダーの履歴を見せて頂けますか と言われ 初めての使用の為 ちょっともたついていたのですが カウンターから出て来て下さり にっこり対応して下さいました 彼女には感謝しかありません 超多忙だったでしょうに 親切な真心の籠った対応ありがとうございました 彼女おかげで 来店を後悔なく帰宅できました
スターバックス コーヒー 広島段原店,5.0,user_0707,コロナ禍中頑張って営業して頂きありがとうございます これからも利用したいと思います アフォガート 最高でーす
スターバックス コーヒー 広島段原店,5.0,user_0708,店内や店の入り口には お店の商品が飾られており おしゃれな雰囲気です 土日ともなると お店に列ができて 人気です
スターバックス コーヒー 広島 蔦屋家電店,5.0,user_0709,2025 10 5日曜 9 00ごろ とっても雰囲気のいいスタバ スタッフの方も優しくて 居心地よい 店内も広いので 利用しやすいと思う
スターバックス コーヒー 広島段原店,1.0,user_0710,6 15 時間が曖昧なのですが18時後半 19時頃伺いました レジで待ってましたが誰もおらず 他の人はドライブスルーの方が忙しいのか誰も来てくれず やっと後ろから誰か来たと思ったら 落とし物 された方がいたらしくその人の対応へ やっとレジに戻ってきたと思ったら お待たせしましたもすみませんとかもなく なんならこっちは待たされた側なのに何故かふてくされててとても冷たく対応されました 黒髪のひとつ結びの女性の方でした 駐車券を発行しないといけないのを知らなくてそのまま来てしまったのですが それに対しても お取りくださーい と初めて利用する客に対して厳しいなと感じました 私がドリンクを受け取るのに並んでいた時に その感じの悪い方が休憩になったらしくレジに並んでいたのですが その時も従業員証をぶら下げたまま携帯をいじって気怠そうにしてて レジでは後ろにお客さん並んでるのに気にもせず 肘ついてぺちゃくちゃ仲間と喋ってて なんかもう色々すごかったです スターバックスが好きで旅行先ではその土地のお店に必ずと言って良いほど立ち寄るのですが 広島のスターバックスはあまり良い思い出になりませんでした 他の方の時はそんなことないのかもしれませんが 私が行った時間はスターバックスらしさを何も感じられないお店でした
スターバックス コーヒー 広島 蔦屋家電店,1.0,user_0711,モバイルオーダーで飲み物を注文しました 順調に受け取り飲むと 溢れる え なんで と思ったらコップの繋ぎ目に 飲み口があり そこから滴り落ちて来ました よく見たら ここに飲み口を合わせないでください と書いてある それ 蓋をした店員さんが気を付けてくれるべきではないですか
スターバックス コーヒー 広島段原店,4.0,user_0712,車移動での時間調整に便利で川沿いなので雰囲気が良いです
スターバックス コーヒー 広島 蔦屋家電店,4.0,user_0713,めちゃくちゃオシャレですね 広島駅の蔦屋家電さんは僕業界でも知ってる人いますけど さらにその中にあるスタバはさらにオシャレで良いなぁ 関東に欲しいです 店内がぐるっと円のように作られてるのも珍しいし 中央に注文カウンターを設けるなど 普段見れない造りに少しだけいるつもりがだいぶ腰を降ろしてしまいました 学生達が多く 勉強エリアを区切ったりと調整が難しそうですが こういう場所は必要ですから無くなって欲しくないですね
スターバックス コーヒー 広島段原店,3.0,user_0714,中の店員さんは忙しそうでも丁寧に対応してくださいます 広島市内でドライブスルーができる店舗がここしかないので土日は混んでいます 以前は道路でドライブスルー待ちができましたが できなくなったみたいです それは仕方ないですが 警備員の態度や誘導がなってない ドライブスルーが良くてここに来ているのに 今は入れないし ここで待つのも無理なので諦めるかまた後で来てと言われました 仕方なく一周ぐるりと回ると私の車より後に来た車が何台も入っていました タイミングの問題と言われればそうですが 後ろの車にも同じことを伝えて欲しかったです 結局店内用の駐車場が空いていたので テイクアウトで買いました あとは駐車場で車停めたまま飲んでいる人もいたので それは警備員が注意して出庫するようにするべきだと思います
スターバックス コーヒー 広島 蔦屋家電店,4.0,user_0715,エディオン蔦屋家電の中にある店舗です とてもオシャレで学生が多い店舗でした 勉強する場所が指定されていますが コーヒーなどを飲みながら ゆったり勉強するのも良い場所でした 全体的に木の造りで 暖かみのある内装でした ちょっと年齢の高い私には 少し場違いな感じがしましたね 女性にはとても人気があると思いました
スターバックス コーヒー 広島段原店,5.0,user_0716,ドリンクをテイクアウトしたくて昼前に寄った ドライブスルーは行列 ちゃんと警備員がいて案内してくれた 駐車場が空いていたので結局ドライブスルーはせず 店舗でのテイクアウトへ案内してもらった 駐車場もほぼ満車状態ではあった スターバックスはどこへ行ってもスタッフが丁寧で優しいので安心感がある
スターバックス コーヒー 広島 蔦屋家電店,5.0,user_0717,ドリップコーヒー アップルクリームチーズロール 頂きました アップルクリームチーズロールは香りがとても良いです フワッとした生地にはすでにアップルクリームが練り込まれていて その上たっぷりのクリームが綺麗に乗っかっています 少し温めて頂いたら 風味も増して クリームが柔らかく掬い取れて良い感じです 本日のドリップコーヒーにも合っていました こちらのスタバでは 内装から拘られていて カウンターがまるで大木の幹の様な感じです 大きなガラス越しの席では外の景色がとても良い感じに見えます ただし 日のあたりによっては暑くなります しかし細かく 店員さんが直ぐ対応してくれます とても美味しかったです
スターバックス コーヒー 広島段原店,5.0,user_0718,川沿いですが 近くに他のお店が少ないので 車か自転車の人が多いです 駐車場入口で交通整理する方がいつもいらっしゃいます 駐車券は店内確認してもらうと割引 パソコンを持ち込んで時間つぶしとか勉強するにはいいところです
スターバックス コーヒー 広島 蔦屋家電店,4.0,user_0719,蔦屋家電の中にあって雰囲気はとても良いが 荷物を置くスペースがあまりないので 荷物が多めの人や出張中や旅行中の人には少し使いにくいかもしれないので注意してください
スターバックス コーヒー 広島段原店,5.0,user_0720,ベランダ席あり 2階でのんびりするのもよし 一階のちょっと狭いところで飲むのもよし ゆったり時間楽しみました 朝イチはサラリーマンやOLさんが朝ごはんサクッと食べながら仕事してたり 散歩帰りのイケオジがいたりする 昼過ぎに行くとマダムがたくさんおられる 15時半をすぎると学生が増えます 座るの厳しいかな って感じですね 一番狙い目は朝かな 兎にも角にも立地が良いし駐車場あるので便利ですね
スターバックス コーヒー 広島 蔦屋家電店,4.0,user_0721,スタバ巡り② 駅から近くて 落ち着けるので 時々利用します 蔦屋書店の中にあるので 本も置いてあり なんかとっても雰囲気が良い スタバ片手に読書 素敵ですね 今回はJIMOTOフラペチーノ飲みに行きました 広島じゃけぇフラペチーノ 酸っぱ フラペチーノは甘い をくつがえすインパクトでした 柑橘っぽさが広島じゃけえねぇ
スターバックス コーヒー 広島段原店,3.0,user_0722,ドライブスルーを利用しようと思えば 立地自体は凄く良いのだが 近隣の方へ配慮により道路上では並べないので 思ってる以上にドライブスルー出来るタイミングを逃してしまいます 小さめな店舗なので駐車場に入ってドライブスルー出来るタイミングを待とうとしても 駐車場の台数が多くないので 停められず 待つことが出来なかったりします 駐車場のスペース自体も狭いので 大きい車だと駐車自体が結構大変です スタッフの方が愛想も手際も良い方ばかりなので 駐車場等の問題がホントに残念な店舗です
スターバックス コーヒー 広島 蔦屋家電店,5.0,user_0723,広島駅の地下広場からほぼ直通で行け 8時と比較的早めから開店しているおり 蔦屋家電の中にあるため 雰囲気も良く 少し早めに通勤したときなどにショートで買って本を読んだりと言った軽く時間をつぶす際に利用しています
スターバックス コーヒー 広島段原店,3.0,user_0724,平日の昼は 人が少なく落ち着けます みんなは ドライブスルーです
スターバックス コーヒー 広島 蔦屋家電店,4.0,user_0725,広島駅南口の蔦屋家電の2階にあるスタバです 路面電車を見下ろす景色も後少しです 広島駅2階に乗り入れる路面電車もしばらくすると見れるようになるでしょう 席は意外に多く静かに過ごせる場所です
スターバックス コーヒー 広島段原店,5.0,user_0726,ギフトカード使用で使い方が不安でしたが 丁寧に教えていただきました
スターバックス コーヒー 広島 蔦屋家電店,3.0,user_0727,I have included the translated text using ChatGPT below 小腹が空いたので スタバで食事をとりました やはりスタバなだけあってお店の内装は１００点ですｗｗｗ 軽食を取った後 読書に勤しもうとしてみましたが 環境音がうるさくて集中して読書できなかったので 結局早めに切り上げて帰宅しました ビジネス書籍のような強い集中を必要とする書籍の場合はスタバは向かないのでしょうね 注文した商品は バニラクリームフラペチーノとアメリカンワッフルとあんバターサンドになります 食べた感想なのですが 甘いのが苦手な方は上記の商品はお勧めできないですね 想像以上に甘くてビックリしました あと あんバターサンドはパンのパサパサ感を何とかしてほしいです コストが上がってもいいから 甘いのが好きな方は 癒される甘さで大変満足できると思います アメリカンワッフルは店員さんに温めてもらうのを強くお勧めいたします 価格以上の体験を保証いたしますｗｗｗ I felt a little hungry so I had a meal at Starbucks As expected the interior of the store is perfect lol After having a light meal I tried to focus on reading but the ambient noise was too loud so I couldn t concentrate on my book Eventually I decided to leave early and head home Starbucks might not be suitable for reading books that require strong concentration like business books The items I ordered were Vanilla Cream Frappuccino American Waffle and An Butter Sandwich Regarding the taste after eating I wouldn t recommend the above items for those who dislike sweetness I was surprised by how sweet they were Also I wish they could do something about the dryness of the An Butter Sandwich Even if it increases the cost For those who enjoy sweetness I think they would be very satisfied with the comforting sweetness It s strongly recommended to ask the staff to warm up the American Waffle for you We guarantee an experience beyond the price lol
スターバックス コーヒー 広島段原店,5.0,user_0728,川を眺めながらコーヒーが飲めるのでお気に入りのお店
スターバックス コーヒー 広島 蔦屋家電店,5.0,user_0729,仕事前に行ったり終わってから行ったりとよく利用させて頂いております 人通りも気にならいし定員さんも忙しい中感じが良く落ち着いて仕事の勉強もできます また色々とお洒落な雑貨 家電もあり息抜きに色々見れてとても良い空間 仕事でしか広島駅の方に来ないので楽しく過ごさせて頂いております 広島駅に来た方は是非来店されて見て下さい
スターバックス コーヒー 広島段原店,5.0,user_0730,席も多くゆっくりできる
スターバックス コーヒー 広島 蔦屋家電店,4.0,user_0731,広島駅からすぐ近くにある蔦屋家電の2階にある スターバックスコーヒーさん 窓側から広島駅が見れて 席数もそこそこあるのでお昼過ぎに行きましたが 混雑してました 店内は落ち着いた雰囲気で学生さんも多いですが サラリーマン多かったです スターバックスコーヒーはコンセントあるから サラリーマンは本当助かってます あんバターとアイスアメリカンコーヒー頂きました 広島は仕事で数ヶ月に一度は来るので こちらのスターバックスさんはまた利用したいと思います
スターバックス コーヒー 広島段原店,4.0,user_0732,以前来た時は 駐車スペースがないからと入らせてもらえなかった 今回は時間的なこともあったのかも知れないが スムーズにドライブスルーを利用できた 店員さんの対応も感じ良かった
スターバックス コーヒー 広島 蔦屋家電店,4.0,user_0733,こんにちは ガっチガチ研究所です 寿司屋で男気をみせすぎで お客様にもらったクーポンを思い出し帳尻合わせww 新作のストロベリーとチーズケーキ とてもおいしかったです でも 混雑しすぎじゃー 段原も人は多いけど 高校生や寝てる人ww 読書しようと思ったけど 気分のらず 早めに退散 スタッフさんのイチゴの絵にはホノボノさせてもらいました
スターバックス コーヒー 広島段原店,2.0,user_0734,店舗への出入りが大変なことと 駐車場スペースが狭めで 駐車料金がかかることが低評価の原因とさせていただきます 立地条件的にも仕方ないのでしょうが ただ提供時間も他店より早く感じも良かったです また機会が御座いましたら利用させていただきます
スターバックス コーヒー 広島 蔦屋家電店,1.0,user_0735,混んでる時くらい長居している人に声掛けなどしないのでしょうか 持ち込みのフードを食べている学生もいます イートインの席がないなら事前にひと言断りを入れてほしいです あと客がいるのにレジ前で注文に関係の無い話をスタッフ同士でするのはこちらが舐められているように感じて不快でした
スターバックス コーヒー 広島段原店,2.0,user_0736,スタバの店員さんはハキハキ対応してくれるので好印象ですが駐車場の警備員がダメですね 6台ほどしかドライブスルーに並べないにも関わらず 10台入れるようにならないと入れられないとメガネの男性の警備員の対応 お店との取り決めとあたかも自分達警備員は悪くないような言い草でした その後イートインの車が出ていないにも関わらず中に誘導しており 人によって対応が違う印象です 明らかに10台入れる状態じゃなかったです こちらを言いくるめる為の対応だったように思います
スターバックス コーヒー 広島段原店,4.0,user_0737,よくドライブスルーで利用します 車が車道にまで並んでいることが多いですが 警備員さんがテキパキと案内してくれます 店内で飲食するため駐車したら パーキングの券の扱いがよく分からず時間がかかってしまいました 停めたらまずは 機械で券の発行 レジで提示 処理してくれる 出るとき精算 という流れなんですね 次回からは気を付けます 笑顔の素敵な店員さんとそうでない方とがおられるので 接客にムラがなくなるとより良いです また利用します
スターバックス コーヒー 広島 蔦屋家電店,4.0,user_0738,駅から徒歩圏内のスタバ コンセント Wi Fiあり 朝10時前に入る場合は2階からじゃないと入れずなので注意
スターバックス コーヒー 広島段原店,3.0,user_0739,ドライブスルーでよく利用するのですが クルマが詰まっているときに前の道で待機することは禁止されているので 入り口の警備員に門前払いされます 混雑している時間帯にドライブスルーの待機列に入れるかどうかは運次第といったところで 一台前は入れて 自分は入れず 一台後は入れているというようなこともあり 気分が良くないので再度行く気がなくなりつつあります サービス自体は悪くないので もう少し良い待機システムが整うことを望みます
スターバックス コーヒー 広島段原店,4.0,user_0740,テラス席もあり このご時世 気候的に過ごしやすくて良いですね 店内席は現在2階のみですが 広くて過ごしやすいです ドライブスルーはとても渋滞するので注意です またイートインで駐車希望の方は ドライブスルーの渋滞とは列が別なので 間違えないようにご注意ください
スターバックス コーヒー 広島 蔦屋家電店,5.0,user_0741,複数のカスタムにも対応していただき 少し間を空けて食事を頼んだら可愛いうさぎのイラスト付きで届けてくださいました また利用します ありがとうございました
スターバックス コーヒー 広島段原店,5.0,user_0742,安定のいい感じ
スターバックス コーヒー 広島 蔦屋家電店,5.0,user_0743,蔦屋書店の中にある店舗です コーヒーショップですが 本屋さんの中にあるので店内は静かでゆっくり出来ます コンセントのあるテープルもあるので 仕事やスマホの充電にも便利です
スターバックス コーヒー 広島 蔦屋家電店,4.0,user_0744,急な仕事が入ったため 軽く事務処理を行うためにこちらを利用しました すぐに出るつもりでしたが思いの外美しい内装をしており思わず長居したくなりました 店員さんのサービスも良かったです
スターバックス コーヒー 広島段原店,5.0,user_0745,ドライブスルーはいつもこみあってますが ガードマンさんかいるので安心です ドライブスルーの店員さんの声が聞こえづらい時もありますが 機械の音量かな 気持ちのいい接客はさすがです いつもほっこりします 店員さんの人間性も社員教育がすばらしいのでしょうね
スターバックス コーヒー 広島段原店,4.0,user_0746,日曜日の15時にドライブスルーの列に並びました 警備員さんが的確に誘導してくださるので安心して待てました 並んで大体30分くらいで購入できました 店員さんの笑顔がとても素敵で温かい気持ちで利用できます 頼んだのは ムースフォームラテにバニラシロップとキャラメルソースのトッピング 店を出てから飲み始めたら なんだかいつもと違う気が と思ったら ショットが入っていない 引き返して事情を伝えると お忙しい中作り直して下さいました 因みに ミルクだけのムースフォームラテも これはこれでまた美味しかったので良しです 忙しいときには エラーも起こってしまうんだと思いますが 店員さんの対応がとても優しくて素敵だったので また利用したいと思います
スターバックス コーヒー 広島 蔦屋家電店,4.0,user_0747,店内はかなり広くゆったりしています 平日の通勤時間であっても空いています 時間のある方 待ち合わせ まったりしたい方などにオススメ 本棚もあり そこにある本を閲覧するも可能です 支払い方法については現金の他にクレジットカード使えました 店員の感じも良くとても快適に過ごせました 場所が初めてくる方にはかなりわかりにくいです 少なくとも私は入口がわからず30分ほどかかりました 広島駅側の2F階段を登った先にあります
スターバックス コーヒー 広島段原店,4.0,user_0748,店長さんですかね 男性の方で とても感じの良い方がいらして 和みます 他の方も感じの良いstaffさんが多く いつもホッコリやさしい気持ちをお裾分け頂いております ドライブスルーが比較的いつも混んでいるので パーキングが空いていてもなかなか入れないことが多々 週末はほぼ確実に ように思いますので 1ですみません そのような時は私は 近隣のコインパーキングに止めて歩きます
スターバックス コーヒー 広島 蔦屋家電店,5.0,user_0749,広島駅前の蔦屋家電の２階にあります 店内も広くてゆったり過ごせます プレゼント用に広島のスタバカードを買いましたがスタッフがとても親切に対応してくれて助かりました ちょうどデザインが入り変わるところで両方ご用意できますよと見せてくれました ありがとう
スターバックス コーヒー 広島 蔦屋家電店,5.0,user_0750,落ち着いた雰囲気で居心地がよく 駅からもアクセスがいいので便利です 土曜日の14時代に利用しましたが待ち時間なく座ることが出来ました 店員さんの接客も丁寧で 気持ちよく注文出来ました 広島に行く機会があればまた利用したいと思います
スターバックス コーヒー 広島段原店,3.0,user_0751,アクセスしやすく ドライブスルーもあるので便利 この時勢 ドライブスルーが人気のようで道路上で待つことも 場合によっては 警察からの指導によりこれ以上並べません と帰れ指示が出されることもあるのでそこが難点 その分敷地内に詰めるので今度は店内利用時に駐車場から出れないことも 最近はきちんと誘導を配置しているので出やすくなりました
スターバックス コーヒー 広島段原店,4.0,user_0752,2階席もあり 席も広くてゆったりしています まあスターバックスはどこでもそうですが コーヒー一杯で長居する人たちがいるところなので 満席になって座れないこともありますが 笑 店員さんはみなさん笑顔が素敵で 対応がとても心地よいです 駐車場は 以前は無料駐車場だったのですが 今はお買い物をすると60分無料になっていました 一定額 1300円だったかな 以上のお買い物で90分になります 路面店ならではの ドライブスルーもあり便利です
スターバックス コーヒー 広島 蔦屋家電店,5.0,user_0753,二階席から路面電車広島駅見え 良い雰囲気だと思います 階段で2階に上がり出口 から 入店しましたすみません
スターバックス コーヒー 広島段原店,4.0,user_0754,広島では珍しい郊外店です ドライブスルーがあり車に乗ったまま商品が買えます ただそのためか平日でも車が混み合いますので注意が必要です ただ平日でも警備員さんが立って交通誘導はされています 商品の方は安心のスタバ品質でどの商品も美味しいです 決済方法も各種キャッシュレス決済方法が選べます
スターバックス コーヒー 広島 蔦屋家電店,5.0,user_0755,訪問した時間のせいなのか かなりゆったりしていて落ち着けました また店員さんも皆さん笑顔で感じ良く 初めてメッセージも描いて頂いて感激でした
スターバックス コーヒー 広島段原店,5.0,user_0756,駐車場が狭い上にドライブスルーの渋滞が出来ていて 駐車に少し苦戦するかもしれません 店内は１階の窓際カウンターにはコンセントもあり 景色も良かったです コンセントは机下のフレーム部分にあり 少し分かりづらいです 駐車場は有料ですが 注文をすると90分まで無料になるようでした
スターバックス コーヒー 広島 蔦屋家電店,4.0,user_0757,雰囲気が良く 利用しやすいと思います 朝食や読書におすすめなスタバだと思います
スターバックス コーヒー 広島段原店,4.0,user_0758,普通のスタバですが 広島の中では唯一 のドライブスルーができるスタバです かなり重宝してます とても便利 ただ その反面混むときはかなり混みます 自分だけではなく みんな便利だと思ってるみたいです笑 期間限定商品の時は特に混むので 早めに行った方がいいと思います それと ドライブスルーが混んでいる場合 路肩で待機できる時もあれば 日によってはダメな場合もあります 警備員さん の気分 ダメな場合は 警備員さんに中に入っていいよの合図がもらえるまで 永遠とスタバの周りをぐるぐるしなきゃですのでお気をつけて笑
スターバックス コーヒー 広島 蔦屋家電店,3.0,user_0759,25年9月東京へ新幹線で戻る際 時間があったので時間潰しで訪問 広島駅のスタバよりも広く 人も少なく 読書に快適でした
スターバックス コーヒー 広島段原店,5.0,user_0760,ドライブスルーはいつも渋滞しております 駐車場が少ない為 歩いて行かれるのが良いです
スターバックス コーヒー 広島 蔦屋家電店,5.0,user_0761,とても雰囲気もよく スタッフも笑顔で 1つ1つ丁寧でした テーブル席の配置も 他お客さん同士の対面などを考慮して椅子が設置されていたり テーブルによってはコンセントもあり テレワークやワーケーションにも使える場所だと思います 現在はコロナ対策で同2階 対照的に位置する喫煙室は閉鎖されていましたがスターバックス裏から階段で1階パチンコ店側に喫煙室がありました ちょっと面倒ですが愛煙家の方にもおすすめできます
スターバックス コーヒー 広島 蔦屋家電店,1.0,user_0762,ワンモアでアイスコーヒーに低脂肪ミルク追加したところ低脂肪ミルク５０円追加されたので無料なはずと言っても有料ですのみ 他の店員に言っても絶対有料と曲げないどころかあんたがおかしいと言わんばかりに首をかしげられました その後も間違いを指摘し渋々裏に聞きに行くと無料でしたとのこと 最初に有料と言い続けた店員は逃げていき謝罪なし こんな最低な接客のスタバはじめてです たかだか５０円ですが 払わなくていいものに払いたくはありません
スターバックス コーヒー 広島段原店,5.0,user_0763,スタバの店員さんはどこの店舗の方もとても感じが良いです 対応が素晴らしい
スターバックス コーヒー 広島 蔦屋家電店,4.0,user_0764,蔦屋家電の2階にあります ゆったりスペースで落ち着けます ここに辿り着くまでの店内も興味津々です 電源は窓際カウンター席にあり そこから広電 路面電車 の行き交う姿をみると広島に来た と実感できます エキナカにもスタバはありますが 電源席がなく とゆう意味でもこちらの店舗がおすすめですね
スターバックス コーヒー 広島段原店,1.0,user_0765,今日ドライブスルーを利用したく 午後に訪問しました 路上駐車が難しいのはわかりますし 警備員の方々も一生懸命なのはわかりますが 今日 僕が入り口付近にさしかかった際に 車1台分くらい前が空いてました その状況で 警備員からは入れないの合図があり やむを得ず 諦めかけたら後ろにいた車が 警備員の指示を守ろうとせず その場に待機 そして 結果警備員がその車をドライブスルーに入れました 私らは先に来ていたにもかかわらず 後回しになり 後で来た車を優先 警備員はタイミングがあると言い訳してましたが 正直 なんで とおもいました 残念に思います また わざわざこの場所で営業されるなら 混雑を予想出来るので 駐車場を確保するなり第二店舗を作るなり ドライブスルー増やすなり スタバは マックみたいにドライブスルーが少ないように感じるので 利益が出たらそのあたりに費やすなど 検討されたらと思います
スターバックス コーヒー 広島 蔦屋家電店,4.0,user_0766,蔦屋家電店さんの2階にあります ドリンクの他にアメリカンワッフルを注文したら チョコかキャラメルかハチミツのどれかをサービスでかけてもらえるとのことで キャラメルをお願いしました
スターバックス コーヒー 広島段原店,4.0,user_0767,雰囲気は好き 店内のつくりも 週末は人が多いのと 駐車場が1時間のみ無料なので意外とゆっくりできない ドライブスルーメインならいいのかも
スターバックス コーヒー 広島段原店,3.0,user_0768,食事はしていないのですが初めて行ったので駐車場がチケットを出して領収書を持って行かないといけないのが分からなく店員に聞いてやっと理解できました 駐車場が少ないのでドライブスルーの方が多かったように思います
スターバックス コーヒー 広島段原店,1.0,user_0769,スタバは好きでよく行っていますが はじめて最悪な接客でした また店員の巡回が頻繁で サードプレイスとしての落ち着く雰囲気は一切ない店舗です
スターバックス コーヒー 広島 蔦屋家電店,3.0,user_0770,広島駅周辺でスタバだとここか駅中 蔦屋家電内ということもあり10時OPEN ゆっくり感あります WIFIは蔦屋のSSIDが出てますが パスの表示がなく分かりませんでした
スターバックス コーヒー 広島段原店,1.0,user_0771,店員の巡回が殆んどない為 掃除が行き届いていないし空調も寒すぎることが多い さりげなく何度か指摘したが改善の気配なし 外のテラスはドライブスルー出庫のアラーム音が常時鳴り響いていて全く落ち着かない トイレに入ろうとしたら２階は女性専用のみでこれも不便 オシャレだが何かと残念な点多し
スターバックス コーヒー 広島段原店,3.0,user_0772,スタッフは優しく声掛けなどしてくれるので 入りやすい ドライブスルーは平日でも長蛇の列で使いにくい 駐車サービスがあるので 車を降りて店内でスタッフに質問しながら ゆっくりカスタマイズ テイクアウトするのがベストだと思う
スターバックス コーヒー 広島段原店,3.0,user_0773,テイクアウトで利用した際食事と飲み物を注文し先に食べ物を渡され飲み物は何も聞かず手渡ししようとし袋に一緒に入れて下さいと持っていた食べ物の袋を渡そうとしたら別物なので と面倒そうに別の袋に入れ渡され他のスタバでは一緒に入れてくれる又は聞かれるのが当然だと思っていたし態度も余り良くなかったので残念でした いつもはﾄﾞﾗｲﾌﾞｽﾙｰで利用するので気にならなかっただけなのか今回のｽﾀｯﾌが感じが良くないだけだったのか いずれにせよ残念な対応だった 次行く時は先入観を持たず行きます
スターバックス コーヒー 広島段原店,4.0,user_0774,ドライブスルーは便利 イートインスペースは空いていればゆっくり出来ていいお店ですが 比較的いつもおばちゃん達がが占拠してて騒がしい 店員さんは感じが良い方が多いと思います
スターバックス コーヒー 広島段原店,1.0,user_0775,ドライブスルー利用しに行ったが 車10台以上入らないとのこと 渋滞緩和は分かるが半分以上駐車場空いてるのに入らないのは理解できない 他に管理の仕方があるのではないのかと疑問 もう2度と行かない
スターバックス コーヒー 広島 蔦屋家電店,3.0,user_0776,広島駅南口近くの蔦屋家電の2階にあります 席数がけっこう多く 店も広めです
スターバックス コーヒー 広島 蔦屋家電店,4.0,user_0777,広島駅前を一望できるロケーションが素晴らしい 路面電車を眺めながらスターバックスのドリンクを楽しむことができます
スターバックス コーヒー 広島 蔦屋家電店,4.0,user_0778,本屋さん併設のスターバックス リザーブ店でもおかしくないのと思うのですが 普通のスタバです 併設のスターバックスは全国にありますが こちらのスターバックスは特に綺麗です スタッフさんの接客も丁寧です 落ち着いて仕事もできるので 広島に行くときはカフェ選びの選択肢の一つになりそうです
スターバックス コーヒー 広島段原店,4.0,user_0779,ドライブスルー便利です でも土日はドライブスルー混むので 車をとめて店内に買いに行ってます そのほうが早いので 店員さんの接客はマスクで早口で喋られると ちょっと聞き取りにくかったです すみません
スターバックス コーヒー 広島 蔦屋家電店,4.0,user_0780,蔦屋家電の2階にあるスタバ いろんな席がたくさんあって広くてゆっくりできます 家電 本 雑貨色々あって楽しめます
スターバックス コーヒー 広島段原店,3.0,user_0781,スタッフの皆さんのテキパキとした接遇で気持ちよく待ち時間も短かかったです
スターバックス コーヒー 広島 蔦屋家電店,5.0,user_0782,広島駅前が一望できる開放的な席と大きめのテーブル席があります スタッフのホスピタリティはさすがで 気持ちよく過ごすことができました 客層は 女性が圧倒的に多い印象でした とくに学生が多いように見えました 各種カード決済できますが AMEXは使えませんでした
スターバックス コーヒー 広島 蔦屋家電店,4.0,user_0783,2023 9 20am１１時すぎ来店 レジ４組待ち アイスコーヒー えびとブロッコリーサラダラップ９００円 おいしかったぁ レジの方 感じ良かった
スターバックス コーヒー 広島段原店,1.0,user_0784,ドライブスルー ドライブ 走行 スルー 無視する 走行を無視する その言葉通り ここのドライブスルーは本当にスルーされます ドライブスルーと謳っておきながら 高い確率で 帰らされます 初めからドライブスルー謳うなや 二十数台も駐車場あって十台空きがないと満車扱いになって 道路に並べもせん そんなドライブスルー聞いたことないわボケが
スターバックス コーヒー 広島段原店,1.0,user_0785,最悪でした 渡した駐車券は帰ってこず他の人に 渡してるし ドリンク作成担当の人は忙しすぎてイライラして感じ悪すぎ スプーン下さいて言ってるのになんどもストロー て 一回ストロー てきいて 違うって言ってるのになんども同じこと聞くな クリーム多めで頼んだのにとけてつぶれてぐしゃぐしゃだし 普通より少ないしここよりもお客の多い店に通ってるが 感じがめっちゃくちゃいい コーヒー1杯に５００円以上払ってるんだからこちらも笑顔になるように元気いっぱいに対応してください 返金してほしいくらいです
スターバックス コーヒー 広島 蔦屋家電店,1.0,user_0786,レジで対応されたブラックエプロンの女性店員が驚くほど無愛想でした この店に限らず 他社コーヒーチェーンのほうが丁寧ですし商品もコスパいいですよ 3 9 日 14時台 バーカウンター側のレジにて
スターバックス コーヒー 広島段原店,4.0,user_0787,スタッフの接客が良かった 笑顔で癒しの口調 雰囲気 ショートカットで素敵な方でした 電源付きの席は パソコン利用が目的で内向きで座れるとなお良い パソコン画面が後ろから丸見えなので
スターバックス コーヒー 広島段原店,1.0,user_0788,学生が勉強用途で長時間占拠し 小さい子供連れが寒い屋外 なかなかひどい店
スターバックス コーヒー 広島段原店,5.0,user_0789,初めてスタバの段原店 抹茶クリームフラペチーノとキャラメルフラペチーノ アールグレー オレンジスコーンサンド 美味しかったなぁー
スターバックス コーヒー 広島 蔦屋家電店,4.0,user_0790,蔦屋家電2Fに併設されており 開放的でゆったりとした雰囲気 ドリンク片手に路面電車を見ながらのんびり過ごせます
スターバックス コーヒー 広島段原店,4.0,user_0791,ドライブスルーがあるのがありがたい おやつ時は特に多く 店の外までドライブスルーの列が延びている 店員さんが教育が行き届いており 時期ものが売り切れな時に 通常商品のカスタマイズを提案してくれたりすることもある 勉強してるんだなあと感心しきり
スターバックス コーヒー 広島 蔦屋家電店,5.0,user_0792,アーモンドミルクラテ キャラメルフラペチーノ シュガードーナツ 本日のおすすめを定員さんがとても丁寧に教えて下さり会計迄スムーズに行きゆっくり電車が入って来るのを眺めています スタバは何処に行っても店員さんの感じの良さに関心しています 又行きます
スターバックス コーヒー 広島段原店,4.0,user_0793,市内唯一のドライブスルー併設店です 週末は渋滞します 平日は恐らく大丈夫だと思います 駐車場はロック板のあるタイプなので利用者以外は止めないと思います スタバ利用者は規定の時間までは無料になります
スターバックス コーヒー 広島 蔦屋家電店,1.0,user_0794,勉強してるガキが多すぎる 禁止にすべきだと思う
スターバックス コーヒー 広島 蔦屋家電店,5.0,user_0795,駅近で一番お洒落なカフェ カウンター席から広島駅南口を見渡すことができます
スターバックス コーヒー 広島段原店,5.0,user_0796,広島でテラス席がある唯一のスタバだと思う 駐車場は時間制で長居や勉強には向かないけど 空き時間に少し休憩するには最高の空間でした
スターバックス コーヒー 広島段原店,2.0,user_0797,土日は休業している店も多いので 渋滞がおこっています また店内飲食においては ほかのスタバではグラスのところがプラスチック提供だったり 紙ストローではなくプラスチックストローでした ここまでは別に悪くは無いんだけど 2階ゴミ箱のすぐ側の席に座ったら 回収の店員さんが来て机ギリギリ5cm未満までゴミ箱を引き出しゴミ処理をしていました 匂いもそうですが スタッフはマスクに手袋をしているのに対し 飲食している我々はマスクもないし粉塵がこっちに飛んできて不快でした 少なくとも別の場所でやればいいのにあれは配慮がない行動だと感じました しかも時間が取替の一瞬ではなく5 10分程度に及び手際も悪い 残念ですが30分程度で退席させてもらいました
スターバックス コーヒー 広島 蔦屋家電店,4.0,user_0798,広島駅に行った際に休憩がてらよく使わせてもらってます 駅構内にもスタバありますが そちらは席数少ない上に激混みのなのでだいたいスルーしてます笑 ここは席数も多く 同じフロアないであれば店外の椅子に座って食事が可能です ただ 場所柄 スタベンされてる方が多くて席がなかなか空かないことがあります 店舗側も業を煮やしたのか 少し前から時間制限的な札を渡すようになってましたね 効果はわかりませんが スタベン断固反対派なので長時間の勉強や仕事は図書館や時間貸しのワークスペースでして下さい
スターバックス コーヒー 広島段原店,5.0,user_0799,川沿いの店舗です この近隣 夜の遅い時間に開いているカフェが乏しいので チェーンみせではありますが 有難い存在です 駐車場があり ドライブスルーもありますが ドライブスルーは早くクローズするので注意が必要です
スターバックス コーヒー 広島 蔦屋家電店,4.0,user_0800,ゆっくり出来ました ムースフォームキャラメルマキアートはシロップをバニラ キャラメルに変更しました
スターバックス コーヒー 広島段原店,3.0,user_0801,何度か旦那と利用してます 昨日の夜もドライブスルーを利用しました 若い店員の方が 右折でお帰り下さい と言われ旦那と 右折禁止じゃろ 左折と間違えたんか と話して左折で帰りました マンゴーフラッペ 最高です 商品は最高なのに日によってバイトの学生の接客態度が鼻に付く 良い商品がダメです 警備員の店内の案内されると苛つく こっちはドライブスルー目当てじゃって思って
スターバックス コーヒー 広島 蔦屋家電店,1.0,user_0802,The place is full of young people doing school activities or playing on their cell phones and using other chairs to store bags suitcases and backpacks Customers are forced to eat standing up at the service counter Employees are not active in resolving the situation 店内は 学校の課外活動や携帯電話で遊ぶ若者でいっぱいで 他の椅子にバッグやスーツケース リュックを置いている 客はサービスカウンターで立ったまま食事をせざるを得ない 従業員は状況の解決に積極的ではない
スターバックス コーヒー 広島段原店,5.0,user_0803,コロナ禍での唯一の楽しみ 娘とドライブがてらいくスタバ 最近では平日にいきましたが ドライブスルーから警備員さんもいたりと店内も大盛況で混雑がちですね 県外ナンバーをみることもあるそうです 接触される際は十分に気をつけてドライブスルーを利用されることをおすすめします ドライブスルーのスタバはここだけみたいですし
スターバックス コーヒー 広島 蔦屋家電店,4.0,user_0804,朝は空席があるんですが 夕方は学生が多くて席が無いです 仕事の打ち合わせで使ったんですが うるさくて会話も聞き取りずらかったです 時間をミスりました
スターバックス コーヒー 広島段原店,1.0,user_0805,レジの店員さんの愛想が最悪すぎる ニコリともしないし 不機嫌なのかと思うくらいだった せっかくお気に入りの店舗で新作のフラペチーノをウキウキしながら買いに行ったのに 対応が雑すぎてすごく残念な気持ちになった などとあの店員さんに当たりたくない 商品を渡してくれる店員さんや ドライブスルーの担当の人などはすごく感じ良く対応されてて これがスタバのスタッフさんだなという感じだった 新人さんでおどおどしているとかでもなく ただ単にやる気がないような感じだった せっかくのスタバの印象が悪くなるのであの店員さんは表に出さないで欲しい
スターバックス コーヒー 広島 蔦屋家電店,4.0,user_0806,普通のスタバ TSUTAYA BOoKSとひっついているので 大型店舗だが 人が多い
スターバックス コーヒー 広島段原店,2.0,user_0807,ドライブスルーを利用 外の道路で並んで待っていると警備員が来て 並ばれても混んでいて購入出来ませんので違う店舗に行って下さい 近くの店舗になら無料の駐車場がありますから と ドライブスルーの意味ナイじゃん それならドライブスルー事態やめろよ って感じです
スターバックス コーヒー 広島 蔦屋家電店,4.0,user_0808,朝方は空いていて良かったです 昼頃になると結構人が増えてきますのでゆっくりしたい方は朝8 11時くらいに行くのがオススメです 一蘭並みに店員さんの接客が良かったです 勉強している人やパソコンで作業している方 寝ている方 笑 老若男女色んな方がおられました 勉強などをするにはおすすめです 長居しすぎたら注意されるかも 蔦屋家電が開くまで 午前10時 正面から入ることはできず 裏口のような扉からしか入ることはできません 2Fの外の隅っこに扉があるので初めて行く方は迷うので注意して下さい
スターバックス コーヒー 広島段原店,1.0,user_0809,初めてここのスタバで嫌な思いをしました 12 28 20 30 レジの外ハネボブの女性 だるそうに注文を聞いてきました こちらが質問してるのに無視 接客態度悪すぎ 他の店員さんの対応がとてもいいのに あの女のせいでもう二度と行きたくない気持ちになりました 改善してください
スターバックス コーヒー 広島 蔦屋家電店,1.0,user_0810,何回か利用しているが高確率で注文ミスをされる 交換をお願いしても対応が雑
スターバックス コーヒー 広島段原店,5.0,user_0811,コストコで買ったスタバの豆をいつもこちらで挽いていただいています いつも嫌な顔ひとつせずこちらの淹れる時の状況を聞いて適切な具合で挽いて下さいます 待ってる間に新製品の試飲を勧めて下さったり 立って待っているとわざわざ傍に来て椅子を案内して下さったりとスタッフの皆さんがとても親切で気遣いして下さいます ただ挽いてもらうだけでは申し訳ないのでコーヒーやお菓子を買いますが 無駄な出費だと感じたことは一度も無く また利用したいと思わせてくれるよいお店です 気持ちよく美味しいコーヒーを飲みたいならこちらのお店はオススメですよ
スターバックス コーヒー 広島 蔦屋家電店,3.0,user_0812,妊娠中 レジのお姉さんに 素敵なおなかですね 今何ヶ月ですか と優しい言葉を頂きました ただスタバはここに限らずいつも人でいっぱい 座る所が無いことも 学生達よ スタバで勉強して長居するのはやめておくれ
スターバックス コーヒー 広島段原店,4.0,user_0813,ドライブスルーと店舗利用者でいつも混んでいます 2階のベランダの席はエアコンはありませんが川風が気持ちよくて 比較的空いています ただブザーの音がやかましいかな
スターバックス コーヒー 広島 蔦屋家電店,1.0,user_0814,2024 10 5 テイクアウトで利用 オーダーしたものと違う商品が入っていたため 交換を依頼 1時間ほど持ち歩いた後だったが 交換対応していただけたのは間違っていた商品のみ ケーキ類だったので 全て交換してくれてもよかったのでは 対応にやや不満
スターバックス コーヒー 広島段原店,4.0,user_0815,47都道府県制覇を目指して コツコツ 各都道府県のスタバを利用しています いつも思うのは どの店も素晴らしい
スターバックス コーヒー 広島 蔦屋家電店,2.0,user_0816,とにかく学生が多すぎて 一般客が座れない 時間制限もないので 学生がずーーっと 勉強しているので 観光で疲れて座りたくても席が空かない そこだけどうにかなればいいと思う
スターバックス コーヒー 広島 蔦屋家電店,4.0,user_0817,ドリンクを店内でも書店でも飲んでゆっくりできる 広島では数少ないスペースだと思います 駅にも近く 本の種類は豊富 席数もそれなりにあり便利なのですが 難点はトイレが建物の反対側まで行かないと無いところ でも綺麗です 並ぶ位置も足元のマークでわかり易いし 案内も丁寧でしたが 欲を言えば季節限定メニューのポップなどが弱くて分かりにくかったです そこはエキエの中のスタバの方がパット見でわかるように工夫されていました
スターバックス コーヒー 広島段原店,5.0,user_0818,ここのスタバは好きです o ドライブスルーがあり便利です 時間帯によっては混雑しますが 常に警備員さんがいらっしゃいます スタッフさんも皆さんとてもご丁寧で毎回気持ちよく利用させていただいています
スターバックス コーヒー 広島 蔦屋家電店,3.0,user_0819,基本的には落ち着けるし 対応も良いカフェです そこで働いているアルバイトの子が プライベートで注文する時に 話し込むのはやめて欲しいです 結構混み合ってても お構いなしに話しています 仲が良いのは良い事ですが 改善して欲しいです
スターバックス コーヒー 広島段原店,5.0,user_0820,１階 1人席6席 充電あり 2階 1人席10席 充電あり 2人席11席 2席ソファー 4人席2席 テラス席あり 駐車場あり 60分無料
スターバックス コーヒー 広島 蔦屋家電店,4.0,user_0821,駅近で時間潰せる 作業や勉強がしやすい
スターバックス コーヒー 広島段原店,2.0,user_0822,利用金額によってですが 駐車場無料60分は短すぎるし 駐車場が狭い
スターバックス コーヒー 広島段原店,5.0,user_0823,ドライブスルーで注文する場所ではスピーカーを通してなので 今のコロナの時期に合っていて良いと思いました しかも コロナ以前から導入してて 支払う場所に車で行った際には 注文した商品が準備出来てる という状態で テイクアウトでも店内でも選べて とてもスムーズなシステムのお店でした
スターバックス コーヒー 広島段原店,2.0,user_0824,時間帯にもよるでしょうが 二階の座席数が少なく一人席に関してはかなり長時間使ってる高校生が複数人占領しきって座れず仕方なく2人席を使うはめにしかし後から来た３人組の人たちが座れずしぶしぶ諦め降りてく姿を見ると心苦しくさっさと食べ退店しました一部の席に関してはお客さん自らでしょうが予約席札をあらかじめ設置し購入後自分の予約した席につくといった事をしてるようでした次からは店内飲食ではなくクルマに戻って飲食するか別の店舗に行くか考えようと思います 多分同じ店舗では二度と店内飲食はしないと思います
スターバックス コーヒー 広島 蔦屋家電店,4.0,user_0825,数年前からスターバックスは利用させていただいており こちらの店舗にもよく足を運ばせていただいてます 蔦屋家電内にあるので 買った本をコーヒーを飲みながら と思ってはいても 喋ってる方が多いので あんまり向いてないですかね 蔦屋家電は本屋ほど専門性は無く カジュアルに色んな商品を楽しめるようになっているので ゆっくり本を読むというより 足を休める休憩に利用するくらいで丁度良いのかもしれません 商品やスタッフの方々の接客も良いですよ 自分は本を読むなら他のカフェを利用するかな 色んな商品を見て 足を休める休憩にオススメです スタバは元々が外資系ですし 客層は他地域のスタバとあまり変わらない印象を受けました 外資系と言われると納得です 客層と経営方針はもしかしたら一致するのかもしれませんね コーヒーは安くおかわり出来るのでおすすめですし 環境配慮したストローやカップを使っている所は良いですね 星4です
スターバックス コーヒー 広島段原店,5.0,user_0826,タンブラー買って1000円無料チケットを使いたくて行きました 素直にmax使いたいと相談して私の好みも聞いて下さって本当にmax 超好みのドリンクできました 味が気に入りすぎてレシート保管しました笑 店員さんは気さくな上に美人でそれも で加点です 艸
スターバックス コーヒー 広島 蔦屋家電店,1.0,user_0827,混雑時に勉強する学生が多く イートイン利用できず 混雑時はなにか声掛けをするなどしてほかの利用客が利用出来るようにして欲しい 勉強する学生は他の客よりも使用時間が長いので全く席が開きません
スターバックス コーヒー 広島段原店,5.0,user_0828,コストコへ行った帰りに コーヒー豆を買いに行きました ドライブスルーがある店舗で お持ち帰りには最適ですね 駐車場は ほぼ満車状態なので 道路で駐車待ちするかも 誘導員は居ます
スターバックス コーヒー 広島 蔦屋家電店,5.0,user_0829,店員の対応 店内の清潔さ 店内の広さ 全てにおいて最高水準でした 今まではカフェに滞在してもせいぜい30分だけでしたが ここは3時間以上余裕でいられます そのくらい 最高の場所です
スターバックス コーヒー 広島段原店,5.0,user_0830,いつ行っても ドライブスルーは 並びますねぇ これから野球が始まるので もっと多くなるでしょうね 店員さんはいつも笑顔でいい感じです コーヒーの良い香りで癒されてきました
スターバックス コーヒー 広島 蔦屋家電店,4.0,user_0831,蔦屋家電の中にあります 書籍を見ながらの利用ができます スタバのカフェアメリカーノとキャラメルマキアートってなんであんなに美味しいんでしょうね 店員さんの表情がすこし暗い 愛想 なのと 不潔な感じのお客さんがいて個人的にはマイナス1です
スターバックス コーヒー 広島段原店,5.0,user_0832,混んでいても 店員さんの対応が親切 ストレス溜まらない 2階は落ち着いた雰囲気で テラスもあり過ごしやすい テーブル トイレは店員さんがよく掃除に来ており清潔
スターバックス コーヒー 広島段原店,2.0,user_0833,COD 本日のコーヒー の淹れたての香りが 2階シートの隅々まで漂ってきて 珈琲好きには堪りません 世界中どこでも安定のスタバで 今日も美味しくいただきます が 2階のトイレが女性専用というのはいただけない 時間帯によっては 八割の男性客が階段に列を成し 一階レジ横の男女兼用トイレの順番待ちをしているなんて グローバル企業スターバックスの恥に他成りませんね それがなければ星四つですが 客商売としてそこに気付けないのは あまりにも怠慢と云わざるを得ないので 星二つです 早く気付け
スターバックス コーヒー 広島 蔦屋家電店,5.0,user_0834,スタバはどこも居心地が良くて もちろんコーヒーやスイーツなども美味しくてお気に入りのお店です スタッフの方々もとても感じ良くて最高です 時々 着てる服とか身に付けてる物を褒めて下さったり カープ観戦に行く前に寄れば カープ話を振って下さったり なんかめちゃ嬉しいし 楽しい気分になりま
スターバックス コーヒー 広島段原店,4.0,user_0835,ドライブスルーのできる店舗 駐車場があるが ドライブスルー待ちの渋滞ができたら 停めた場所によってはでにくい 出れない車をよく見かける 土日の夜はドライブスルー待ちの車がよく渋滞している ドライブスルーと駐車場の位置をうまく設計できてないと思う コロナのこの時期はドライブスルーで買えていいと思います 黒いエプロンをつけた スタバのスペシャリスト みたいな人がいる
スターバックス コーヒー 広島段原店,1.0,user_0836,バス通り側からの入店が大変迷惑 強引に右折入店する車も多く 反対車線を走っていて衝突寸前になった また通勤時間帯など 右折待ちの一台の為にバス通りが渋滞していることもよくある 大変迷惑しているので バス通りからの入店対策をしてほしい
スターバックス コーヒー 広島段原店,1.0,user_0837,接客業をある程度やってたから目につくだけかもしれませんがスターバックスの接客の丁寧さも売りだと思っています しかし 今回対応して下さった方は作業のようにレジをされていて正直気分悪かったです 笑笑 そのせいか 私がはっきり喋るべきでしたがオーダーもちゃと通っておらずここには来ないと決めました 笑笑代わりに毎回丁寧に対応して下さる蔦屋書店さんのスターバックスに行こうと思います
スターバックス コーヒー 広島 蔦屋家電店,1.0,user_0838,順番飛ばされました 厳密に言うと 割り込まれましたが お決まりの方からお伺いしますと言う店員 強引に入った女 何故そんな事を許してるのか ドリンクメニュー見て決める人は後回しですか こっちだってすぐ決まったわ 強引に入ってきた女の写真は撮ってます アップしたいです
スターバックス コーヒー 広島段原店,1.0,user_0839,皆が言うように駐車場が癌 1円以上利用で60分 1300円以上の利用で90分しか無料にならない オーバーすると15分100円も取られる カープの試合の日は2倍 球場が近いという事情はわかるけど せめて試合のない日くらいは時間制限とるべきでしょう 街中でもないのに 以前は完全に普通の無料駐車場だったのに えげつない商売するなとちょっと閉口
スターバックス コーヒー 広島段原店,2.0,user_0840,ドライブスルーレーンは長蛇の列なので店の駐車場に停めてテイクアウト
スターバックス コーヒー 広島 蔦屋家電店,1.0,user_0841,テーブル席で1時間ほど勉強していたら 女性店員に注意を受けました そのテーブル席には他に勉強している方 仕事してる方がいて 他の席にも仕事している方が何人もいたのに関わらず 注意されたのは私だけでしたので気分が悪くなりました 注文時に禁止と伝えていただくか 他の利用者にも平等に注意して欲しいです
スターバックス コーヒー 広島 蔦屋家電店,5.0,user_0842,サービスで小さいコーヒー付けてもらいました
スターバックス コーヒー 広島 蔦屋家電店,5.0,user_0843,私はキウイアレルギーで 女性のスタッフさんにそのことを伝えると キウイの試作で使用していないカップを新たに使用していただき さらにはテーブルまで運んでいただきました 忙しい時間帯にも関わらず素晴らしく素早いサービスを提供していただき大変感動しました 広島に来る際はまた寄りたいと思います
スターバックス コーヒー 広島 蔦屋家電店,1.0,user_0844,今までで最悪なスタバでした モバイルオーダーで注文して5分後にカウンターに到着 パートナー 学生の女の子らしき方 は10分経っても声掛け一切なし 私より後に店に入って注文した方のドリンクを作ってていき こちらが注文ミス と不安になってたら はい 〇〇さんですね だけ言い商品をドンって置く 忙しいのは分かりますが残念でした
スターバックス コーヒー 広島段原店,1.0,user_0845,ドライブスルーを利用したのですが 商品を頂く際 トレーが車のミラーに当たりました 気づいていたのかは分かりませんが 店員も客側も気をつけてほしいです こちらの店舗の利用は控えたいです
スターバックス コーヒー 広島段原店,4.0,user_0846,行く機会がなかったのですが ギフト券もらったので 初めて伺いました 店員さんの接客対応は 感じ良かったです エスプレッソ ソロsize 頂きましたが 蓋開けたら 1センチほどの量 これが 通常なんでしょうか ちょっと 驚いた私でした
スターバックス コーヒー 広島段原店,4.0,user_0847,いつも混雑していますが ドライブスルーできるので 近くを通ると必ず立ち寄ります 警備員さん暑いのにお疲れ様です お値段少し高めですが フラペチーノなどとても美味しいです
スターバックス コーヒー 広島段原店,4.0,user_0848,ドライブスルーにするとすごく並びます 並ぶより車を止めて中で買った方が早い気がします 店員さんは愛想いいし色々カスタマイズの方法とか教えてくれるので飲んでみたくなります
スターバックス コーヒー 広島 蔦屋家電店,5.0,user_0849,広くて開放感があって寛ぎやすいレイアウト 駅前を望む窓際の席がお気に入り 立地が良いので混みますが 朝8時に開くので 朝イチに行けばしばらくゆったりできます 店内が混んでいる場合は ドリンクをテイクアウトしてツタヤ家電のラウンジを使うこともできます ヘビロテ中
スターバックス コーヒー 広島段原店,5.0,user_0850,ドライブスルーもあり便利 店内も落ち着いた雰囲気
スターバックス コーヒー 広島 蔦屋家電店,4.0,user_0851,午前中のまったり時間に最適 京浜急行も見られます 広電のラッピング広告車両ですが
スターバックス コーヒー 広島 蔦屋家電店,1.0,user_0852,課題を机の上に置いたまま話していたら 長時間の勉強は御遠慮下さいと言われ 帰るように店員に催促されました オンライン会議をしている人や高校生が長時間勉強をするのはいいのにどうして私たちだけが言われたのですか 滞在時間も飲み物が残っているぐらいなのでそんな長くないはずなんですが 騒がしくもしてないです その上その店員に睨まれました 帰らざるを得なかったです 最悪です
スターバックス コーヒー 広島段原店,5.0,user_0853,スタバはなんだかんだ高いけど 店員さんはみんな感じ良くて好きです
スターバックス コーヒー 広島段原店,5.0,user_0854,ドライブスルーは 20時まででした ただ20時以降はフードロス対策でドーナツやサンドイッチなどフードが20 offになるみたいで お得感がありました
スターバックス コーヒー 広島段原店,5.0,user_0855,ドライブスルーで利用させていただいた際 スタバのゴミが車内にあったことに店員さんが気づいてくださり ゴミ用の袋をつけてくださりました 気の利いた気持ちいい対応をしていただき 良い一日を過ごすことが出来ました ありがとうございました
スターバックス コーヒー 広島 蔦屋家電店,4.0,user_0856,県内外問わずスタバ大好きなので行くのですが よく行くスタバと違い客層が違うせいか穏やか ユックリ テキパキはしてないです ちょっと提供までに時間がかかって少しイライラしてしまいました やはりショッピングモールだと提供も早いしテキパキしてるので場所柄でしょうね なのでサービスで マイナス１にさせて頂きました ユックリ時間の取れる方ならば落ち着いた雰囲気で良いと思いますよ
スターバックス コーヒー 広島 蔦屋家電店,4.0,user_0857,友人とちょっとした時間つぶしに利用しました 二人掛けの席が多く 窓際に座れば駅前が眺められて良い感じでした 隣の席が近いので内緒話は聞かれるかもしれません 笑
スターバックス コーヒー 広島段原店,5.0,user_0858,私の行ったスターバックスの中で店員の接客が一番良いです
スターバックス コーヒー 広島 蔦屋家電店,1.0,user_0859,お勧めのカスタマイズとかあります って聞いたら 迷惑そうに自分の好みでお願いしますとか言われたw 愛想悪いね
スターバックス コーヒー 広島段原店,5.0,user_0860,いつも話しかけても真面目に応えてくれます ドライブスルーも悪くない 駐車場の発券の看板がもっとわかりやすければ わざわざその対応に時間を取られることはないはず
スターバックス コーヒー 広島 蔦屋家電店,4.0,user_0861,スターバックスは接客大会かなんかあるからかどの店舗の店員さんも愛想が良く気分が良くなります ソファや椅子も座り心地良く これは世界中で人気な訳だわ スターバックスの天下は続くな と思いました
スターバックス コーヒー 広島 蔦屋家電店,5.0,user_0862,平日の夕方５時以降は恐ろしく混んでいます 勉強目的の社会人や学校帰りの高校生でごった返しています 土日のほうがまだ空席がちらほらあり 過ごしやすいです 大通り沿いの外向きの席は 夕方以降は控えたほうが良さそうです 目の前の電光掲示板がピカピカと光り 目がチカチカします
スターバックス コーヒー 広島段原店,4.0,user_0863,スタッフさんの対応や声かけが良かったです ブラックエプロンの方に提供してもらったので 自分もコーヒーの知識が増した気がします
スターバックス コーヒー 広島段原店,4.0,user_0864,ドライブスルーで利用しました ここはいつも混んでいますが 警備員さんがあるので 安心です アールグレイティーラテは安定に美味しかったです
スターバックス コーヒー 広島段原店,1.0,user_0865,味はどこも同じだろうが店舗前の道路に左折専用道路がありそこから店に車を入れるので満車の場合 先の信号を左折したいのに妨害され信号を何度も待たされる 警備員がいたが信号が青から赤 赤から青に変わるまで運転手に説明していて進まない パッシング鳴らしても無視 田舎者のスタバカ客にはうんざり
スターバックス コーヒー 広島 蔦屋家電店,3.0,user_0866,友人と 季節の 桜ラテを飲みに行きました 土 の1時過ぎ頃でしたが 店内はほぼ満席で 注文するのにも 10名位の方が並んでました 5分くらい待ちましたが 無事注文できて 美味しく頂けました 桜のアップルパイも食べました 美味しかったけど 一部の女性の店員さんが 店内でしゃべりながら 仕事をされてました 見苦しかったです
スターバックス コーヒー 広島 蔦屋家電店,4.0,user_0867,広島駅のすぐ近くで 蔦屋家電2Fにあります キッチンを囲むようにに席が配置されています 入口付近の大テーブルと窓側カウンター席にはコンセントがあるので スマホやPCの電源に使えますよ いつも混んでいるので星4つにしました
スターバックス コーヒー 広島 蔦屋家電店,5.0,user_0868,コーヒー豆を買ったらコーヒーを味見させてもらいました 主人の分も2人分 優しい店員さんでした ハウスブレンドがおすすめです
スターバックス コーヒー 広島 蔦屋家電店,4.0,user_0869,お昼にアボカドとサーモンのサラダ巻きとイチゴのドーナツいただきました どちらもとてもおいしいです お店の中はエアコンが効いてて窓際の外とつながっているところにすわると丁度いい温度になり 過ごしやすかったです
スターバックス コーヒー 広島段原店,5.0,user_0870,ドライブスルーで購入できるのでコロナ禍でも安心 時間帯によっては渋滞していますが 警備員が適切に指示しているのでそれほど気になりませんでした
スターバックス コーヒー 広島 蔦屋家電店,5.0,user_0871,初めて利用しましたが ワークスペースも備えてあり アクリル板にてパーティションも切られている為 有意義な時間を過ごせました 駅の待ち時間での利用がオススメです
スターバックス コーヒー 広島 蔦屋家電店,5.0,user_0872,広々してとても過ごしやすい店です スタッフの方が何気なくシャツを褒めてくれ朝から気持ちの良い気分になりました また 行きたいです
スターバックス コーヒー 広島 蔦屋家電店,1.0,user_0873,店員がとろいと言う意見がほかにあるが たしかに変だなと感じた ある店員は水でミルクピッチャー的なものを洗っていたが 急いでいて水を盛大に上空に撒き散らして ドリンク待ちの客のトレイをびしゃびしゃにしていたが 店員はそれに気づかずスルーされていた
スターバックス コーヒー 広島段原店,5.0,user_0874,平日22時前なのに外にまで長蛇の列ができていました でも待ち時間15分くらいで買えました 店員さんも10人近くいてそれでも忙しそうでした
スターバックス コーヒー 広島 蔦屋家電店,4.0,user_0875,色んな席があるので 一人でも複数でも楽しめると思います 何より TSUTAYAの中にあるので本が めちゃめちゃ身近にあるのが 凄く嬉しいです
スターバックス コーヒー 広島段原店,4.0,user_0876,川沿いにあるとても落ち着ける感じでした お店の人がとても優しく また行きたいです
スターバックス コーヒー 広島 蔦屋家電店,4.0,user_0877,店員さんが物静かでお上品で優しい ホットコーヒー 熱くて持てなかったので ホールドケース 言わなくてもつけてくれた 本を読みながらまったり ゆっくり出来るのが良い
スターバックス コーヒー 広島 蔦屋家電店,5.0,user_0878,子供連れですが 店員の皆さんがいつも笑顔で話しかけてくださり とても気持ち良くて毎回癒やされます 可愛いイラストを書いてくださったり 優しく接してくださりありがとうございます
スターバックス コーヒー 広島段原店,3.0,user_0879,朝早い時間に利用しました はじめての場所だったので 駐車場のシステムや 入り口出口の仕組みが分かりづらく戸惑いました コロナ禍の現在 一階のスペースはクローズされていて 2階のみの営業です
スターバックス コーヒー 広島段原店,1.0,user_0880,車の入場規制をされていて 徒歩じゃないと入れず 道路上で車で待つことも許されず せっかく行ったのに何も買えず帰りました 次からはスタバが飲みたいと思っても 段原店に行くのはやめようと思います
スターバックス コーヒー 広島 蔦屋家電店,4.0,user_0881,広島駅前にあるセンスある陳列のなかみちやエディオンが入っている建物にあるスタバ お洒落で綺麗な店舗です 久しぶりにキャラメルマキアートとストロベリータルトを食す 値段はそれなりだがたまに飲食すると美味いです
スターバックス コーヒー 広島 蔦屋家電店,4.0,user_0882,広島駅にあるスターバックスは平日でも朝の時間帯 非常に混んでいますが こちらは穴場なのかな とても空いておりすんなり座れました 雰囲気も良く本も読めるため オススメです
スターバックス コーヒー 広島 蔦屋家電店,1.0,user_0883,とにかく長く居座る客が多すぎる 時間制限を設けて居座る時間を制限しないと席にも座れない なんとかしろ
スターバックス コーヒー 広島 蔦屋家電店,5.0,user_0884,蔦屋が入ってて めっちゃオシャレでした
スターバックス コーヒー 広島 蔦屋家電店,5.0,user_0885,開放感があって隈研吾を思わせる建築様式
スターバックス コーヒー 広島 蔦屋家電店,4.0,user_0886,年末に新幹線待ちの時間にフラッと立ち寄ってみました 何も買わなかったし 店員さんと言葉も交わしませんでしたが レスポールとテレキャスターとホテルカリフォルニアのさりげない組み合わせに密かに感動してました
スターバックス コーヒー 広島 蔦屋家電店,4.0,user_0887,購入前の本を読みながらコーヒーが飲めます ゆったりした配置で落ち着けました トイレの位置が遠いのが個人的なマイナス点です
スターバックス コーヒー 広島段原店,4.0,user_0888,ドライブスルーにはもってこいだけど かなり待つ
スターバックス コーヒー 広島 蔦屋家電店,4.0,user_0889,混むとなかなか席がないのが難点ですが 店舗を出て蔦屋家電内の椅子でも飲食できるので助かっています 居心地は良いです
スターバックス コーヒー 広島段原店,4.0,user_0890,友達に誘われて美味しいコーヒーを飲みに こんな所にスタバが と思うような場所でしたが 二階からの開放的な眺めはGOOD ちょっと席と席の間が近いかな 日曜日かなりお客が多い日でした
スターバックス コーヒー 広島 蔦屋家電店,5.0,user_0891,店内広く wifiも完備 電化製品も同フロア買えるのでとっても便利 BGMが少し大きいのが
スターバックス コーヒー 広島段原店,4.0,user_0892,ドライブスルーの時と時間によっては 駐車場に入らないといけない時間があるので パーキングの際は特に車と車の間が狭いので気をつけて駐車してください
スターバックス コーヒー 広島 蔦屋家電店,5.0,user_0893,パートナーさんも優しくて ビューも良くて最高でした
スターバックス コーヒー 広島段原店,4.0,user_0894,店員さんはテキパキとしてドライブスルーや駐車場の案内も手際が良いので感じが良い 人気が高いのでしかた無いが混んでいる事が多いのが難点
スターバックス コーヒー 広島 蔦屋家電店,5.0,user_0895,とても良い雰囲気でよく使わせてもらってます コロナでもここは人が多い気がしますね笑 13時頃から極端に混み出しますので その時間を避けて入ればゆっくり出来ると思います
スターバックス コーヒー 広島段原店,4.0,user_0896,ドライブスルーが土日は混んでて渋滞みたいになってる これさえ改善されればなぁ ただ回転は早いです 決して店員さんが対応遅いとかではないので勘違いなさらずに
スターバックス コーヒー 広島 蔦屋家電店,3.0,user_0897,メニューとかは普通のスタバです 広さは結構あります 本も読みながらくつろげるがいいですね 少しゆっくりしたい方にはオススメです
スターバックス コーヒー 広島段原店,3.0,user_0898,私みたいな初老 50代 にはコーヒーの種類があっても分からない 人それぞれとおもいますが 汗 あと高すぎて気軽に飲めないコーヒーなんて と思ってしまいます ま こんな考えの人間が行く所ではないと理解はしてますが 普段感じてる事を記載しました このお店の事でなくてすみません
スターバックス コーヒー 広島段原店,4.0,user_0899,清潔感もあり 店員さんも親切 ドライブスルーもある貴重な店舗 ドライブスルーが混んでたら店内で買ってから出るのがオススメです
スターバックス コーヒー 広島段原店,4.0,user_0900,駐車場入り口２ヶ所 敷地の東側 北側 が難しい場所にあるので 進行方向によっては入れないです 東側の入り口は南から来た車しか入れません さらに土日は北側の入り口は閉鎖されてますので北 西 東側から来た車は入場できません
スターバックス コーヒー 広島 蔦屋家電店,5.0,user_0901,本当にお世話になってます 最高の味です
スターバックス コーヒー 広島 蔦屋家電店,4.0,user_0902,電車好きは窓側の席がオススメです
スターバックス コーヒー 広島段原店,5.0,user_0903,ドライブスルーでよく利用します 結構渋滞しますが優秀な警備員さんの誘導でスムーズに購入できます 23時まで営業してるのも良い
スターバックス コーヒー 広島 蔦屋家電店,1.0,user_0904,テイクアウトしたモカが 家に帰って飲むとラテだった 電話して 誰でも対応出来るように後日ドリンクを交換させてもらうということに 行ってみたら 誰も分かってないし 普通に どうぞ と出されただけ オープンして間もなくてバタバタはしているのだろうけど 色々と残念
スターバックス コーヒー 広島 蔦屋家電店,3.0,user_0905,広島駅の近く ビルの2階 窓から大パノラマ 広電ファン 鉄道ファンなら絶対おすすめします 蔦屋書店と一緒です 席もゆったりですよ
スターバックス コーヒー 広島段原店,5.0,user_0906,久々に行きました ストロベリーロールパン って名前だったかな少し塩味がパンの外側にしてて 中は苺のムースで甘酸っぱい 飲み物はアールグレイが熱々で美味しかった 熱すぎるくらいなので茶葉を入れる紙カップにそそいで飲みました
スターバックス コーヒー 広島 蔦屋家電店,5.0,user_0907,蔦屋家電内にあるスターバックス 蔦屋家電の2階にあり 落ち着いた雰囲気 大きな窓があり 広島駅南口を見渡せる ビジネス客や帰省者も多く訪れている 2020年頃から休日はほぼ満席の状態が続いているので席が少し足りない
スターバックス コーヒー 広島 蔦屋家電店,4.0,user_0908,比較的椅子の多い店舗でゆっくりはできる但しバリスタの技能レベルはやや低いし無口な店員が多いよここは 他のスターバックスと違って使えるfreeWi Fiがほとんど飛んでない
スターバックス コーヒー 広島 蔦屋家電店,3.0,user_0909,蔦屋併設の店舗 開放的で明るい店内 店舗だけなら星5つ スタッフは 多く来店するであろう 外国人の対応に慣れておらず 長い列ができてしまっていました この点を踏まえて星3つとさせていただきました
スターバックス コーヒー 広島 蔦屋家電店,4.0,user_0910,いつも混んでいます 2階から広島駅前が眺められます 持ち出して蔦谷家電内の高級な椅子でも飲めます
スターバックス コーヒー 広島 蔦屋家電店,5.0,user_0911,元CEOの岩田さんの著書を読んでから益々 好きになった 店員さんの愛想もよく 居心地がよく コーヒーも美味しい
スターバックス コーヒー 広島段原店,5.0,user_0912,いつ行っても対応がいいお店です まずは笑顔 おすすめのカスタマイズについてもよく教えてくださいますし 気さくに話が出きる方が多いです チョッと一息つきたいとき 利用しています
スターバックス コーヒー 広島段原店,5.0,user_0913,従業員の方がとても親切で レジでの会計の時は特に助かりました もちろん オーダーした商品も美味しくて心も身体も暖まりました
スターバックス コーヒー 広島 蔦屋家電店,5.0,user_0914,蔦谷家電に寄った際に利用しています 接客は良く 味もいつもおいしい 店内が混み合っていなければ ゆっくりと過ごせます
スターバックス コーヒー 広島 蔦屋家電店,1.0,user_0915,店員がとろい 大抵レジで10分以上待たされる 人が沢山並んでいるのにレジに入らずウロウロしてみたり 作るほうにまわってみたり 色んなスタバに行ってますがここは最低レベル
スターバックス コーヒー 広島段原店,2.0,user_0916,料理はどの店も同じです ただ なんか今までスタバの店員対応よりか まあ期待すぎるのもどうなんかな だと思うけど 今まで行くスタバは感じが良かった
スターバックス コーヒー 広島 蔦屋家電店,5.0,user_0917,午後からや休日は人が多いですが 広くて良いです
スターバックス コーヒー 広島 蔦屋家電店,4.0,user_0918,いつも人気で商品受け取りまで 少し待ちますが それでも眺めもよく くつろげる空間なので 度々利用しています
スターバックス コーヒー 広島 蔦屋家電店,3.0,user_0919,いつも人が多過ぎて席を取るのが大変です そんな多忙な中でも店員さんの対応は丁寧です
スターバックス コーヒー 広島 蔦屋家電店,5.0,user_0920,さくらフルフラペチーノ 春らしくていいですね
スターバックス コーヒー 広島 蔦屋家電店,4.0,user_0921,広島駅前を眺めながら 優雅にコーヒーブレイクできます
スターバックス コーヒー 広島 蔦屋家電店,4.0,user_0922,コーヒーを飲みながら 手に取りたくなるような沢山の本にコンセプトにこだわった色々な雑貨に囲まれた空間はとても居心地がよかった また今度 手荷物がない状態の日に改めてゆっくり行きたいとおもう
スターバックス コーヒー 広島 蔦屋家電店,4.0,user_0923,とてもおしゃれな家電量販店の中にあるスタバですが 広島駅前にある大きなテレビの光がピカピカ光りすぎて店のなかにいても気になる それ以外はGood
スターバックス コーヒー 広島 蔦屋家電店,4.0,user_0924,窓際の席から路面電車が見えます スタバはどこも飲んでいるの中 とても空いてます Wi fiは使えないのが残念
スターバックス コーヒー 広島 蔦屋家電店,4.0,user_0925,本と家電 インテリアが 融合しており 座るスペースも多くて時間ある時はゆっくりと楽しめます スタバもあっていいですよ
スターバックス コーヒー 広島段原店,5.0,user_0926,よく利用してます 子供が紙ストローだと噛んで使いものにならなくなるのでプラストローをお願いするのですが嫌な顔せず下さるので助かってます
スターバックス コーヒー 広島 蔦屋家電店,4.0,user_0927,人が多くていい席が空いてないこともあるが 居心地の良い空間で気に入っている
スターバックス コーヒー 広島段原店,5.0,user_0928,ドライブスルーは最強ですよね 店員さんも安定に良いから少し遠いけど行きたくなる
スターバックス コーヒー 広島 蔦屋家電店,4.0,user_0929,広島駅で待ち合わせるときはここおすすめです 広いし きれいだし 窓から路面て満車も見えるよ
スターバックス コーヒー 広島 蔦屋家電店,3.0,user_0930,ここは 駅が近いこともあり いつも人が多い 蔦屋家電でも飲んでいいみたいだから そちらで飲むのをお勧めします
スターバックス コーヒー 広島段原店,5.0,user_0931,ネット注文してもらうだけなら 他の店でもいいような気がしてきた
スターバックス コーヒー 広島 蔦屋家電店,1.0,user_0932,モバイルオーダーで注文したが 手提げ袋をつけてもらえなかった 雑な接客されたので二度と行きません
スターバックス コーヒー 広島 蔦屋家電店,5.0,user_0933,2階に店舗があるのでそこから駅前の雑踏を見るのが楽しい 個人的には7時から空いてると尚いいのだが
スターバックス コーヒー 広島段原店,4.0,user_0934,いつも利用してます が なんらかの理由でお店を開けない時にはわかるようにしといてほしいです 開くの待ってました
スターバックス コーヒー 広島段原店,5.0,user_0935,安定のスタバのおいしさです 前面の道路なども混み合う為 待つ覚悟は必要だと思いますが 立地的にも寄りやすく非常に重宝しています
スターバックス コーヒー 広島 蔦屋家電店,1.0,user_0936,カプチーノが激マズでした コーヒーの味せんくて ミルクの泡だけ 金返して欲しいし バイトは 客の動きを見もせんから 不快
スターバックス コーヒー 広島 蔦屋家電店,4.0,user_0937,広島駅の南口にあり バスのりばや路面電車乗り場が一望できる 座席数は そこそこある
スターバックス コーヒー 広島段原店,5.0,user_0938,川沿いで綺麗なお店です
スターバックス コーヒー 広島 蔦屋家電店,5.0,user_0939,声出てて良かったよ ありがとうございます っていう先輩後輩のやりとりが素敵だった 尊死
スターバックス コーヒー 広島 蔦屋家電店,4.0,user_0940,店内から外が見易く 落ち着いたシートがあるので とても寛ぐことが出来た
スターバックス コーヒー 広島 蔦屋家電店,4.0,user_0941,満席のときが多いですね 何を注文しても美味しいです ๑ ڡ ๑
スターバックス コーヒー 広島段原店,5.0,user_0942,昨日 お目当てのキャラメルラテ を買いに行って来ました 明るい定員さん 女の子 男の子 の接客には心暖まる思いをしました 旦那の車にスティッチのぬいぐるみ クリスマス仕様 を乗せてたら女の子が気付いて旦那に話し掛けて居ました笑笑 旦那のニヤニヤした顔を見て笑いました
スターバックス コーヒー 広島段原店,4.0,user_0943,コーヒーもサンドイッチもデザートも美味しいのですが 店が交差点の角地にあるので 店に入る車で渋滞してしまうと左折するのに何度か信号をやり過ごすことがある 接客は丁寧で問題なし
スターバックス コーヒー 広島 蔦屋家電店,4.0,user_0944,店員さんの対応がとても親切で迷っていたらお勧めのケーキなども提案してくれて それがとても美味しかったです
スターバックス コーヒー 広島段原店,5.0,user_0945,初めてこの店舗を利用しましたが お店の雰囲気も落ち着いていて良かったです
スターバックス コーヒー 広島 蔦屋家電店,2.0,user_0946,Tマネーを使ってコーヒーを注文したものの店員さんがレジの操作の仕方をわからなかったようでモタモタ 慣れていけば早くなるんでしょうが 蔦屋家電の中にある店舗だけに少し残念でしたね
スターバックス コーヒー 広島 蔦屋家電店,5.0,user_0947,コーヒーを飲みながら 友だちとゆっくり話し合いができました 誰にも邪魔されずに話ができるエリアがあるのは 有り難いです
スターバックス コーヒー 広島 蔦屋家電店,4.0,user_0948,蔦屋家電もあり 広島駅前の眺めが素敵 とても親切に対応されている
スターバックス コーヒー 広島 蔦屋家電店,4.0,user_0949,駅周辺でお買い物したらふらりと 居心地が良くていつもそこそこ人が入ってます 蔦屋家電の2階
スターバックス コーヒー 広島 蔦屋家電店,5.0,user_0950,桜シフォンケーキ カフェモカ 美味しかった
スターバックス コーヒー 広島 蔦屋家電店,2.0,user_0951,店舗面積広めで眺めもいいです スタッフさんの対応や知識などは特に求めません
スターバックス コーヒー 広島 蔦屋家電店,4.0,user_0952,自分は休みの日に行きます すごく落ちつきがあっていいかなと思います ただ 休みの日は少し込みますね
スターバックス コーヒー 広島段原店,3.0,user_0953,スターバックスで駐車場があって ドライブスルーがあるのでとても便利 何よりもコーヒーが美味しい 加えてケーキが美味しい 2階で川を眺めながらのコーヒータイムは時間の流れがゆっくり感じられる
スターバックス コーヒー 広島 蔦屋家電店,1.0,user_0954,店員の態度が大変良くなかった 2度と行きません wifiもないそうです
スターバックス コーヒー 広島段原店,3.0,user_0955,休日の15時前後は大渋滞です 車で並ぼうとしたら警備員に 近所から苦情が入っているので別のところへ行ってください
スターバックス コーヒー 広島段原店,4.0,user_0956,ドライブスルーでしか購入しませんが 休日いつ行っても警備員さんが交通整備してくださっており行きやすいと思います
スターバックス コーヒー 広島段原店,4.0,user_0957,娘が自分用と私用に買って来てくれてお茶しましたよ 一緒に出かけた時にたまに飲んでいましたね 病院に行った時などホット一息して 家 で飲むコーヒーとは違います 人にもよりますがスタバは美味しいですからね にあって出かけて飲む事もままならない テイクアウトでしばらくは
スターバックス コーヒー 広島段原店,5.0,user_0958,ドライブスルー出来る が 某ハンバーガーショップのような感じではなく 車に乗ったまま買えるだけで待ち時間はインショップと同じ 急ぐのであればコンビニをおすすめする
スターバックス コーヒー 広島 蔦屋家電店,5.0,user_0959,駅から近居場所で 広々した環境でゆっくりできるかくうかんを提供してくれます
スターバックス コーヒー 広島段原店,5.0,user_0960,店員さんが親切で 買いたいコーヒーの酸味や煎り加減等を伝えると希望に合うものを教えてくれます 豆を粉に挽いてもらっている間に 小さいカップコーヒーを頂きました
スターバックス コーヒー 広島 蔦屋家電店,4.0,user_0961,広くて明るい店内 スタッフさんの気配りも心地好いです
スターバックス コーヒー 広島 蔦屋家電店,5.0,user_0962,2階にあります
スターバックス コーヒー 広島 蔦屋家電店,5.0,user_0963,かなりの頻度で通っています とても利用しやすく 居心地の良い場所です
スターバックス コーヒー 広島 蔦屋家電店,4.0,user_0964,広々とした空間ですが なぜか落ち着いてしまうのが不思議です ついつい長居してしまいます
スターバックス コーヒー 広島段原店,5.0,user_0965,スタッフの接客 家族連れが想像以上に多いが 親しまれている証 お店には申し訳ないが10人が一度に使用できる大きなテーブルは 勉強に持ってこい
スターバックス コーヒー 広島 蔦屋家電店,3.0,user_0966,平日がおすすめ 奥にさらに席があり ひろびろとしていた
スターバックス コーヒー 広島 蔦屋家電店,5.0,user_0967,駅周辺にあり 蔦屋書店や家電ショップがあり便利良いです
スターバックス コーヒー 広島 蔦屋家電店,5.0,user_0968,二階から 外が 見れて 良かった おしゃれです
スターバックス コーヒー 広島 蔦屋家電店,5.0,user_0969,店員さんの愛想も良く 丁寧な接客でとても居心地がよい
スターバックス コーヒー 広島 蔦屋家電店,4.0,user_0970,居心地がよくケーキなど種類が多く美味しかったです
スターバックス コーヒー 広島 蔦屋家電店,4.0,user_0971,つたやの２階 広くて雰囲気良いです
スターバックス コーヒー 広島 蔦屋家電店,3.0,user_0972,店舗はお洒落でコンセプトはいいと思うが本を探し辛すぎる 面倒くさい
スターバックス コーヒー 広島 蔦屋家電店,5.0,user_0973,蔦屋書店の中にあるので 居心地最高です
スターバックス コーヒー 広島 蔦屋家電店,4.0,user_0974,店内凄く綺麗です 凄く癒してくれる空間です
スターバックス コーヒー 広島段原店,4.0,user_0975,リバーサイドで仕事の捗る場所です レシート下部分にある もう一杯 の券で 店を出るときテイクアウトしています
スターバックス コーヒー 広島 蔦屋家電店,2.0,user_0976,購入後に席を探し回る羽目に 長時間居座る客が多いのが残念
スターバックス コーヒー 広島段原店,4.0,user_0977,ドライブスルーが混雑しますが丁寧な警備員さんが車をどんどんさばいていて素晴らしかった ドリンク提供も早いです
スターバックス コーヒー 広島 蔦屋家電店,5.0,user_0978,美味しかった 本が並んでて雰囲気がいい
スターバックス コーヒー 広島 蔦屋家電店,4.0,user_0979,ゆったりした空間で 友人とおしゃべりできました
スターバックス コーヒー 広島段原店,3.0,user_0980,最近は車も少なく スムーズに入ることが出来る様になりました たまたま時間がよかったのかもです
スターバックス コーヒー 広島段原店,5.0,user_0981,キレイな店内です 今はコロナの兼ね合いだと思いますが 2階のみとなってました 状況によっては先に席を確保しないと店内で過ごせないかもです
スターバックス コーヒー 広島 蔦屋家電店,5.0,user_0982,キレイで 広くて居心地の良いお店
スターバックス コーヒー 広島 蔦屋家電店,5.0,user_0983,某mixiのモンスターストライクでのモンスポット内にスタバがありノマクエが 捗りました
スターバックス コーヒー 広島 蔦屋家電店,3.0,user_0984,広い ボーッと一日いれそうな空間
スターバックス コーヒー 広島 蔦屋家電店,4.0,user_0985,めちゃくちゃ広くて おしゃれでした
スターバックス コーヒー 広島段原店,1.0,user_0986,警備員のレベルの低さがまじでひどい おばさんの店員もカスタムを言っても理解してないし 対応がゴミ過ぎる
スターバックス コーヒー 広島 蔦屋家電店,5.0,user_0987,広いし快適
スターバックス コーヒー 広島段原店,5.0,user_0988,広島市内では唯一のドライブスルーのスターバックスです 車で訪問して店内での飲食の場合 マツダスタジアムが近いため 駐車場利用はカウンターでいろいろと手続きが必要です
スターバックス コーヒー 広島 蔦屋家電店,5.0,user_0989,広々してて お気に入りの席があります
スターバックス コーヒー 広島 蔦屋家電店,4.0,user_0990,席数も多くゆったりできます
スターバックス コーヒー 広島 蔦屋家電店,4.0,user_0991,ゆったり ゆっくりできる空間ですよ
スターバックス コーヒー 広島 蔦屋家電店,5.0,user_0992,窓から広電が見えて風景に飽きない
スターバックス コーヒー 広島 蔦屋家電店,5.0,user_0993,静かで暖かい 世界どこでも楽な雰囲気
スターバックス コーヒー 広島 蔦屋家電店,4.0,user_0994,とても落ち着いて ゆったりとした 時間を過ごしました
スターバックス コーヒー 広島 蔦屋家電店,5.0,user_0995,駅前最高の路面電車を 楽しむロケーション
スターバックス コーヒー 広島 蔦屋家電店,5.0,user_0996,広電をぼーっと眺めつつコーヒーブレイク まったりとしいい時間
スターバックス コーヒー 広島段原店,4.0,user_0997,いつ訪れても 客足が絶えない人気店です 心地良さがあるのでしょう
スターバックス コーヒー 広島 蔦屋家電店,4.0,user_0998,本を読みながら いい時間がすごせます
スターバックス コーヒー 広島段原店,5.0,user_0999,店員さんが 無料でのトッピングのオススメや 甘いのお好きだったら 有料だけどコレをトッピングしたらもっと美味しくなりますよ 等アドバイスをくださって とても親切でした 夜の混み合ってない時間でしたが 他店舗でこの様な親切な対応は初めてでしたので とても有り難く嬉しかったです
スターバックス コーヒー 広島 蔦屋家電店,3.0,user_1000,席を確保するのが一苦労です
スターバックス コーヒー 広島段原店,5.0,user_1001,店員さんの対応が物凄く丁寧 楽しそうに働いてる姿に笑顔が絶えない素晴らしいお店です また利用したいと思います
スターバックス コーヒー 広島段原店,4.0,user_1002,とても駐車場が混んでいましたが 警備員さんの誘導が素晴らしく入庫も出庫もスムーズに出来ました コーヒーはプレスコーヒーを頂きました 丁寧に説明してくださりとても印象良かったです
スターバックス コーヒー 広島 蔦屋家電店,3.0,user_1003,本屋併設でいい雰囲気です
スターバックス コーヒー 広島 蔦屋家電店,3.0,user_1004,いつも席が満席です
スターバックス コーヒー 広島 蔦屋家電店,5.0,user_1005,お勧めです
スターバックス コーヒー 広島 蔦屋家電店,4.0,user_1006,コンセントあるから充電できました
スターバックス コーヒー 広島 蔦屋家電店,4.0,user_1007,広島でこういう雰囲気はいいですね
スターバックス コーヒー 広島 蔦屋家電店,4.0,user_1008,花見だんごフラペチーノ
スターバックス コーヒー 広島段原店,4.0,user_1009,ドライブスルーの回転が悪い 某ハンバーガーチェーンのドライブスルーみたいに あらかじめメニュー表等を手渡したら 渋滞も改善すると思いました
スターバックス コーヒー 広島段原店,5.0,user_1010,普段ヘルプマークを付けて外出してますが 注文の際 店員さんが優しく対応してくださって有難かったです ヘルプマークを付けていると嫌な目で見られることもしばしばですが全くそういうことも無くて安心して行けます
スターバックス コーヒー 広島 蔦屋家電店,3.0,user_1011,客が多い 席を探さないといけない
スターバックス コーヒー 広島 蔦屋家電店,1.0,user_1012,スタバのwifiどころか 有料のwifiすらない 最悪
スターバックス コーヒー 広島段原店,5.0,user_1013,ドライブスルーで行かせて貰いましたが マイクから出る声も明るくて気持ちが良くて商品を受け取る時も笑顔でよかった
スターバックス コーヒー 広島 蔦屋家電店,5.0,user_1014,オシャレな店内で景色が良いです
スターバックス コーヒー 広島 蔦屋家電店,4.0,user_1015,ベンティはゆっくり飲める クラブサンドが美味しい
スターバックス コーヒー 広島 蔦屋家電店,4.0,user_1016,蔦屋との複合店は暇つぶしに最適です
スターバックス コーヒー 広島段原店,5.0,user_1017,今回は あらびきソーセージ スクランブルエッグ イングリッシュマフィン と 季節のおすすめ ストロベリーフラペチーノ を注文 感想 マフィンは普通に美味しい ストロベリーフラペチーノはシンプル過ぎて少し味気ない印象 当初考えていたチョコレートソースのトッピングを忘れていた事に気付く 残念
スターバックス コーヒー 広島段原店,4.0,user_1018,一階 二階とあって 二階席のほうが広く 一人用のソファーもあって 落ち着けます ただ 二階席の方には女性トイレしかないので男性には不便かも 一階は兼用標示です
スターバックス コーヒー 広島段原店,5.0,user_1019,並ばずに買える
スターバックス コーヒー 広島 蔦屋家電店,4.0,user_1020,商品の展示の仕方大変面白い
スターバックス コーヒー 広島 蔦屋家電店,1.0,user_1021,タンブラーでお願いしたらタンブラーベタベタで帰ってきました
スターバックス コーヒー 広島 蔦屋家電店,3.0,user_1022,椅子を治してほしいのだ
スターバックス コーヒー 広島段原店,3.0,user_1023,何回か行きましたが 駐車場の 出口が曲がっていて 少し狭いので注意です 車を出すときに ドライブスルーで 入って来た車が並んでいるので 出るときに 気を付けましよう ガードマンの方がいるときはいいんですが 狭いので大きな車の方は 注意してくださいね
スターバックス コーヒー 広島 蔦屋家電店,2.0,user_1024,コンセントが少ない もう少し増やして欲しい
スターバックス コーヒー 広島段原店,4.0,user_1025,スタバでは珍しい ドライブスルー がありました 久々でしたが 抹茶ラテを注文して飲んだら美味しかったですよ ストローも紙ストローを初体験でした
スターバックス コーヒー 広島 蔦屋家電店,4.0,user_1026,バス停近くで便利
スターバックス コーヒー 広島 蔦屋家電店,5.0,user_1027,美味しいですよ
スターバックス コーヒー 広島段原店,5.0,user_1028,中の雰囲気が良いです 落ち着く空間でした
スターバックス コーヒー 広島 蔦屋家電店,4.0,user_1029,蔦屋家電と併設されていてシャレオツ
スターバックス コーヒー 広島 蔦屋家電店,4.0,user_1030,レイアウトのリメイクお願いします
スターバックス コーヒー 広島段原店,4.0,user_1031,ドライブスルーの出口が 下り坂 道路と歩道の境目の段差で車高下げてエアロ巻いてるクルマだと擦るかも ご注意を
スターバックス コーヒー 広島段原店,3.0,user_1032,日曜はドライブスルー混んでます タイミング悪いともう少しで駐車場に入れる というところで警備員に周りの迷惑になるから諦めるよう声かけされます
スターバックス コーヒー 広島 蔦屋家電店,5.0,user_1033,ゆったりとできる場所でした
スターバックス コーヒー 広島段原店,4.0,user_1034,川沿いにあって2階はテラス席が開放感があって良いです 風がいつも強いので書類整理には向きません
スターバックス コーヒー 広島 蔦屋家電店,5.0,user_1035,広くて居心地よい
スターバックス コーヒー 広島段原店,1.0,user_1036,限定メニューが1週間以上たつのに昼前に品切れ 発注など計画なさを感じた
スターバックス コーヒー 広島 蔦屋家電店,4.0,user_1037,2階にあります
スターバックス コーヒー 広島段原店,1.0,user_1038,初めて行きました 駐車場が 3 4台空いてるのに ドライブスルーのお客さんの車が 表まで 15台位ならんでるので 駐車場に停めれなくて 近くの コインパーキングに 停めました 一時間で 200円でした
スターバックス コーヒー 広島 蔦屋家電店,5.0,user_1039,本も読めます
スターバックス コーヒー 広島段原店,3.0,user_1040,ドライブスルーがあるスタバ 駐車場もありますが料金がかかります 結構 ドライブスルーが使われるので土日は並びます 珈琲はスタバなのでおいしいです
スターバックス コーヒー 広島段原店,3.0,user_1041,広島にはドライブスルーの店舗が少ないのでここはいつも多いイメージです 広島は車ないと生活不便なのでもっとドライブスルーの店舗数多くてもいい気がします
スターバックス コーヒー 広島段原店,5.0,user_1042,ギフトでもらった豆が挽いてなく 挽いてもらえますか と頼んだら忙しい最中快くとても親切な応対をしていただきました 困っていたのでとてもたすかりました
スターバックス コーヒー 広島 蔦屋家電店,5.0,user_1043,ゆったりできました
スターバックス コーヒー 広島 蔦屋家電店,3.0,user_1044,大体いつも混んでいる
スターバックス コーヒー 広島 蔦屋家電店,4.0,user_1045,暑いのでフラペチーノが恋しい
スターバックス コーヒー 広島段原店,4.0,user_1046,場所的に混雑もなく気軽に立ち寄れるだけに ドライブスルーが渋滞 店内は街中と違ってオーダー混雑はなし
スターバックス コーヒー 広島段原店,3.0,user_1047,時間帯のせいか すごく混んでました 駐車場待ちでした 店内はキレイで テラス席もあります
スターバックス コーヒー 広島 蔦屋家電店,4.0,user_1048,時間待ちに最高
スターバックス コーヒー 広島 蔦屋家電店,3.0,user_1049,スタバです 普通の
スターバックス コーヒー 広島 蔦屋家電店,5.0,user_1050,洒落た空間
スターバックス コーヒー 広島 蔦屋家電店,4.0,user_1051,使いやすい
スターバックス コーヒー 広島 蔦屋家電店,4.0,user_1052,コンセントが多い
スターバックス コーヒー 広島段原店,3.0,user_1053,ドライブスルーで利用しました 普通のスタバです 店内よりドライブスルー待ちの方が混んでいました
スターバックス コーヒー 広島 蔦屋家電店,4.0,user_1054,空間が素敵
スターバックス コーヒー 広島段原店,4.0,user_1055,駐車場出入りが慣れない 店内は落ち着く 川を眺めながらコーヒー飲むと開放感最高です
スターバックス コーヒー 広島 蔦屋家電店,3.0,user_1056,普通にスタバ
スターバックス コーヒー 広島段原店,5.0,user_1057,店員のお姉さんが親切にメニューの説明してくれた
スターバックス コーヒー 広島段原店,5.0,user_1058,警備員さんも中のスタッフの方も感じよく 初めてでも分かりやすく対応してくれてとても親切な方々でした また行ってみたくなりました
スターバックス コーヒー 広島段原店,5.0,user_1059,対応が早く定員さんも優しくてよかった
スターバックス コーヒー 広島段原店,4.0,user_1060,ドライブスルーあるので 便利です ただ駐車場が狭いので混んでいると 時間かかります
スターバックス コーヒー 広島段原店,2.0,user_1061,たまたまだったのか こんな店員同士が愛想のない雰囲気の悪いスタバは初めてです せっかくドライブスルーもあるのに残念
スターバックス コーヒー 広島段原店,4.0,user_1062,ドライブスルーで マイタンブラーで注文すると 中をすすいで注文の商品を入れて頂きました 清々しい対応で また利用しようとおもいます
スターバックス コーヒー 広島 蔦屋家電店,5.0,user_1063,スタバだね
スターバックス コーヒー 広島 蔦屋家電店,4.0,user_1064,蔦屋の二階にあるスタバ ここの店舗も混雑してます 夕方は学生さんが多い ミナモアのteavanaに行ったら ここより全然空いてたりしますが フード系のショーケースが他所の店舗より大きめで充実している気がします 気のせいかな 店内で座れなくても テイクアウトして蔦屋の椅子とテーブルでいただけます
スターバックス コーヒー 広島段原店,3.0,user_1065,ものすごく丁寧な対応をするstuffさんが居た ここはドライブスルー完備 だが曜日 によっては入場口が変わる
スターバックス コーヒー 広島 蔦屋家電店,4.0,user_1066,久しぶりに 利用しました いつもの感じるのですが スタッフの方の細かな心遣いが素敵です メニューの提供や容器の確認など 洗礼されていると感じます 沢山のお客さんが利用されても変わらないのは プロフェッショナルを感じます
スターバックス コーヒー 広島段原店,3.0,user_1067,場所によっては 冷房が効きすぎに感じ 席を移動しました 風量が強いのか 次に座った人も同じく 席を移動して いました
スターバックス コーヒー 広島段原店,4.0,user_1068,対応はすごくいいです また後に行こうかなとレシート欲しかったのに確認後たぶん捨てられたか 私が落としたのかわからないのでアレですが 聞いて欲しかったです
スターバックス コーヒー 広島段原店,2.0,user_1069,ドライブスルー激混み 定員さんは対応がいいけど 駐車場の警備員の対応が 需給に対応できてないから なにか対応考えたほうがいい 事故が起きてからでは遅い
スターバックス コーヒー 広島 蔦屋家電店,1.0,user_1070,蔦屋家電が開店するまでの入り口がわからない
スターバックス コーヒー 広島段原店,5.0,user_1071,ドライブスルーでよく利用します 土日は車道まで待ちの車が多く いつも混んでます
スターバックス コーヒー 広島段原店,3.0,user_1072,ドライブスルーあって便利なんだけど なんで並んでる車の注文聞かないんだろうね
スターバックス コーヒー 広島 蔦屋家電店,5.0,user_1073,スタバにはよく行くけどココは初めてなので情報飲みに行ってみました TSUTAYAとフージョンしてるんだね 駅前にしてはお客さんがえらい少なかった
スターバックス コーヒー 広島段原店,3.0,user_1074,コロナでテイクアウトのみ販売になっていてドライブスルーより店舗駐車場に停めて直接店内購入した方が早い
スターバックス コーヒー 広島 蔦屋家電店,5.0,user_1075,広島駅のすぐ隣に位置し 路面電車が行き交う景色を一望できるお店です 書店の中にあるため 本棚がインテリアの一部となり 本の香りとコーヒーの香りが溶け合います 床から天井まで届く大きな窓からは たっぷりと自然光が差し込みます スタッフはとてもフレンドリーで 英語も堪能です 午前8時から開店しています 素敵な朝食をありがとうございました
スターバックス コーヒー 広島段原店,5.0,user_1076,店内はゆったりしており 接客も勿論高水準 ソファー席 カウンター グループテーブルなど 席も様々で楽しい
スターバックス コーヒー 広島段原店,1.0,user_1077,車が多すぎる 道路で待つのが出来なくなり 警備員に追い返される ドライバースルーが空いていても 入場帰規制中と言われ駐車場合わせて10台しか入れて貰えない
スターバックス コーヒー 広島段原店,5.0,user_1078,良いです ドライブスルー車が多いので並べないので どうにかして欲しい
スターバックス コーヒー 広島 蔦屋家電店,5.0,user_1079,スターバックスと書店と共存するのが不思議だった 京保文庫 同じ感じ1 2階になっていて本好きな方やホットトラックス好きなら是非見てみてください それなりに面白い男 付録雑誌を見るのも面白いです
スターバックス コーヒー 広島段原店,5.0,user_1080,店員さんが気さくで素敵でした 散歩がてら行くのによいところです
スターバックス コーヒー 広島段原店,4.0,user_1081,駐車場は 購入すると60分無料です 二階は落ち着いてゆっくり出来ますね
スターバックス コーヒー 広島段原店,4.0,user_1082,甘いのが苦手な私ですが ほうじ茶キャラメルラテ 店内で 美味しかったです トリプルエスプレッソも好きです
スターバックス コーヒー 広島 蔦屋家電店,5.0,user_1083,窓際に座るとパチンコビューｗｗｗｗ クリスマス限定メニューを食べましたが おいしいです 勉強したり働く人が多いようです
スターバックス コーヒー 広島 蔦屋家電店,5.0,user_1084,広島駅前の蔦屋電器店2階には 本に囲まれたスタイリッシュなスターバックスがあります ゆったりとした座席と柔らかな照明が心地よい雰囲気を醸し出し リラックスして読書を楽しむのに最適な空間です トール ソイモカ 440円 豆乳 50円 コーヒー1杯分のみ 追加コーヒーは50円 540円 税 583円 ナッツのような豊かな香りが特徴で 一口ごとにほろ苦さと滑らかさが複雑に絡み合い 余韻が長く続きます スターバックスジャパンでしか味わえない まさに唯一無二の味わいです 満開の桜をイメージした様々なトラベルマグも販売されており その華やかなラインナップはまさに圧巻です
スターバックス コーヒー 広島段原店,4.0,user_1085,オシャレな外観 マツダスタジアムの近くなので駐車券を発行後 飲食を利用したら一定時間駐車料金が無料になる
スターバックス コーヒー 広島 蔦屋家電店,3.0,user_1086,いつも混んでいます 混雑する前の早朝の朝食にぴったりの場所です テイクアウトカップではなく 本物のマグカップを頼むのを忘れてしまうことがよくあります
スターバックス コーヒー 広島段原店,1.0,user_1087,イチゴの限定が出た時によく立ち寄りますが 毎回売り切れ 泣 ソレイユ行ったらまだありました
スターバックス コーヒー 広島 蔦屋家電店,5.0,user_1088,本当に居心地が良くて素晴らしいです 立地も良く インテリアもとてもユニークで美しいです 本を読みながらコーヒーを楽しんだり モール内を散策したり 電化製品のウィンドウショッピングを楽しんだりできます 広島駅前の景色を眺めながらコーヒーを楽しむのもおすすめです サービスは素晴らしく とてもスムーズで 席数も豊富です
スターバックス コーヒー 広島段原店,1.0,user_1089,2Fは自習室です 眼の前で参考書開いて勉強されると コーヒーを飲みながらゆっくりとくつろげません
スターバックス コーヒー 広島 蔦屋家電店,1.0,user_1090,フラペチーノにチャイ一つ入れられないなんて信じられない 東京のスターバックスは入れるのに 田舎者は入れないのはなぜなのか理解できない もう二度と日本のスターバックスには行かない
スターバックス コーヒー 広島段原店,5.0,user_1091,オシャレなひと時を過ごせました 季節が良ければ テラス席 サイコォ でしょうね
スターバックス コーヒー 広島段原店,5.0,user_1092,川沿いで景色も雰囲気も最高です パーキングは カープがある日 料金設定が高いので注意 ドライブスルーもあり 便利です
スターバックス コーヒー 広島 蔦屋家電店,5.0,user_1093,勉強する人が多い
スターバックス コーヒー 広島段原店,4.0,user_1094,朝早目に来店しました 店員さんがとても感じよく嬉しい気持ちになりました
スターバックス コーヒー 広島段原店,5.0,user_1095,とても良いロケーションで ゆっくり落ち着ける場所です ドライブスルーはいつも道路まで並んでいます
スターバックス コーヒー 広島 蔦屋家電店,5.0,user_1096,広島駅近く2階にあるスターバックス モノレールが動くのを見ることができる窓辺 建物内に書店があり 書籍券購入後 読む良い場所
スターバックス コーヒー 広島段原店,4.0,user_1097,抹茶ラテ頼みました おいしかったです
スターバックス コーヒー 広島段原店,5.0,user_1098,週末やカープ戦の後に行くと大渋滞です 平日なら適度に空いてます
スターバックス コーヒー 広島 蔦屋家電店,4.0,user_1099,TSUTAYAがまだ開店していない時は 入り口を見つけるのが本当に大変です また スターバックスのWi Fiはありませんが 代わりにEdionの無料Wi Fiが利用できます スタッフは親切で 店内は清潔です
スターバックス コーヒー 広島段原店,4.0,user_1100,ドライブスルーで利用 スムーズで店員さんの受け答えも良い
スターバックス コーヒー 広島段原店,5.0,user_1101,買い物しつつ休憩でコーヒー を飲みに行きますが スタバのコーヒーはとても美味しく 店員さんの出際の良さ 明るい対応には ホッとさせてくれます
スターバックス コーヒー 広島 蔦屋家電店,5.0,user_1102,外の雪嵐を眺めながら 豆乳ラテを楽しみました 電車までの時間をつぶしたいなら 最高の立地です 駅構内にもスターバックスがありますが そちらの方がずっと混雑しています スタッフはフレンドリーで 少し英語も話せます 全体的に落ち着いた雰囲気です
スターバックス コーヒー 広島段原店,4.0,user_1103,スターバックスにしては珍しく駐車場は有料です1時間だけなら無料らしいけどそれ以上停めたらすごく高いから注意
スターバックス コーヒー 広島段原店,4.0,user_1104,良い場所にスタバが出来てました 駐車場の仕組みがレジで初めて理解できましたが便利ですね
スターバックス コーヒー 広島段原店,1.0,user_1105,いつもは明るい店員さんが多いのに今日はレジの人も提供をする人も無愛想だった
スターバックス コーヒー 広島段原店,5.0,user_1106,店員の感じが良いのと見晴らしがよいがそれ故窓際の席は大抵空いていない
スターバックス コーヒー 広島段原店,4.0,user_1107,ドライブスルーがうれしい カープの試合がある日は駐車場料金が高くなるのでご注意を
スターバックス コーヒー 広島 蔦屋家電店,5.0,user_1108,ランチに訪れましたが 英語でメニューを言うので 英語で応対してくれて楽でした 広島駅から時間が残って駅近所の店を訪れて訪れたのがビューグルメです 休んでもいいし 広電停がすぐに見えてグッドグッドです
スターバックス コーヒー 広島段原店,4.0,user_1109,２階のテラス席で久し振りにゆっくりできました ドライブスルーの利用も多かったです
スターバックス コーヒー 広島段原店,5.0,user_1110,とても接客がいいので毎回気持ちよく利用が出来ます あと カキの殻を使ったアートもあります
スターバックス コーヒー 広島 蔦屋家電店,5.0,user_1111,広島駅近くのスターバックス店です スタッフはフレンドリーで店舗全体が静かな雰囲気なので休みに行くのが良いです
スターバックス コーヒー 広島段原店,5.0,user_1112,コーヒーとケーキを頼んだのですが とてもおいしい味でした 特にコーヒーは
スターバックス コーヒー 広島段原店,5.0,user_1113,居心地が良い 接客も良く こちらの問い合わせについても ハキハキと答えてくれて気分が良かった また利用したい
スターバックス コーヒー 広島 蔦屋家電店,5.0,user_1114,スターバックスはあまり好きじゃないけど あそこは断然最高 今まで出会った中で一番美味しいお店なので 経営陣がスタッフにちゃんとした報酬を払ってくれるといいな スタッフへのメッセージ クッパはみんな大好き 描いてくれた小さな絵は一生大切にします
スターバックス コーヒー 広島 蔦屋家電店,4.0,user_1115,広島市街を見下ろす2階からの眺め
スターバックス コーヒー 広島段原店,5.0,user_1116,新商品のほうじ茶 クリーム フラペチーノ with キャラメルソースで寛ぎました 周りを見るとほぼ学生さんで頑張ってお勉強してましたね 塾かと思いました
スターバックス コーヒー 広島段原店,3.0,user_1117,ドライブスルーの出口で フロントエアロ リアエアロ 吹っ飛びました ご注意ください
スターバックス コーヒー 広島 蔦屋家電店,5.0,user_1118,本に囲まれた美しい雰囲気と 通りの交差点の素晴らしい景色
スターバックス コーヒー 広島 蔦屋家電店,4.0,user_1119,Wi Fiがない 一体スターバックスって何なの それでも このスターバックスの美しさと広島駅の素晴らしい景色のおかげで 星4つを付けました 行き方 エディオンビルに行って エスカレーターで2階まで上がってください
スターバックス コーヒー 広島 蔦屋家電店,1.0,user_1120,私は広島のスターバックスによく行きます 特に三越のスターバックスにはよく行きます 今日 この店でプラスチックカップで水を頼んだのですが 店員に失礼な態度で断られました 三越の店員はいつも親切に客に対応してくれますが この店は違うようです 失礼なサービスとプロ意識のなさのため 二度とここには来ません やっとプラスチックカップで水がもらえました 小さな紙コップを勧められ テーブルまで持ち帰れるように4つもくれました 紙コップを4つも使うのは 環境にとって持続可能な取り組みなのでし
スターバックス コーヒー 広島 蔦屋家電店,5.0,user_1121,このスターバックスはすごい 素晴らしいお店 ゲスト用のスペースがすごく広い いい椅子 ソファ テーブルがあるので きっと快適な席が見つかるはず ここは蔦屋書店と家電量販店がコラボしたお店なんです すごくいい 本を買わなくても 自分の席で本を持ってコーヒーを飲みながら読めるんです いい 居心地が良くていい場所 楽しんでね
スターバックス コーヒー 広島 蔦屋家電店,5.0,user_1122,素敵な喫茶店ですね 本に囲まれて とても居心地が良いです
スターバックス コーヒー 広島段原店,4.0,user_1123,客席が少なめなので 土日は満席で空間一杯に人がいる感じです
スターバックス コーヒー 広島段原店,2.0,user_1124,外観から予想するより 中は狭いです ドライブスルーが多いのも 頷けます
スターバックス コーヒー 広島 蔦屋家電店,5.0,user_1125,今まで見たスターバックスの中で一番美しいお店の一つです 一杯飲んだ後 併設の商業施設にも行ってみました 本当に素晴らしいです 広々とした空間が広がり 無料の素敵なマッサージチェアもあります 3階建ての図書館もあります 入ると いつ出られるか分からなくなるので 気をつけてくださいね おすすめです
スターバックス コーヒー 広島段原店,5.0,user_1126,店員さんの元気で親切な接客がとても気持ち良いです
スターバックス コーヒー 広島段原店,1.0,user_1127,大体愛想がここのお店の方は良いです 説明きちんとしてくれます
スターバックス コーヒー 広島段原店,5.0,user_1128,ズームズームスタジアムの近くにあるスターバックスです
スターバックス コーヒー 広島 蔦屋家電店,3.0,user_1129,広島限定フラペチーノ 今まで飲んだ中で最悪のドリンク 甘くて人工的な味がした
スターバックス コーヒー 広島段原店,5.0,user_1130,美味しく頂きました
スターバックス コーヒー 広島 蔦屋家電店,5.0,user_1131,❶ Wi Fi Edion Wi Fiは無料でご利用いただけます ❷ とても居心地の良いスターバックス スタッフはフレンドリーで 店内は広く 座席もたくさんあり 通りを見渡す素晴らしい景色も楽しめます
スターバックス コーヒー 広島段原店,2.0,user_1132,駐車場の混雑の時警備員態度悪過ぎ開いてるのに 回ってこいって お客に言って何様って感じです
スターバックス コーヒー 広島段原店,4.0,user_1133,2階テラス席で猿候川を眺めながらのひとときは癒やされます 願わくばそこでタバコが吸えたらなぁ y
スターバックス コーヒー 広島段原店,4.0,user_1134,店内で飲食すると 1時間のパーキング 代が無料になります ２階にはテラス席もあります
スターバックス コーヒー 広島段原店,1.0,user_1135,20時でドライブスルー終わってるし INなら駐車場代かかっちゃうし入口狭いし不便
スターバックス コーヒー 広島 蔦屋家電店,1.0,user_1136,朝食にここへ行きました オレンジジュースはありますか と聞いたら ありました すると彼女は缶ジュースを見せてくれたので 普通の100 オレンジジュースですか と聞くと ファンタとか砂糖入りの化学的なオレンジジュースは要りません 彼女は確認に行きました それから戻ってきて すみません オレンジジュースは子供用です と言いました そこで私は 子供ではないのでオレンジジュースは買えない と説明しました はい 日本語は堪能なのに こんな情けないルールがあるから 私はここに住めないし 住まないことを選んだのです それで私は わかりました と言って それから何もせず 下の階へ降りてスーパーでオレンジジュースとペストリーを買いました 値段はほんの一部でした
スターバックス コーヒー 広島段原店,5.0,user_1137,接客がとても良い ドライブスルーで利用するが いつもとても丁寧に接客されています
スターバックス コーヒー 広島段原店,4.0,user_1138,店内はオシャレでスターバックスらしい雰囲気 ただ駐車場が少なく ドライブスルーもあって込み合うので １
スターバックス コーヒー 広島段原店,5.0,user_1139,子供と行きました 高い椅子に座っていたのですがそれを見ていた店員さんが 子供用の椅子を持ってきてくれたり子供を気にかけてくれて 嬉しかったです
スターバックス コーヒー 広島段原店,4.0,user_1140,二階建てで席も多い トイレは少ない 窓側なら川の景色を眺められる
スターバックス コーヒー 広島段原店,1.0,user_1141,朝早いかったからか 中年の女性は愛想がなく仕事が遅かった サービス業なんだから気持ち良い対応をして欲しいです
スターバックス コーヒー 広島 蔦屋家電店,5.0,user_1142,日本で一番好きなスターバックス GH
スターバックス コーヒー 広島段原店,2.0,user_1143,自動車アクセス0点
スターバックス コーヒー 広島段原店,3.0,user_1144,コインパーキングが併設されているのですが利用支払掲示が入口にないのが残念 お車の来店された場合スタッフにその旨を伝えて下さいね
スターバックス コーヒー 広島 蔦屋家電店,5.0,user_1145,スターバックスは常に8点満点です
スターバックス コーヒー 広島段原店,5.0,user_1146,ドライブスルーをいつも利用しています 最初は戸惑いましたが慣れると
スターバックス コーヒー 広島段原店,3.0,user_1147,非喫煙者には天国でしょうね コーヒーとタバコがセットの人には長居させて貰えないお店です 時代だから仕方ないけど
スターバックス コーヒー 広島段原店,5.0,user_1148,忙しい中 笑顔で明るく対応してくれたので 待つ時間も苦痛ではなかったです
スターバックス コーヒー 広島 蔦屋家電店,3.0,user_1149,すべて順調でしたが 残念ながら 会場内で食事ができたにもかかわらず すべて使い捨てカップで提供され 大量のゴミが出てしまいました 食事と飲み物は美味しかったです
スターバックス コーヒー 広島段原店,4.0,user_1150,素晴らしい所 川を見えます
スターバックス コーヒー 広島 蔦屋家電店,5.0,user_1151,店員のフレンドリーなサービス 賑やかな広島市電をゆっくり眺めるのに最適な場所です
スターバックス コーヒー 広島段原店,3.0,user_1152,JR天神川駅とマツダスタジアムの中間の位置ほどの川沿いにある2階建てのスターバックス 近くに駅やバス停がなく交通機関では利用しづらい 近所のマンションや車や自転車を利用する人向きの店舗
スターバックス コーヒー 広島段原店,5.0,user_1153,注文から提供が早い 忙しくてもとっても気持ちのいい対応 素敵
スターバックス コーヒー 広島 蔦屋家電店,5.0,user_1154,居心地の良い場所とフレンドリーなスタッフ
スターバックス コーヒー 広島段原店,4.0,user_1155,ドライブスルー 時間帯によっては混みすぎるから 普通にお持ち帰りしたほうが早かったりする
スターバックス コーヒー 広島段原店,5.0,user_1156,ドライブスルーの店員さんに天使がいます 親切という意味です
スターバックス コーヒー 広島段原店,5.0,user_1157,忙しいのにみなさん対応がよく笑顔でめっちゃいいです 早いし
スターバックス コーヒー 広島 蔦屋家電店,5.0,user_1158,バードハウス書店の隣 駅からも近い静かなお店です
スターバックス コーヒー 広島段原店,1.0,user_1159,注文の順番を間違えられてので伝えると 逆に切れられます 忙しいのは理解できますが 話のわかる店員を置いて欲しい
スターバックス コーヒー 広島 蔦屋家電店,5.0,user_1160,とても素敵な大きな支店です 素晴らしい景色が楽しめるアームチェアがあります 静かな雰囲気です
スターバックス コーヒー 広島 蔦屋家電店,5.0,user_1161,パチンコビューが殺される場所
スターバックス コーヒー 広島 蔦屋家電店,5.0,user_1162,料理は美味しかったし そこにいた人たちもとても親切だった
スターバックス コーヒー 広島 蔦屋家電店,5.0,user_1163,実際 ここは良い場所なのですが 週末は空席を見つけるのが難しく いつも満席です
スターバックス コーヒー 広島段原店,4.0,user_1164,ドライブスルー利用 パネルでサイズ等を提示してくれて 注文しやすい
スターバックス コーヒー 広島段原店,5.0,user_1165,ドライブスルーがあるので便利でいいです
スターバックス コーヒー 広島段原店,5.0,user_1166,ドイブスルーを利用しました レモンケーキフラペチーノ 美味しかったです
スターバックス コーヒー 広島 蔦屋家電店,5.0,user_1167,通り沿いの素晴らしい景色 サービスも良く 電車の出発までの時間を過ごすのに最適です
スターバックス コーヒー 広島段原店,5.0,user_1168,唯一 ドライブスルーができる店舗なのでコロナ禍の頃時代には嬉しい店です
スターバックス コーヒー 広島段原店,4.0,user_1169,駐車スペースがせまいです _ でも2階から見れる景色はのんびり過ごせます
スターバックス コーヒー 広島段原店,3.0,user_1170,ドライブスルーが混んでると 駐車場から出づらいんだよね
スターバックス コーヒー 広島 蔦屋家電店,5.0,user_1171,眺望も良く快適に休むことができるカフェです
スターバックス コーヒー 広島 蔦屋家電店,5.0,user_1172,今まで行ったスターバックスの中で一番素敵でリラックスできる場所でした
スターバックス コーヒー 広島 蔦屋家電店,5.0,user_1173,今まで行ったスターバックスの中で一番美味しかった 本当にありがとう
スターバックス コーヒー 広島段原店,5.0,user_1174,閉店前にも関わらず笑顔で接客して頂きました
スターバックス コーヒー 広島段原店,5.0,user_1175,ドライブスルー混んでいる時は 駐車して店内で買うと早いです
スターバックス コーヒー 広島 蔦屋家電店,1.0,user_1176,ノートパソコンを持った人々で満席で 座ることは不可能です
スターバックス コーヒー 広島 蔦屋家電店,4.0,user_1177,いつも混んでいます ドリンクも美味しいです
スターバックス コーヒー 広島段原店,5.0,user_1178,優しい定員さんが多くて 聞いたらおすすめなど教えてくれるのでよく行きます
スターバックス コーヒー 広島段原店,4.0,user_1179,今日は 蒸し暑かったので アイスコーヒー頼みました HouseBlendです
スターバックス コーヒー 広島段原店,1.0,user_1180,スタバ渋滞は何とかしないと 近所迷惑だし 危ないし 公道はスタバの所有物なの 私道
スターバックス コーヒー 広島 蔦屋家電店,4.0,user_1181,トラム駅の素晴らしい景色を望むいつものスターバックス
スターバックス コーヒー 広島段原店,5.0,user_1182,ここの店員さん 通常メニュー意外にオススメや意外なメニューの組み合わせなど次来たらこうしようって思うメニューを薦めてくれる面白いお店でした
スターバックス コーヒー 広島段原店,3.0,user_1183,座席数のわりに勉強している方が多く イートインがなかなかできない
スターバックス コーヒー 広島段原店,4.0,user_1184,バルコニーの眺めがなかなか良い 暑いし寒いけど
スターバックス コーヒー 広島段原店,4.0,user_1185,店で買えば駐車場90分無料 フルーツのオートミールあるけども おかずオートミールない
スターバックス コーヒー 広島段原店,4.0,user_1186,ドライブスルーがあるので良いのですが時間帯によっては行列が出来る
スターバックス コーヒー 広島 蔦屋家電店,4.0,user_1187,素晴らしいスタッフ 素敵な雰囲気
スターバックス コーヒー 広島段原店,4.0,user_1188,ドライブスルーがよく渋滞するのが難点なんですよね
スターバックス コーヒー 広島 蔦屋家電店,5.0,user_1189,この場所が大好きです スタッフはとても親切でした
スターバックス コーヒー 広島段原店,5.0,user_1190,ドライブスルーが有りコーヒーを買いやすい そして支払いにクレジットカードが使える
スターバックス コーヒー 広島段原店,5.0,user_1191,落ち着いた感じの雰囲気で従業員さんの対応も大変良いお店です
スターバックス コーヒー 広島段原店,4.0,user_1192,安定の美味しさです
スターバックス コーヒー 広島段原店,4.0,user_1193,眺めもいいし マツダスタジアムから近いよ 以前ここで エルドレッドに逢えたよ
スターバックス コーヒー 広島段原店,4.0,user_1194,いつも朝利用します テラスから猿猴川が見えてゆっくり出来ます
スターバックス コーヒー 広島段原店,3.0,user_1195,誰が使っても良いけど 勉強して長時間滞在は何か違うと思う 正直迷惑
スターバックス コーヒー 広島 蔦屋家電店,5.0,user_1196,非常に洗練されたエリア
スターバックス コーヒー 広島段原店,4.0,user_1197,やっぱりスタバの珈琲が美味しいよね 雰囲気もいいし
スターバックス コーヒー 広島段原店,4.0,user_1198,接客は丁寧です たまに試食を配ってくれます
スターバックス コーヒー 広島段原店,5.0,user_1199,現在 凄い人で混雑してます ドライブスルーが特に
スターバックス コーヒー 広島段原店,5.0,user_1200,ドライブスルーより駐車して中に並んだ方が早い場合があります
スターバックス コーヒー 広島段原店,4.0,user_1201,車から降りなくてもドライブスルーで購入できます
スターバックス コーヒー 広島段原店,4.0,user_1202,意外にゆっくりできます 一時間しか 駐車場無料かネックかな
スターバックス コーヒー 広島段原店,4.0,user_1203,居心地のいい空気感です 作業や休憩に適しています
スターバックス コーヒー 広島段原店,4.0,user_1204,結構人が多いが 入れなくなるほどではない 家族連れも多いので 少しうるさいかも
スターバックス コーヒー 広島段原店,1.0,user_1205,景色は良いのですが 定期的に鳴るアラーム音 がうるさくて落ち着きません
スターバックス コーヒー 広島段原店,5.0,user_1206,店員さんの笑顔が素晴らしいです これからも頑張ってください
スターバックス コーヒー 広島段原店,5.0,user_1207,お店に入る前に駐車券を出してからドリンクを買うようにしましょう
スターバックス コーヒー 広島段原店,4.0,user_1208,接客はよく教育されてます 従業員が明るい
スターバックス コーヒー 広島段原店,3.0,user_1209,駐車場が少ないのが残念ですね それ以外は流石スターバックスコーヒーですね
スターバックス コーヒー 広島 蔦屋家電店,5.0,user_1210,広島旅行開始
スターバックス コーヒー 広島段原店,4.0,user_1211,駐車場が有料になったのは残念だけど 二階席からの眺めがよい
スターバックス コーヒー 広島 蔦屋家電店,5.0,user_1212,ここに来れて嬉しいです
スターバックス コーヒー 広島段原店,1.0,user_1213,店側の不手際で駐車料金を払わされた
スターバックス コーヒー 広島段原店,5.0,user_1214,ドライブスルーでも店内でも ゆっくり出来る
スターバックス コーヒー 広島 蔦屋家電店,5.0,user_1215,ハロウィン
スターバックス コーヒー 広島段原店,3.0,user_1216,店内 特に二階テラスは おススメです
スターバックス コーヒー 広島段原店,4.0,user_1217,お店の雰囲気良い 美味しいコーヒーと共にゆっくりできる
スターバックス コーヒー 広島段原店,4.0,user_1218,いつも流行っていて混雑していますが 駐車場もあって雰囲気もあります
スターバックス コーヒー 広島 蔦屋家電店,5.0,user_1219,フレンドリーなスタッフ
スターバックス コーヒー 広島段原店,3.0,user_1220,2階は冷房が凄すぎてまるで冷蔵庫なので服装には注意
スターバックス コーヒー 広島段原店,3.0,user_1221,特別なことはない 駐車場も時間制限があって微妙
スターバックス コーヒー 広島段原店,4.0,user_1222,2階が席ですが 一杯でしたのでテラス席へ 寒空の下のカプチーノのなかなか
スターバックス コーヒー 広島段原店,4.0,user_1223,ドライブスルーが便利でお出かけついでに車で良く寄る
スターバックス コーヒー 広島段原店,5.0,user_1224,広島市のスタバ中で一番好きです ２階席でのんびりさせてもらってます
スターバックス コーヒー 広島段原店,1.0,user_1225,キャラメルフラペチーノの味が薄く何かと混ぜた味がしたからとても不愉快でした
スターバックス コーヒー 広島段原店,5.0,user_1226,何にしようか悩んでても 店員さんがわかりやすく説明してくれてるので 助かります
スターバックス コーヒー 広島段原店,2.0,user_1227,駐車場が60分しか無料じゃないので ゆっくり過ごせない
スターバックス コーヒー 広島段原店,5.0,user_1228,新商品の試食が出来ました とても美味しかったです
スターバックス コーヒー 広島段原店,4.0,user_1229,ロケーションが良いです だけど いつも大繁盛で 落ち着かなくて
スターバックス コーヒー 広島段原店,1.0,user_1230,店員に面と向かってキモイと言われた 二度といかない
スターバックス コーヒー 広島段原店,5.0,user_1231,スタジアムに行く前に寄りますね ちょっとした時間つぶしに最適
スターバックス コーヒー 広島段原店,2.0,user_1232,ドライブスルーで何度か利用 なぜなのか要領が悪い
スターバックス コーヒー 広島段原店,5.0,user_1233,ドライブスルーをいつも利用させて頂いています
スターバックス コーヒー 広島段原店,2.0,user_1234,店員さんは 言い方でしたが お客様の大きな声で ちょっと イラついてしまった
スターバックス コーヒー 広島段原店,3.0,user_1235,少しオシャレなマクドナルドみたいな店舗 新天地のあたりのスタバもマクドナルドみたい
スターバックス コーヒー 広島段原店,4.0,user_1236,ドライブスルーがもう少し空いてると良いですね
スターバックス コーヒー 広島段原店,5.0,user_1237,とにかく ひととき のひと言 香りといい大好きです
スターバックス コーヒー 広島段原店,4.0,user_1238,2階席は川沿いの風景を楽しめ ゆっくりできます
スターバックス コーヒー 広島段原店,5.0,user_1239,プールの後の一息に良かったです
スターバックス コーヒー 広島段原店,4.0,user_1240,ドライブスルーがあるせいか店内は空いています
スターバックス コーヒー 広島段原店,4.0,user_1241,場所はいいけど 朝から人が多い
スターバックス コーヒー 広島段原店,4.0,user_1242,テラスから小川を見ることができます 常に駐車場が混んでいるのが難点
スターバックス コーヒー 広島段原店,3.0,user_1243,星2つか3つかが悩むところですが 蔦屋系より良いと感じるので
スターバックス コーヒー 広島段原店,3.0,user_1244,駐車場代がかかるのがマイナス 時間が気になって落ち着けない
スターバックス コーヒー 広島段原店,4.0,user_1245,ドライブスルーで 午前７時30分には開いています
スターバックス コーヒー 広島段原店,5.0,user_1246,美味しかった
スターバックス コーヒー 広島段原店,5.0,user_1247,ここの スタバは コーヒーも美味しいし 景色も良くてのんびりできます
スターバックス コーヒー 広島段原店,5.0,user_1248,ドライブスルーが便利 抹茶クリームフラペチーノが美味
スターバックス コーヒー 広島段原店,3.0,user_1249,いつ行っても混んでいる感じがする
スターバックス コーヒー 広島段原店,5.0,user_1250,コーヒーパスポートをもらいました いろいろ勧めていただき嬉しかったです
スターバックス コーヒー 広島段原店,2.0,user_1251,まだ行った事がないので友人連れて行きたいです
スターバックス コーヒー 広島段原店,5.0,user_1252,ゆっくりくつろげます 珍しく単独店です
スターバックス コーヒー 広島段原店,5.0,user_1253,今日から販売の塩ラーメン最高でした
スターバックス コーヒー 広島段原店,5.0,user_1254,駐車場 ドライブスルー テラス席があるテナントタイプではないスターバックスです
スターバックス コーヒー 広島段原店,5.0,user_1255,笑顔の接客対応が夏の暑さを解きほぐしてくれます
スターバックス コーヒー 広島段原店,5.0,user_1256,朝活にスタバ 最高 ω b
スターバックス コーヒー 広島段原店,1.0,user_1257,店員の作業が遅い
スターバックス コーヒー 広島段原店,5.0,user_1258,店員さんの対応がとても優しく素敵でした
スターバックス コーヒー 広島段原店,3.0,user_1259,せっかく窓際の席座ったけど テーブルがガタガタしてた
スターバックス コーヒー 広島段原店,2.0,user_1260,ドライブスルーあるけどメニュー数が少ない
スターバックス コーヒー 広島段原店,5.0,user_1261,こんなSTYLEのお店が沢山出来ればいいなぁ
スターバックス コーヒー 広島段原店,5.0,user_1262,2階が合ってゆっくり出来ます
スターバックス コーヒー 広島段原店,3.0,user_1263,混雑がすごい 店員さん接客
スターバックス コーヒー 広島段原店,2.0,user_1264,意識高い系人が多くてウザかった笑
スターバックス コーヒー 広島段原店,4.0,user_1265,少し並ぶとことが多いが オススメ
スターバックス コーヒー 広島段原店,3.0,user_1266,川側のテラスは見晴らしが良くてリラックスできます
スターバックス コーヒー 広島段原店,5.0,user_1267,良く利用させてもらってます
スターバックス コーヒー 広島段原店,2.0,user_1268,アイスティーの味が変わった感じがした 期待はずれ
スターバックス コーヒー 広島段原店,5.0,user_1269,店員さんがいつも笑顔で親切
スターバックス コーヒー 広島段原店,4.0,user_1270,客席は少なめ ドライブスルーメイン
スターバックス コーヒー 広島段原店,3.0,user_1271,住宅地の中にある よそのスタバよりくつろげる
スターバックス コーヒー 広島段原店,4.0,user_1272,いつも満席 駐車場も有料
スターバックス コーヒー 広島段原店,2.0,user_1273,休日は すごい混んでます 特に で入庫は
スターバックス コーヒー 広島段原店,2.0,user_1274,駐車場が めんどくさい
スターバックス コーヒー 広島段原店,5.0,user_1275,居心地 サービスともに素晴らしい 最高です
スターバックス コーヒー 広島段原店,3.0,user_1276,ドライスルーが入れないことがあります
スターバックス コーヒー 広島段原店,5.0,user_1277,ドライブスルーできます 楽チン
スターバックス コーヒー 広島段原店,5.0,user_1278,スタッフね方々の笑顔が抜群です
スターバックス コーヒー 広島段原店,5.0,user_1279,感じの良い店員さんばかりです
スターバックス コーヒー 広島段原店,5.0,user_1280,従業員の愛想がとても良かったです
スターバックス コーヒー 広島段原店,5.0,user_1281,テラスもあってめちゃいい
スターバックス コーヒー 広島段原店,4.0,user_1282,川を眺めながらぼんやりするのによかった
スターバックス コーヒー 広島段原店,2.0,user_1283,土日は車が多く テイクアウトに時間がかかる
スターバックス コーヒー 広島段原店,2.0,user_1284,いつも混み過ぎ Д
スターバックス コーヒー 広島段原店,4.0,user_1285,ゆっくり落ち着いてコーヒータイムをすごせます
スターバックス コーヒー 広島段原店,2.0,user_1286,定員よって液量が違う
スターバックス コーヒー 広島段原店,4.0,user_1287,店員さんが ムチャ優しい
スターバックス コーヒー 広島段原店,3.0,user_1288,店員さんが明るくて気持ちいい
スターバックス コーヒー 広島段原店,5.0,user_1289,ドライブスルーがあり デカフェもあるので
スターバックス コーヒー 広島段原店,5.0,user_1290,いつも皆さんとても素敵な笑顔でありがとうございます
スターバックス コーヒー 広島段原店,5.0,user_1291,席数が少ないです
スターバックス コーヒー 広島段原店,5.0,user_1292,ロケーションも良いので最高です
スターバックス コーヒー 広島段原店,5.0,user_1293,とっても美味しいです飲み物など
スターバックス コーヒー 広島段原店,5.0,user_1294,落ち着いた雰囲気が楽しめます
スターバックス コーヒー 広島段原店,1.0,user_1295,ファミマのコーヒーのほうが 美味いと思う
スターバックス コーヒー 広島 蔦屋家電店,3.0,user_1296,快適
スターバックス コーヒー 広島段原店,5.0,user_1297,ベンティサイズがお得です
スターバックス コーヒー 広島段原店,5.0,user_1298,空いた席を探すのをすぐ手伝ってくれました
スターバックス コーヒー 広島 蔦屋家電店,4.0,user_1299,善意から出たものです
スターバックス コーヒー 広島段原店,4.0,user_1300,店内は意外に静かです
スターバックス コーヒー 広島段原店,5.0,user_1301,スタッフが優しい
スターバックス コーヒー 広島段原店,4.0,user_1302,騒々しくなくて ゆっくり過ごせる
スターバックス コーヒー 広島段原店,5.0,user_1303,ドライブスルーいいですね
スターバックス コーヒー 広島段原店,1.0,user_1304,警備の奴らの愛想悪すぎ
スターバックス コーヒー 広島段原店,4.0,user_1305,席数少ない ソファが無い
スターバックス コーヒー 広島 蔦屋家電店,5.0,user_1306,駅のすぐ近くなので 駅に出入りする路面電車 電気バス を眺めることができ パノラマビューが楽しめるので便利です
スターバックス コーヒー 広島段原店,5.0,user_1307,スタッフさんほんといい人
スターバックス コーヒー 広島段原店,4.0,user_1308,1階は狭いですね
スターバックス コーヒー 広島段原店,5.0,user_1309,やや席が少なめです
スターバックス コーヒー 広島段原店,4.0,user_1310,スタッフもとても感じがいい
スターバックス コーヒー 広島段原店,5.0,user_1311,ドライブスルーもあります
スターバックス コーヒー 広島段原店,3.0,user_1312,ドライブスルーできるスタバです
スターバックス コーヒー 広島段原店,4.0,user_1313,ちょっと待ち時間が 長かった
スターバックス コーヒー 広島段原店,3.0,user_1314,いつも混んでます
スターバックス コーヒー 広島段原店,5.0,user_1315,ホッと一息美味しいコーヒー
スターバックス コーヒー 広島段原店,5.0,user_1316,ゆったり時間が過ごせます
スターバックス コーヒー 広島段原店,3.0,user_1317,日本一混んでる
スターバックス コーヒー 広島段原店,4.0,user_1318,車でも行きやすい
スターバックス コーヒー 広島段原店,3.0,user_1319,駐車場が入りにくい
スターバックス コーヒー 広島段原店,5.0,user_1320,スタッフの対応が丁寧です
スターバックス コーヒー 広島段原店,3.0,user_1321,ドライブスルーの導線が悪い
スターバックス コーヒー 広島段原店,5.0,user_1322,世界の腕前を堪能できます
スターバックス コーヒー 広島段原店,3.0,user_1323,スタバドライブスルー イイね
スターバックス コーヒー 広島段原店,3.0,user_1324,待ち時間が長い時あり
スターバックス コーヒー 広島段原店,4.0,user_1325,コーヒーの種類おおくていい
スターバックス コーヒー 広島段原店,5.0,user_1326,定員さんのサービス最高
スターバックス コーヒー 広島段原店,4.0,user_1327,普通のスタバ 立地は良い
スターバックス コーヒー 広島段原店,4.0,user_1328,新作の回転が早い
スターバックス コーヒー 広島段原店,4.0,user_1329,駐車場が狭い
スターバックス コーヒー 広島段原店,5.0,user_1330,ドライブスルーが便利
スターバックス コーヒー 広島段原店,3.0,user_1331,勉強は家でやれよ
スターバックス コーヒー 広島段原店,4.0,user_1332,リバーサイドで良い雰囲気
スターバックス コーヒー 広島段原店,5.0,user_1333,２階がおすすめ
スターバックス コーヒー 広島段原店,3.0,user_1334,ゆずシトラスティー
スターバックス コーヒー 広島段原店,3.0,user_1335,さすが 住宅街に出店
スターバックス コーヒー 広島段原店,5.0,user_1336,最高でーす
スターバックス コーヒー 広島段原店,4.0,user_1337,落ち着くリバーサイドです
スターバックス コーヒー 広島段原店,5.0,user_1338,おいしいです
スターバックス コーヒー 広島段原店,4.0,user_1339,ドライブスルーがある
スターバックス コーヒー 広島段原店,4.0,user_1340,ふつう
スターバックス コーヒー 広島段原店,4.0,user_1341,最高
スターバックス コーヒー 広島段原店,4.0,user_1342,対応がいい
スターバックス コーヒー 広島段原店,5.0,user_1343,ドライブスルーがある
スターバックス コーヒー 広島段原店,5.0,user_1344,安定
スターバックス コーヒー 広島段原店,4.0,user_1345,雰囲気がいい
スターバックス コーヒー 広島段原店,3.0,user_1346,普通です
スターバックス コーヒー 広島段原店,5.0,user_1347,最高
スターバックス コーヒー 広島段原店,5.0,user_1348,雰囲気がいい
スターバックス コーヒー 広島段原店,5.0,user_1349,む
スターバックス コーヒー 広島段原店,5.0,user_1350,接客が素晴らしい
スターバックス コーヒー 広島段原店,5.0,user_1351,ダークモカフラペチーノ うまい
スターバックス コーヒー 広島段原店,4.0,user_1352,ええやん
スターバックス コーヒー 広島段原店,5.0,user_1353,リピーター
スターバックス コーヒー 広島段原店,3.0,user_1354,明るい店内
スターバックス コーヒー 広島段原店,4.0,user_1355,景色が良い
スターバックス コーヒー 広島段原店,5.0,user_1356,エスプレッソが最高
スターバックス コーヒー 広島段原店,4.0,user_1357,落ち着ける場所
スターバックス コーヒー 広島段原店,5.0,user_1358,おいしい
スターバックス コーヒー 広島段原店,3.0,user_1359,スタバ
スターバックス コーヒー 広島段原店,5.0,user_1360,店員も親切でした
スターバックス コーヒー 広島段原店,5.0,user_1361,いつも平日の朝にドライブスルーで利用しています とても感じのいい店員さんが多く 今日も一日頑張ろうという気持ちになります ありがとうございます
スターバックス コーヒー 広島段原店,4.0,user_1362,平日の16時ごろに利用しました 席は2階と1階があります 2階はテラスもあり見晴らしがよいです 席にもコンセントがある場所があり とても快適でした
スターバックス コーヒー 広島段原店,5.0,user_1363,ドライブスルーのあるスタバを探して段原店に行きました しかし間違えて他の店舗でモバイルオーダーしておりスタッフの方に聞くとやはり違う店舗でした そうしたらスタバの黒エプロンのスタッフの方が こちらでも用意することができますと言って下さりました とても親切なスタッフの方ばかりでとても感動しました 柔軟な対応をして下さりありがとうございました
スターバックス コーヒー 広島段原店,5.0,user_1364,くつろげていい店
スターバックス コーヒー 広島段原店,5.0,user_1365,スタバはどこも店員さんがフレンドリーで親切です 笑顔も素敵
スターバックス コーヒー 広島段原店,5.0,user_1366,スタッフの対応が 親切
スターバックス コーヒー 広島段原店,5.0,user_1367,店内利用は駐車場が空いていることが多いのでオススメ
スターバックス コーヒー 広島段原店,5.0,user_1368,テラスでコーヒーを飲むのはとても気持ちの良い体験です スタッフの方々もとても親切で丁寧です
スターバックス コーヒー 広島段原店,5.0,user_1369,広島エンコ川沿いと松田野球競技場が見えるところにある素敵なスバック
スターバックス コーヒー 広島段原店,5.0,user_1370,モバイルオーダー ドライブスルー フレンドリーなスタッフが対応してくれました ありがとうございました
スターバックス コーヒー 広島段原店,5.0,user_1371,良いですね
スターバックス コーヒー 広島段原店,4.0,user_1372,川を見渡せる素敵な屋外テラス 最高に美しい川ではありませんが それでも川です
スターバックス コーヒー 広島段原店,5.0,user_1373,食事はしませんでしたが 仕事はたくさんできましたし スタッフは入店時も退店時も歓迎してくれました
スターバックス コーヒー 広島段原店,5.0,user_1374,2階に座席エリア 駐車場 ドライブスルー窓口を備えたユニークで広々としたお店で 何度も足を運んでいます コストコやマツダズームズームスタジアムからも徒歩圏内です スタッフも人数が多く とても活発で 日本語と英語の両方でコミュニケーションが取りやすいです
スターバックス コーヒー 広島段原店,5.0,user_1375,日本のスターバックスです ドライブスルーもあります 駐車場はありますが 有料です でも コーヒーを飲みに店内に入って店員に頼めば 少なくとも1時間の無料駐車券をもらえます 1時間を超えるとすぐに料金が高くなります
スターバックス コーヒー 広島段原店,5.0,user_1376,以前行ってたよ 立地が良い
スターバックス コーヒー 広島段原店,4.0,user_1377,店内は快適ですが ドライブスルーはひどく時間がかかります 駐車場はありますが 駐車してから券売機でチケットを取り 購入時に認証する必要があることを覚えておいてください
スターバックス コーヒー 広島段原店,5.0,user_1378,特に土曜の夜は とても楽しい場所です
スターバックス コーヒー 広島段原店,3.0,user_1379,景色は美しく 空間も素敵で サービスも迅速です しかし サービスの質は一流とは言えません 内装と料理は少し物足りないです
スターバックス コーヒー 広島段原店,4.0,user_1380,とても素敵なスターバックスストア
スターバックス コーヒー 広島段原店,5.0,user_1381,素晴らしい 広々としていて とても静かです
スターバックス コーヒー 広島段原店,3.0,user_1382,コロナ通り置きで1階使用不可で2階は座席が多くなく すぐに満席になります
スターバックス コーヒー 広島段原店,5.0,user_1383,眺めが良い
スターバックス コーヒー 広島段原店,5.0,user_1384,広島市内で唯一 屋外席のあるスターバックス おすすめです
スターバックス コーヒー 広島段原店,5.0,user_1385,ヴォルゴグラードが大好きです 母と散歩した思い出が蘇ります
スターバックス コーヒー 広島東雲店,4.0,user_1386,ドライブスルーサービスを有しているスターバックス 車に乗車したままドリンクやフードのオーダーが可能で車内で受け取りができます 駐車場はゆとりのある広さになっており 混雑時にも利用しやすい環境だと思います
スターバックス コーヒー 広島東雲店,4.0,user_1387,平屋タイプの広島市内では まだ少ないタイプのスタバです 駐車場も広く ドライブスルーもあります 店内はテーブル席と一人用の席がありますが ファミリー層が多いみたいなので大きめのテーブル席を増やしたほうがいいかなと思います ドリンクとフードはどれも外れなく美味しいです 女子トイレが一つしか無いので 来客数に対してはもっとあればいいかなと思います
スターバックス コーヒー 広島東雲店,5.0,user_1388,広い駐車場にオシャレな店内 ドリンクもフードもクオリティが高いです フレンドリーで暖かい接客に気持ちが和みます
スターバックス コーヒー 広島東雲店,3.0,user_1389,オープンしたばかりのため 注文時に聞き返しや提供の間違いがまだ見受けられます ただ ドライブスルーは認知度や道路事情のためか空いており 待たされずに利用できるのは有難い点です また 駐車場が広く車での利用がしやすいこと そして店員の方々が元気で愛想よく対応してくださるのも印象的でした これから提供面が改善されれば さらに快適に利用できる店舗になると感じました
スターバックス コーヒー 広島東雲店,5.0,user_1390,休日の9時前頃に行きました 店内は結構広めなのでゆとりがあります 店員さんも 皆さんとても感じが良くて過ごしやすかったです 駐車場が無料なのもポイント高いです
スターバックス コーヒー 広島東雲店,2.0,user_1391,玉露抹茶フラペチーノを注文しました ですが あまりミキサーで砕かれてなくストローで吸う際に氷が引っかかり全く吸えない状況に陥りました 急いで商品を出すのは構いませんがもう少し丁寧に商品作りを行なって欲しいです
スターバックス コーヒー 広島東雲店,5.0,user_1392,初の東雲店 ドライブスルーでも良かったんだけどウンコがしたかったので店内潜入 店員さんがみんな超忙しそうで全員チャップリンみたいに動いてる ワイ 金のネックレスを褒めてもらいご機嫌 いつものアフォガードで今日もバキバキに決める 771円
スターバックス コーヒー 広島東雲店,5.0,user_1393,子供の習い事の間に仕事をしあげようと寄りました 飲み物をテーブルに引っ掛けてしまい こぼしてしまった時にすぐに綺麗にしてくださり 一方で飲んだ量より多めに入れ直してくれたりとスマートなサービスで感動しました 普段はカフェで仕事をするタイプではありませんが スタッフの皆さんが笑顔で素敵な空間を作ってくれてるのを見て 煮詰まった時にこう言う場所で仕事をするというスタイルも良いなと思いました
スターバックス コーヒー 広島東雲店,4.0,user_1394,2025 8 12 国道沿いの新店舗 段原店より広く開放的なイメージ ドライブスルーのレーンも長いので段原店のように公道へのはみ出しや それによる迂回指示なども発生しないかと思われる 国道沿いなので入るのは楽 キッズミルクなるものが幼児向けにあり1歳児が一気飲みするほど美味しかったようだ 笑
スターバックス コーヒー 広島東雲店,3.0,user_1395,新しく出来たスタバさん 何故かスタバが大好きです スタッフさんの教育が良いのか皆スムーズですよね 若さかな 取り敢えず今回は東雲 マツダスタジアム前はコンセントが一部使える所あり助かった記憶が有ります この先もっと店舗が増えて来ます コンセントが使える席が有れば嬉しいと感じました
スターバックス コーヒー 広島東雲店,5.0,user_1396,新しく出来たので行ってみた キャストさんも優しく親切 可愛い ゆっくり出来るスタバです
スターバックス コーヒー 広島東雲店,5.0,user_1397,最近よく行きますが 駐車場が広く そこまで混み合ってないのでスムーズにドリンクをいただけます スターバックスは店員さんがとても愛想がいいので本当に気持ちがいいです
スターバックス コーヒー 広島東雲店,5.0,user_1398,郊外型のスタバ店内飲食初めて利用しました ドライブスルーもありました 新しい店舗だけあって駐車場も広く 駐車場係の方もいらっしゃって車で行くのに良いです 店内のお席は少なめかな ソファ席があるといいな と思いました
スターバックス コーヒー 広島東雲店,1.0,user_1399,こちらの店舗は22時閉店のはずですが 深夜0時や1時を過ぎても明かりがついており 女性スタッフが一人で自転車で帰宅していくのを何度も見かけます 閉店から2 3時間も残業させているのでしょうか それともサービス残業でしょうか この時間帯の女性のひとり歩き 自転車 は非常に危険ですし 企業の労務管理としてあまりに無責任だと感じます
スターバックス コーヒー 広島東雲店,4.0,user_1400,東雲店は できたのに中々行けなかった休みだけ2号線通るのでドライブスルー利用してみました
スターバックス コーヒー 広島東雲店,4.0,user_1401,令和７年６月29日記載 国道２号線下り 南区仁保新町一丁目の 元 明興建設があった場所に 南区８番目のスターバックスが間もなくオープンです 本浦交差点手前のココス東雲店のすぐ手前です 現在建物はほぼ完成して 店内の什器を搬入されていました ドライブスルー対応の店舗のようで 外構工事が進められています 明興建設の建物が撤去された跡地に 青木商事の看板が立っていたので 洋服の青木の店舗ができるのかと思っていました 海田方面からは直接進入できますが 広島方面からは 本浦交差点を右折して大回りのルートになります 令和７年７月13日追記 今朝スターバックスの前を通ると 駐車場の舗装やライン引きも完了していました 店舗のガラス窓と駐車場の入り口に 令和７年７月28日 月曜日にオープンと 予告が出ていました 開店が近付くと ホームページでの案内や 新聞等の折り込み広告等が入ると思います 令和７年７月29日追記 ７月28日 月曜日の朝７時に 場所は仁保新町ですが 広島東雲店としてオープンしました 東雲店の営業時間は 朝７時開店 夜22時の閉店となります 昨日の10時前頃に店舗前を通ると 広い駐車場は３分の２くらい埋まっていました 今朝 同じ頃に通ると ４ ５台くらいしか車は停まっていませんでした 手前の駐車場の出入り口と 広島側のドライブスルーの出口側に 誘導スタッフが付いていました ドライブスルー出口側の２号線側の 店舗屋外にカフェテラスが設けられています パラソルにテーブルと椅子が並べてありますが 今の時期は暑いので カフェテラスに出られている方は居ないようです お洒落なスペースになっているので 涼しくなったら利用される方も増えると思います
スターバックス コーヒー 広島東雲店,5.0,user_1402,ドライブスルーを利用 対応してくれたおねーさんの対応が最高 気持ちよくドライブに行けました また利用しようと思います
スターバックス コーヒー 広島東雲店,2.0,user_1403,提供されるところに飲み終わったマグが返却されており 忙しいのかそのまま 返却場所にも大量のマグ 今までいろいろな店舗を利用しているがそのようなことは初めてで改善して頂きたいです
スターバックス コーヒー ＮＨＫ広島ビル店,3.0,user_1404,平和記念公園近くの放送会館の中にあるスタバ 窓際の席は開放感あってよいです
スターバックス コーヒー 広島東雲店,5.0,user_1405,従業員さんの愛想も良く接客態度が本当に素晴らしいです 頻繁に仕事に利用させてもらっています
スターバックス コーヒー ＮＨＫ広島ビル店,4.0,user_1406,スタバ巡り④ 2021 7 31来店 スタバのマークがあるエスカレーター上ると なんかワクワクします 他のスタバにはないワクワク感です お店はとても落ち着いた感じですが 平和大通りが近くて 景色もとても良いです 今回は新しく発売されたコーヒー豆を買いました コーヒー産業に関わる女性に敬意を表したこの商品 スタバのマークの女性がデザインされているそうですが 横を向くとこういう感じになるんですね スタバってほんとにいろいろ楽しめて 大好きです
スターバックス コーヒー 広島東雲店,5.0,user_1407,ショートヘアの女性スタッフさんが気持ちの良い接客をしてくれます ヤンキー多い
スターバックス コーヒー ＮＨＫ広島ビル店,5.0,user_1408,NHK広島ビルの2階にあるスタバです 1階から専用エスカレーターで上がるんです 店内はそんなに広くありませんが平和大通りや路面電車を眺められるカウンター席がかなりいい感じです 外国人の来店も多く落ち着いた静かにコーヒーなどを楽しめる かなり好印象のお店です 再訪間違いなしです
スターバックス コーヒー 広島東雲店,5.0,user_1409,初めて夜に利用 閉店3時間前はセイブフード20 引きがありお得にお茶を飲めた
スターバックス コーヒー ＮＨＫ広島ビル店,5.0,user_1410,700円のギフトチケットがあったので使おうと思い 訪問しました ほうじ茶ラテカスタムを注文したところ 500円くらいなのでチケットが余ってしまいますがいいですか と聞いてくださったので もったいないですかね でも 甘すぎないものがよくて と回答 それならクリームブリュレラテのカスタムもおすすめです とアドバイスしてくださり その通りに注文したところ とっっっても美味しい カスタムの詳細は覚えられず 写真に撮りました とても親切にアドバイスくださり 良いカフェタイムを過ごせました チケットについて 使い切れないのはもったいないけど仕方ないなあと思っていたところだったのでとても嬉しいお声かけでした お礼を伝えて去りたかったですが レジに列ができていたため ここでお礼を伝えさせてもらえればと 広島のスターバックスのなかでも ゆっくり落ち着いて過ごせる空間だと思います また伺います
スターバックス コーヒー 広島東雲店,4.0,user_1411,甘ーいもの 大好き
スターバックス コーヒー ＮＨＫ広島ビル店,4.0,user_1412,こちらはNHK広島放送局に入っているスタバ 建物外部にあるエスカレータを上ると直ぐ左側にあります 階高は３階分くらいの高さがあり平和大通りの交差点を見渡せるナイス立地のお店です スターバックスラテ ショート 449円 日曜日の朝8 30のオープン間もない時間に入店しましたが 先客は既に20名くらいおりびっくり 場所柄なのか外国人さん それも白人さんが多いですね 皆様思い思いに朝食をとってらっしゃいました 店員さんは男性も女性も立ち居振る舞いが素敵で笑顔ありの丁寧な接客 チェーン系でもまだホスピタリティの残っているお店に遭遇すると嬉しくなりますね
スターバックス コーヒー 広島東雲店,5.0,user_1413,雰囲気は 良いですが 充電出来る席が少ないです
スターバックス コーヒー ＮＨＫ広島ビル店,4.0,user_1414,割とコンパクトなお店です 満席になることもあります 席を確保してモバイルオーダーをおすすめします
スターバックス コーヒー 広島東雲店,4.0,user_1415,仕事中の一服になり その後バリバリ仕事出来た
スターバックス コーヒー ＮＨＫ広島ビル店,5.0,user_1416,広島にあるスタバの中でも 外の景色を見ながらくつろげる 人気のあるお店だと思います 特に広島ドリミの時期は 席にもよりますがイルミを見ながら のんびり過ごせます もちろんコーヒーは いつでもどこでも安定感のある味 バタースコッチドーナツも美味しいです 通年あるのがいいですね ナッツ キャラメルのチョコケーキは ナッツがたくさんで これもまた美味しかったです
スターバックス コーヒー 広島東雲店,4.0,user_1417,2028 07 28 OPEN グランマスカットフラペチーノをいただきました オープンおめでとうございます ごちそうさまでした
スターバックス コーヒー 広島東雲店,4.0,user_1418,みんな接客がいい 提供も早い
スターバックス コーヒー 広島東雲店,5.0,user_1419,ドライブスルーの対応が丁寧で良かった
スターバックス コーヒー ＮＨＫ広島ビル店,5.0,user_1420,ここのスタバは紙屋町とならんでオススメです おもてなしもいいですし 店内の雰囲気もグッドです 百貨店ではないのにも関わらずエレベーターを利用してのスターバックスは珍しいです
スターバックス コーヒー ＮＨＫ広島ビル店,2.0,user_1421,対応がとても良く もっと使いたいのだが ここのスタバWi Fi使うとPCも携帯も必ずおかしくなる 怖いですよ なんで タリーズのWi Fiとかはぜんぜん大丈夫なのに
スターバックス コーヒー 広島東雲店,5.0,user_1422,前通るけどいっつもガラガラ 警備員いる 笑
スターバックス コーヒー ＮＨＫ広島ビル店,5.0,user_1423,期間限定のドリンクが飲みたく行きました こちらの店舗はいつも落ち着きのあるお客さんが多く マナーの高い方が多いように感じます 会話も周りの席 全員にわかるような声の大きさで話す方もおらず ゆっくりしたい時に向いてます 外国人観光客の方も多いですが雰囲気に合わせて声のボリュームや笑い声なども抑えているようでした 1人の方が多く何か作業をしている方の方が多い印象で1人がけのカウンターやテーブルも2名席が多いです 店員さんの対応力も高く おすすめを教えてくれたり気さくな方がいて行きやすい店舗です
スターバックス コーヒー ＮＨＫ広島ビル店,5.0,user_1424,美味しいです 1番近くなら宇品ｲｵﾝの中にもありますが私はこちらのｽﾀﾊﾞが好きです
スターバックス コーヒー ＮＨＫ広島ビル店,5.0,user_1425,この場所はお気に入りです お客さんが多いときは平和大通りのベンチに腰掛けるのも良いです 天気の良い時 ブルーベリースコーンは甘さだけでないとこが良いです
スターバックス コーヒー ＮＨＫ広島ビル店,5.0,user_1426,ストロベリーベリーマッチフラペチーノが発売されたとのことで寄りましたが 待ち時間も少なくてとても居心地の良いお店でした
スターバックス コーヒー ＮＨＫ広島ビル店,4.0,user_1427,雰囲気も良くとてもゆったりした時間が過ごせました
スターバックス コーヒー 広島東雲店,3.0,user_1428,7 28OPEN予定らしいです 結構駐車場も広い感じでした
スターバックス コーヒー ＮＨＫ広島ビル店,3.0,user_1429,長いエスカレーターを登ったところにある なかなかいい景色のスタバです 子供が来そうもないエリアなので 静かに長居できそうです 近くの旧広島銀行の建物を観に来て寄らせていただきました
スターバックス コーヒー 広島東雲店,5.0,user_1430,新しくきれい ゆったりの作り
スターバックス コーヒー ＮＨＫ広島ビル店,4.0,user_1431,日曜の3時頃 平和記念公園あたりはすごい人だったので 少し離れたこの場所なら座れるかなーと思って行ったら 空いてはいないけど席はすぐ見つけられました 落ち着いた雰囲気で 店員さんも愛想がよくて とても居心地がよかったです
スターバックス コーヒー 広島東雲店,5.0,user_1432,めちゃくちゃ美人なお姉さんが丁寧にコーヒーの説明などしてくれてお店の雰囲気も静かで落ち着いてすごせました 日当たりも気にされてブラインドの調整なども完璧でした 遠いですがドライブスルーするならここにいきたいです
スターバックス コーヒー ＮＨＫ広島ビル店,5.0,user_1433,初訪問 変則オーダーにも快く作ってくれました
スターバックス コーヒー 広島東雲店,5.0,user_1434,店員さんが感じよく 無料の増量サービスも快く応じてくれました
スターバックス コーヒー ＮＨＫ広島ビル店,5.0,user_1435,ビルの2階に店舗がある為 すこし通りからはわかりにくい隠れ家的スタバ 気持ちの良い笑顔で対応してくれるスタッフが多く リピーターも多そうだ テキパキ作業してくれて提供時間も短く良好 昼休憩時間帯は混雑するが 他の時間で座れないほど混むことは少ない
スターバックス コーヒー 広島東雲店,4.0,user_1436,ほうじ茶ラテばかり頼むけど やっぱり美味しい ゆっくりとできた
スターバックス コーヒー ＮＨＫ広島ビル店,4.0,user_1437,可も無く不可もなく スタバの口コミにある寄り添った接客もなく普通 5月13日 月 16時ぐらいで満席近かったからかな
スターバックス コーヒー ＮＨＫ広島ビル店,5.0,user_1438,ここは二階にあって 窓側の席は外が見えるので気持ちがいいです
スターバックス コーヒー ＮＨＫ広島ビル店,5.0,user_1439,安定のいつものスタバ良き良き
スターバックス コーヒー 広島東雲店,5.0,user_1440,店員さんがコーヒーの事を熟知していて気持ち良い接客をしていただけました
スターバックス コーヒー ＮＨＫ広島ビル店,5.0,user_1441,いい場所です スタッフさんも いい感じの方ばかりです
スターバックス コーヒー ＮＨＫ広島ビル店,4.0,user_1442,スタバのアイコンに向かう直通エレベーターで気分が上がる店舗 南に平和大通り 東に白神社 店舗からの眺めが素敵でお気に入り
スターバックス コーヒー ＮＨＫ広島ビル店,5.0,user_1443,2Fにあり路面電車が通る平和大通りの交差点が眺められる店舗です 今日のレジのお姉さんが私のカスタマイズを見て 同じ内容で他の頼み方の方がお得ですよ と 教えてくださりました 今度からそうします ありがとうございます スタバがますます大好きになりました
スターバックス コーヒー ＮＨＫ広島ビル店,1.0,user_1444,ブラックエプロンの方とはじめてお会いしたのですが 接客態度が悪くびっくりしました
スターバックス コーヒー 広島東雲店,5.0,user_1445,親切なスタッフさんが多いですね 雰囲気も最高です またぜひ行きたいです
スターバックス コーヒー 広島東雲店,5.0,user_1446,お店がとてもきれいですよ シーズンメニュー桃ケーキとホワイトモカ キャラメルプラプチーノこんなにさせて食べました
スターバックス コーヒー ＮＨＫ広島ビル店,4.0,user_1447,サロンの近くなんですが 初めて寄ってみました ソイラテのホットです
スターバックス コーヒー ＮＨＫ広島ビル店,5.0,user_1448,ここは 場所がら大人のスタバって雰囲気で好きです あと スタバのアップルパイって美味しいですよね
スターバックス コーヒー 広島東雲店,5.0,user_1449,素晴らしいアンビエントミュージック
スターバックス コーヒー ＮＨＫ広島ビル店,4.0,user_1450,意外と穴場かも 休日はビル自体はお休みですが スタバは開いていて結構すいているので過ごしやすいです
スターバックス コーヒー ＮＨＫ広島ビル店,5.0,user_1451,閉店間際に伺ったのですが 親切に対応していただきました 窓からはドリミネーションも見えました
スターバックス コーヒー ＮＨＫ広島ビル店,5.0,user_1452,4年くらい前に広島いたときに 初めて利用させてもらいました 対応してくださった店員さんの接客は 素晴らしかったです 飲み物で悩んでいたときに きさくに話しかけて下さり 会話からおすめの飲み物を選んでくださいました その時の接客に感動して スタバを利用するようにまりました
スターバックス コーヒー ＮＨＫ広島ビル店,5.0,user_1453,雰囲気が最高です 窓際の長いテーブル席に座りました そこから神社や路面電車が見えて楽しかったです 壁の絵もおしゃれ たまたまラテ アートしてもらい ハッピーな気分になりました また広島に帰省したときは立ち寄りたいと思います 朝 1番に行ったので空いていてゆっくりと読書できました
スターバックス コーヒー ＮＨＫ広島ビル店,3.0,user_1454,100メーター道路 もとい平和大通りを眼下に見ることが出来る
スターバックス コーヒー ＮＨＫ広島ビル店,5.0,user_1455,NHK放送局と結合したお店は最高です
スターバックス コーヒー ＮＨＫ広島ビル店,5.0,user_1456,お店がちょっと狭いかなと思いました 店員さんが明るくて優しくて良かった
スターバックス コーヒー ＮＨＫ広島ビル店,5.0,user_1457,店員さんがすごく親切 トークレベルも高いし 笑顔を絶やさない 1人2人ならで行く場合立地的に満席と言うのはないと思う NHKビルの2階なのでエスカレーター エレベーターが使える 平和大通りを眺められて良い
スターバックス コーヒー ＮＨＫ広島ビル店,5.0,user_1458,落ち着いた雰囲気でスタッフの接客もすごくいい 安定のスタバです
スターバックス コーヒー ＮＨＫ広島ビル店,4.0,user_1459,仕事帰り 専用とも言えるエスカレーターで上がっていく特別感 行き交う人々と車のラッシュ そんな平和大通りの景色を眺めながら エスプレッソの薫りに包まれる一時 偶にはスマホなど忘れて ボーっと景色眺めながら癒されませんか ここは 広島では珍しい そんな景色が楽しめるスタバです
スターバックス コーヒー ＮＨＫ広島ビル店,4.0,user_1460,ゆったりしてて使いやすいスタバでした
スターバックス コーヒー 広島東雲店,5.0,user_1461,立地が非常に良く サービスも素晴らしいです
スターバックス コーヒー ＮＨＫ広島ビル店,5.0,user_1462,良く利用しているお気に入りのスタバです ロケーションからか外国の方が多く 海外にいるような感覚になります 何時も混んでるので 座れない時がある 混む時間を避けるなどちょっと工夫がいるかな コーヒー フードもよく 接客も感じ良いのでヘビーユーザーになっちゃった 何時も心地よい時間を過ごせてます 有難トウース
スターバックス コーヒー ＮＨＫ広島ビル店,4.0,user_1463,安定のカフェTime ココの店舗は混雑なく静かで好きです
スターバックス コーヒー ＮＨＫ広島ビル店,5.0,user_1464,モバイルオーダーを使ってここを初めて利用 前々から このエレベーターを上がったらあるな と思いながらも行けずにいた所です 平日の４時頃利用したのですが 満席 でも 店員さんは1人で切り盛りされて忙しそうでした
スターバックス コーヒー ＮＨＫ広島ビル店,5.0,user_1465,NHK広島局の入っているビルの2階にあります
スターバックス コーヒー ＮＨＫ広島ビル店,5.0,user_1466,タンブラーの在庫確認でお電話した際に 別店舗で見かけたことを丁寧に教えてもらえました ちゃんと買えました ありがとうございます
スターバックス コーヒー ＮＨＫ広島ビル店,4.0,user_1467,スタバの中でも接客レベルが高く感じる 無理に雑談をふってくることもないので スタバの距離感が苦手な人でも利用しやすい また 場所柄海外の人がよく利用している 席数は少ないので 夕方は満席のことが多い
スターバックス コーヒー ＮＨＫ広島ビル店,4.0,user_1468,最近 赤ちゃん連れの人がくる 個人的に間違っていると思う 赤ちゃんはあづかってもらうかして 大人だけで来たほうがいいと思う また 話し声が大きい人もいて 定員さんが注意しない 売上を気にしてかどうかわからないが なにか違うと思う 厳しいですか
スターバックス コーヒー ＮＨＫ広島ビル店,4.0,user_1469,一人でゆっくり出来ます 一人でくつろぎたい時に入ります
スターバックス コーヒー ＮＨＫ広島ビル店,5.0,user_1470,店員さんの声掛けが素敵でした 本日のコーヒーを注文し 提供する際に ほんのささいな一言ですが プラスアルファで話していただきとても感激しました そういったプラスアルファをいうことをマニュアル化しているかどうかはわかりませんが こういった声掛けがCSの向上にもつながってくると思います 店員だけではなく アルバイトスタッフについても同様の教育がされており 感動感激しています ぜひ今後も続けてもらいたいです
スターバックス コーヒー ＮＨＫ広島ビル店,3.0,user_1471,朝に散歩の後で一杯 昼に一服に一杯 わりと空いておりました おしゃれなスタバでした 関西より勉強の学生が少なかったので空いていたのでしょうね 見晴らしもいいですね 席も広々とってあります
スターバックス コーヒー ＮＨＫ広島ビル店,3.0,user_1472,本通りのスタバは若者が多く込み合っていて落ち着かないが ここは大人が多く静かでゆったりした雰囲気 だが 暖房が効きすぎていて暑くてのぼせた もう少しお客さんの様子を気にするべき 隣のマダムもずっと紙で顔を仰いでいた
スターバックス コーヒー ＮＨＫ広島ビル店,4.0,user_1473,雰囲気の良いお店でした 対応は普通ですが 笑 味はいつものスタバ 笑
スターバックス コーヒー ＮＨＫ広島ビル店,4.0,user_1474,ゆったり落ち着きの有る店内の雰囲気ですよ スタッフさんの応対が清々しく商品説明もわかり易く丁寧にでしたよ また 通勤の帰りに利用しようと思います
スターバックス コーヒー ＮＨＫ広島ビル店,5.0,user_1475,店員の対応が丁寧で好印象を持てる 座り場所によってはコンセントの差込口もあり 建物の2階にあるため窓際の席からは街の景色を見渡せる
スターバックス コーヒー ＮＨＫ広島ビル店,4.0,user_1476,スターバックスコーヒーのロゴがあるエスカレーターが店の目印 立地がとても良い スタッフはおすすめの商品やキャンペーンについて詳しく説明してくれるなど丁寧な接客 店内の席が少なく 他のお客と近くなりやすいのが欠点 これだけ場所が良ければフロアを広くしてもいいのではないか
スターバックス コーヒー ＮＨＫ広島ビル店,5.0,user_1477,電源 Wi Fiあり 安定のスタバ お店は広いので席数はありますが 電源を利用できるのはカウンター席のみだと思われます
スターバックス コーヒー ＮＨＫ広島ビル店,3.0,user_1478,いつきても心地よい 会話付き 繁華街では無い分 心のゆとり
スターバックス コーヒー ＮＨＫ広島ビル店,4.0,user_1479,NHKのビルの中にあるせいか結構静かでまったりしたくなるところです 出てビルの中に向かうとトイレもあるので便利です
スターバックス コーヒー ＮＨＫ広島ビル店,4.0,user_1480,閉店間際に飛び込みで入り優しく対応してくれた それもスタバカードの残不足でモタモタしてたのを優しい対応でソイラッテを気分良く飲めた ありがとう
スターバックス コーヒー ＮＨＫ広島ビル店,1.0,user_1481,肝心のコーヒーが美味しくないし高い いわゆる雰囲気イケメン的なカフェチェーン店 待ち合わせにはわかりやすい場所にあるので便利ですが ただそれだけです
スターバックス コーヒー ＮＨＫ広島ビル店,5.0,user_1482,新製品のコールドブリューライム 美味しかったです ちょっとライム感が強いかな アメリカンテイストですね カウンター席は前の道路を見下ろせて眺めいいですよ
スターバックス コーヒー ＮＨＫ広島ビル店,3.0,user_1483,人も多すぎずゆっくりできます
スターバックス コーヒー ＮＨＫ広島ビル店,4.0,user_1484,他のお店よりスタッフが丁寧だった ケーキの説明などもちょっとした合間にしてくれてとても好感が持てた
スターバックス コーヒー ＮＨＫ広島ビル店,3.0,user_1485,特に特徴はありませんが 窓側の席は日当たりが良いので気持ちがよかったです
スターバックス コーヒー ＮＨＫ広島ビル店,3.0,user_1486,事務所街にあるカフェとしては貴重な存在です 平和記念公園を訪れる外国人観光客にも人気のカフェですよ
スターバックス コーヒー ＮＨＫ広島ビル店,4.0,user_1487,電車好きには窓側の席がおすすめです
スターバックス コーヒー ＮＨＫ広島ビル店,3.0,user_1488,スタッフによって接客が違うのが マイカップやタンブラー持参で値引きは嬉しいです
スターバックス コーヒー ＮＨＫ広島ビル店,5.0,user_1489,とても落ち着いた雰囲気の店内に スタッフさんの対応 スマートな接客にまた行こうかなという気持ちになりました
スターバックス コーヒー ＮＨＫ広島ビル店,5.0,user_1490,定番の喫茶店 特徴としては外国人観光客が多いこと 平和公園にほど近い 高い場所にあるので眺めがいいこと くつろげます
スターバックス コーヒー ＮＨＫ広島ビル店,5.0,user_1491,まず お店のスタッフがフレンドリーでいいです 今日は ペルーのコーヒーを注文 スッキリした味わいのコーヒーでした good
スターバックス コーヒー ＮＨＫ広島ビル店,5.0,user_1492,NHKのビルだから有名人がいるかなとおもったけど それはなかった スターバックスなので 味 サービスとも文句ありません
スターバックス コーヒー ＮＨＫ広島ビル店,5.0,user_1493,とても綺麗です 景色が素敵 外国人の利用が多いみたい NHKのギャラリーとか ふらりと立ち寄ると楽しいです
スターバックス コーヒー ＮＨＫ広島ビル店,3.0,user_1494,2階から100m道路を眺めることが出来る 落ち着いた感じの店内 ここなら読書できそう
スターバックス コーヒー ＮＨＫ広島ビル店,4.0,user_1495,スタッフの対応が良かったです 又利用したいと思います
スターバックス コーヒー ＮＨＫ広島ビル店,4.0,user_1496,外から目立たないので 比較的空いている印象のスタバ オススメです
スターバックス コーヒー ＮＨＫ広島ビル店,2.0,user_1497,席数はそこそこあるが 入り口付近にあるグッズより窓側はほとんどWi Fiが入らない
スターバックス コーヒー ＮＨＫ広島ビル店,1.0,user_1498,受信料で建てられたNHKビルの中に スターバックスが存在し スターバックスはNHKにテナント料を支払っています つまり NHKは 私達の受信料で副次的な収入としてテナント料を得ているんです スターバックスは悪くありませんが NHKに対して納得がいきません
スターバックス コーヒー ＮＨＫ広島ビル店,5.0,user_1499,海外のスタバにいる錯覚に陥る 人が少ない時間帯は なおさら ゆったりとした空間があり とても落ち着く
スターバックス コーヒー ＮＨＫ広島ビル店,5.0,user_1500,平和大通りを眺めながらくつろげます
スターバックス コーヒー ＮＨＫ広島ビル店,4.0,user_1501,祝日に来店しました NHKビルの二階にあるのでパッと見どこにあるのか分かりにくくて穴場なスタバかな と思いました
スターバックス コーヒー ＮＨＫ広島ビル店,5.0,user_1502,店員さんの何気ない会話が良い 京都の六角堂近くの店舗に続いて 最高です
スターバックス コーヒー ＮＨＫ広島ビル店,5.0,user_1503,ラテは低脂肪のミルクを選んで下さり スタッフの方々は 親しみやすく 居心地良いです
スターバックス コーヒー ＮＨＫ広島ビル店,4.0,user_1504,慣れない購入も詳しく教えて頂いてスムーズに買えました
スターバックス コーヒー ＮＨＫ広島ビル店,4.0,user_1505,静かで良い安定のスタバ
スターバックス コーヒー ＮＨＫ広島ビル店,5.0,user_1506,アイスコーヒーいただきました NHKビルにあるので店内は落ち着いた雰囲気でした
スターバックス コーヒー ＮＨＫ広島ビル店,5.0,user_1507,商業ビルの中に入っています 基本的に混んでいますが 清潔な店内です
スターバックス コーヒー ＮＨＫ広島ビル店,2.0,user_1508,出勤前 モーニング時間にコーヒーとサンドイッチを購入 聞きもせず勝手にサンドイッチを温められた 温めたくなかったのに
スターバックス コーヒー ＮＨＫ広島ビル店,4.0,user_1509,静かな雰囲気が良くて大好きなスタバです
スターバックス コーヒー ＮＨＫ広島ビル店,4.0,user_1510,２階にあるので眺めが良くて ゆったりくつろげます
スターバックス コーヒー ＮＨＫ広島ビル店,5.0,user_1511,他店から応援に来ているスタッフさんの声掛けが嬉しかった
スターバックス コーヒー ＮＨＫ広島ビル店,4.0,user_1512,店の目の前に市営の駐車場が有り 車で行きやすい
スターバックス コーヒー ＮＨＫ広島ビル店,4.0,user_1513,市電を見ながら のんびりと
スターバックス コーヒー ＮＨＫ広島ビル店,3.0,user_1514,眺めの良いスタバです 混んでないので寛げます
スターバックス コーヒー ＮＨＫ広島ビル店,4.0,user_1515,店員さんがとても気さくな方でした
スターバックス コーヒー ＮＨＫ広島ビル店,4.0,user_1516,混雑していなくて 騒がしくもなく 落ち着いた音楽 リラックス出来ます
スターバックス コーヒー ＮＨＫ広島ビル店,5.0,user_1517,店内は落ち着いた雰囲気で 十分なスペースがあります
スターバックス コーヒー ＮＨＫ広島ビル店,4.0,user_1518,珈琲を飲みながら市内電車が走るサマを見るのがホッとして癒される空間
スターバックス コーヒー ＮＨＫ広島ビル店,5.0,user_1519,時間帯によりますが 空いてる時間でした ゆっくりできます
スターバックス コーヒー ＮＨＫ広島ビル店,5.0,user_1520,スタバの中でも 落ち着いた雰囲気が良い
スターバックス コーヒー ＮＨＫ広島ビル店,5.0,user_1521,スタッフが親切 観光地が近いためいつも混んでいる
スターバックス コーヒー ＮＨＫ広島ビル店,5.0,user_1522,カウンター席は電源があって便利でした
スターバックス コーヒー ＮＨＫ広島ビル店,5.0,user_1523,勤務前の 落ちつく場所ですね ω bね
スターバックス コーヒー ＮＨＫ広島ビル店,5.0,user_1524,暖房が良くきいていて温かかったです
スターバックス コーヒー ＮＨＫ広島ビル店,5.0,user_1525,さすが コーヒーおいしい 街を眺めながらもいいね
スターバックス コーヒー ＮＨＫ広島ビル店,5.0,user_1526,打ち合わせに利用しました 快適でした
スターバックス コーヒー ＮＨＫ広島ビル店,4.0,user_1527,街中で ちょっと休憩するにはいい場所ですね
スターバックス コーヒー ＮＨＫ広島ビル店,5.0,user_1528,マイボトルを持っていくと値引きしてくれますよ
スターバックス コーヒー ＮＨＫ広島ビル店,4.0,user_1529,利便性が良いスタバ よく利用しています
スターバックス コーヒー ＮＨＫ広島ビル店,1.0,user_1530,この店舗だけサイズ設定が違う 不思議だなぁ
スターバックス コーヒー ＮＨＫ広島ビル店,5.0,user_1531,平和公園近くのNHKビル2階にあります NHKビルに行くと必ず行きます
スターバックス コーヒー ＮＨＫ広島ビル店,5.0,user_1532,スタッフの対応がとても気持ちよいです
スターバックス コーヒー ＮＨＫ広島ビル店,3.0,user_1533,それなりに混雑しているが落ち着ける
スターバックス コーヒー ＮＨＫ広島ビル店,5.0,user_1534,NHKのビルの中にあって とても静かにコーヒーをいただけます
スターバックス コーヒー ＮＨＫ広島ビル店,5.0,user_1535,おせわになりました アイスティー最大の奴で生き返りました
スターバックス コーヒー ＮＨＫ広島ビル店,3.0,user_1536,店員さん みんな感じよかったー
スターバックス コーヒー ＮＨＫ広島ビル店,4.0,user_1537,入口近くは出入りが激しくて落ち着けません
スターバックス コーヒー ＮＨＫ広島ビル店,3.0,user_1538,２階にあります オシャレ感はあります
スターバックス コーヒー ＮＨＫ広島ビル店,4.0,user_1539,外人さんが多くて 英国気分を味わえる
スターバックス コーヒー JR広島駅中央口店,4.0,user_1540,今回初来店させて頂きました モーニングセットを頂きました スタバは何処行っても混んで感じでしたが割りと空いていてのんびりできました
スターバックス コーヒー ＮＨＫ広島ビル店,4.0,user_1541,路面電車などが見える景色がいいです
スターバックス コーヒー ＮＨＫ広島ビル店,4.0,user_1542,広島限定のスタバカードやグッズの販売あり
スターバックス コーヒー ＮＨＫ広島ビル店,5.0,user_1543,ロケーションも良いし スタッフもはなまる
スターバックス コーヒー ＮＨＫ広島ビル店,4.0,user_1544,外国人が沢山くる 落ち着いている
スターバックス コーヒー ＮＨＫ広島ビル店,4.0,user_1545,静かで滞在しやすかった
スターバックス コーヒー ＮＨＫ広島ビル店,5.0,user_1546,土曜日は混んでます
スターバックス コーヒー ＮＨＫ広島ビル店,4.0,user_1547,雰囲気のいいスターバックスです
スターバックス コーヒー JR広島駅中央口店,4.0,user_1548,少し狭めの店舗でイートインよりテイクアウトで利用する方が向いている店舗だと思いました イートインなどしたいのであれば広島北口店の方が椅子もゆったり出来て良いと思います コーヒー1杯飲むとか短時間滞在でなら利用してもいいかもレベルで基本混んでいるイメージです
スターバックス コーヒー ＮＨＫ広島ビル店,4.0,user_1549,いつもいっているから
スターバックス コーヒー JR広島駅中央口店,1.0,user_1550,店員の態度が最悪
スターバックス コーヒー ＮＨＫ広島ビル店,5.0,user_1551,接客のレベルが非常に高い
スターバックス コーヒー ＮＨＫ広島ビル店,4.0,user_1552,都会のスタバって感じ
スターバックス コーヒー ＮＨＫ広島ビル店,3.0,user_1553,ほうじ茶ラテ
スターバックス コーヒー ＮＨＫ広島ビル店,4.0,user_1554,楽しく時間を過ごすことができた
スターバックス コーヒー JR広島駅中央口店,3.0,user_1555,広島駅 広電電停側のスタバです かなり狭いですね ミナモア2階の店よりちょっと広いくらいです サービスクォリティを落とさないように願います
スターバックス コーヒー ＮＨＫ広島ビル店,5.0,user_1556,街中にありとてもいい
スターバックス コーヒー ＮＨＫ広島ビル店,4.0,user_1557,モーニングが 食べれる
スターバックス コーヒー ＮＨＫ広島ビル店,4.0,user_1558,安定のスターバックスでした
スターバックス コーヒー ＮＨＫ広島ビル店,3.0,user_1559,可もなく不可もなく
スターバックス コーヒー ＮＨＫ広島ビル店,4.0,user_1560,対応が良かった
スターバックス コーヒー JR広島駅中央口店,3.0,user_1561,新しく生まれ変わった広島駅中にNEW OPENした店舗 観光地の拠点ということや駅中という事もあって 常に店舗内外ずっと混雑しています 落ち着いてコーヒーを飲むと言うよりは ちょっとした休憩やテイクアウトメインの店舗として利用する感じかなと思いました 週末の利用だったので 店内は観光客多め 特に外国人7割といった感じでした OPENしたばかりなので 今ならオンラインのマイストアパスポートで Coming Soon のスタンプ見れたのはちょっとレアだな と 自己満でした 笑
スターバックス コーヒー ＮＨＫ広島ビル店,3.0,user_1562,普通のスタバ 笑
スターバックス コーヒー ＮＨＫ広島ビル店,4.0,user_1563,時間帯によっては魔窟
スターバックス コーヒー ＮＨＫ広島ビル店,5.0,user_1564,アップルパイ おいしい
スターバックス コーヒー ＮＨＫ広島ビル店,4.0,user_1565,良いです
スターバックス コーヒー ＮＨＫ広島ビル店,4.0,user_1566,落ち着いて飲める
スターバックス コーヒー ＮＨＫ広島ビル店,5.0,user_1567,一言 良かった
スターバックス コーヒー ＮＨＫ広島ビル店,5.0,user_1568,フラワーフェスティバルでは ここ
スターバックス コーヒー ＮＨＫ広島ビル店,4.0,user_1569,打ち合わせに便利
スターバックス コーヒー ＮＨＫ広島ビル店,5.0,user_1570,接客が良い
スターバックス コーヒー ＮＨＫ広島ビル店,3.0,user_1571,やっぱりコーヒーが美味しい
スターバックス コーヒー ＮＨＫ広島ビル店,4.0,user_1572,立地が良い
スターバックス ティー＆カフェ ミナモア広島4階店,4.0,user_1573,2025 12 16 2026 2 16来店 広島初のTEAVANAのお店 ミナモアの4階の奥にありますが 電車乗り場から上に見えます 一度目はママ友と来店 その時は割とお客さんが少なくて スタッフさんが紅茶のサービス お話を聞きに来られました まだ認知度が低いってお話でしたが 二度目の今日訪れると たくさんの方が来られてて そんなことはないなぁ と親心で安心しました 笑 紅茶もポットで出してくださったり いつものスタバとはちょっと違う雰囲気で こちらの方が落ち着けるかなぁと思います 二度目は電車の見える席だったので お茶を飲みながら電車の発着を観るのもまた楽しかったです モバイルオーダーしてみましたが 列に並ばずに時間も早く出していただけるので 便利ですね お薦めできるお店だと思います
スターバックス コーヒー ＮＨＫ広島ビル店,4.0,user_1574,安定のスタバ
スターバックス ティー＆カフェ ミナモア広島4階店,5.0,user_1575,ティーに特化したスターバックス ミナモアの4階にあり 一部の座席からは広島駅前の景色や路面電車を眺められるスポットとなっています 広島らしさを感じれるスターバックスです ティバーナ店舗限定のドリンクもありますので 来店された際には是非楽しまれてみてください
スターバックス コーヒー ＮＨＫ広島ビル店,5.0,user_1576,スタバ巡り広島 目当てのコーヒーゼリーフラペチーノが売り切れだったので ダブルチョコフラペチーノ 夜だったので席も空いてて直ぐに座れました くつろげてゆっくりできました
スターバックス ティー＆カフェ ミナモア広島4階店,4.0,user_1577,ピーチトランクイリティー ティーポット レモンキューブケーキを頂きました ティーは桃の香りが結構して 味も桃感十分あり 大好きでした これまでの色々なお店のティーの中でも上位です タイマーをセットしてくれて親切 これも美味しさの秘訣ですね ケーキも しっとりして美味しい こちらも大好き 次回も同じセットいきたいぐらい 注文する前に席をとりました レジ前方にreserve札が用意してあります レジ列5 6人並んでいて 時間がかかるかな と心配しましたが レジスタッフさんが並んでいる人にメニューを配り とてもスムーズでした 席は店舗通路に向いて座るカウンター席にして どうかな と思いましたが 人通り少なく 平日夕方 全く気になりませんでした
スターバックス コーヒー ＮＨＫ広島ビル店,3.0,user_1578,ホットドッグ パンがハードで食べ応えがあってよかった ソーセージも ハーブの香りがしてよかった
スターバックス コーヒー ＮＨＫ広島ビル店,5.0,user_1579,韓国語をいただいたと思うスタッフもいらっしゃいますし 英語も上手だったので注文するのは難しくありません 窓際の席ではシティビューは良いです 遠くないところに原爆ドームがあるので散歩しながら聞くのに無難です 近くに宿舎と原爆ドームがあるので外国人が多い方です
スターバックス ティー＆カフェ ミナモア広島4階店,5.0,user_1580,ストロベリー パッション ティーとそのフラペチーノを注文してシェア ゆうは フラペチーノをメインで飲んだけど 思った以上にストロベリーが入っていてフルーティーだけど しっかり紅茶の味もしたよ 上にかかってるイチゴのフレーク ふりかけ 笑 みたいなのは 食感的にはガチャガチャしてあまり好きでないけど 味にアクセントがついてGOOD
スターバックス コーヒー ＮＨＫ広島ビル店,4.0,user_1581,ごく普通のスターバックスです 比較的こぢんまりとした店内なので ランチタイムは混雑するかもしれません 窓際のカウンター席が気に入りました 通りを眺めながらのんびり過ごせて とても楽しかったです 週末の閉店2時間前くらいに訪れたのですが スイーツや焼き菓子の種類はほんの少ししか残っていませんでした スタッフは親切でした
スターバックス ティー＆カフェ ミナモア広島4階店,4.0,user_1582,駅ビルの四階にあります 二階改札前にもスタバはありますがこちらは買い物後や映画鑑賞後のひと時に利用する人が多いように思いました 二階は観光客で賑わっていました 店舗さんからのメッセージは以下の通り ミナモア広島４階店にお越しいただきありがとうございます 私たちは CRAFTED FOR A VIBRANT LIFE 彩りあふれる一日のために をコンセプトに 上質な茶葉とボタニカルな素材を使用し 今までにないティー体験を届けていきます ブラックティーをイメージした店内のウォール 大きな窓から見える風景もポイントです ぜひ ティー カフェ ならではの洗練された空間をお楽しみくださいませ
スターバックス コーヒー ＮＨＫ広島ビル店,4.0,user_1583,仕事をする場所を探していて たまたま近くにいたのでこの支店に行ってみました かなり混んでいましたが 交差点に面した窓際の席を見つけることができました 店内の雰囲気は良く リラックスできました 仕事もできて 楽しい時間を過ごせました 店員さんも丁寧でした パンプキンスパイスラテを試してみたかったのですが 売り切れでした 次回はぜひ
スターバックス ティー＆カフェ ミナモア広島4階店,3.0,user_1584,ミナモア4階 フランフランの隣 行列で並ぶ方と 店内のカウンター席がガラスも仕切りもスペースもなく一列に並行に面しているため そのカウンター席に座ると 常に並ばれてる人が目の前で喋って立っている せめて 外側を向いて喋って待ってくれてたらいいのですが なぜか 飲食してる側を見ながら喋っているので とても不衛生で落ち着かない この席はなんとかしてほしい なぜこんな配置にしたのか不思議でならない 電車が乗り入れるガラス側の席は 丸テーブル席なので むしろそっちがカウンターで良かったと思う 途中で丸テーブルが空いたので移動しました ようやく落ち着いてお茶できました 和三蜜ほうじ茶 ほんのり甘くて美味しかった
スターバックス コーヒー ＮＨＫ広島ビル店,5.0,user_1585,最高のスターバックス スタッフの方々もとても親切にしてくださり 清潔で広々とした空間と淹れたてのコーヒーで また必ず来たいと思います
スターバックス ティー＆カフェ ミナモア広島4階店,4.0,user_1586,緑色のスタバではなく オレンジ色の店内でした もちろんコーヒー類もあります 店内は暖かい感じがしました
スターバックス コーヒー ＮＨＫ広島ビル店,4.0,user_1587,サービスは良くてフレンドリーで世界的なスターバックスだから信じていくんですよ ビューもシティビューなのに苦しくなくていいです
スターバックス ティー＆カフェ ミナモア広島4階店,3.0,user_1588,ミナモア4階にあるスターバックス ティーメニューが多くある新しい店舗TEAVANA 店内の混み具合で イートインでもカップでの提供 ピーチ トランクイリティ ティー フラペチーノにバニラアイストッピングで注文 果肉も入っており 優しい味でした
スターバックス コーヒー ＮＨＫ広島ビル店,4.0,user_1589,他のスターバックスより西洋観光客が多く来て混んでいる方だが位置が良く座席に余裕がありコーヒー一杯ながら当日旅行日程組むのが容易だ
スターバックス ティー＆カフェ ミナモア広島4階店,4.0,user_1590,紅茶がメインのスターバックス 初めて行きました 店内は他のスターバックスより明るいオレンジ色でおしゃれでした 店内は広いですが 席数は少ないので 座席が取れないまま注文してしまうと後で困ります
スターバックス コーヒー ＮＨＫ広島ビル店,5.0,user_1591,北朝鮮放送局ビル内にあるこのレストランは 爆弾ドームから徒歩約5分の場所にあり 雰囲気も良く スタッフも親切でフレンドリー エアコンも最高です
スターバックス ティー＆カフェ ミナモア広島4階店,5.0,user_1592,広島駅のスターバックスで季節限定のジンジャーブレッドラテを注文しました 駅構内にある店舗なので利用客が多く 特に学生の姿が目立っていて 少し賑やかでうるさい時間帯でした それでもスタッフの接客は丁寧で 笑顔で対応してくれたのが印象的でした ジンジャーブレッドラテはスパイスの香りがしっかり感じられ ほんのり甘くて寒い日にぴったりの味わい 席は混雑していましたが 温かいドリンクを飲みながら少し休憩できてよかったです 忙しい駅の中でもホッとできるひとときでした
スターバックス コーヒー ＮＨＫ広島ビル店,5.0,user_1593,NHK広島建物2階に位置しており 通り沿いの横にある通りの眺めをお勧めします スタッフの方々も親切で させた飲み物の道標を持って席にあれば探してくれる点も珍しくてよかったです
スターバックス コーヒー ＮＨＫ広島ビル店,5.0,user_1594,場所はそれほど広くはありませんが ここからの眺めはリラックスして広島の街を楽しむのに最適です
スターバックス ティー＆カフェ ミナモア広島4階店,3.0,user_1595,少し奥に入った感じで 平日だったのかそれ程並ぶ事なく席でお茶をする事ができた しかし もっと普通のスタバと違うのかと期待したが うーんそれ程 って感じとめちゃくちゃ氷デカくない 笑 と店自体がコンパクトって感じぐらいでしょうか
スターバックス コーヒー ＮＨＫ広島ビル店,4.0,user_1596,NHKビル内にある素晴らしいスターバックス スタッフはフレンドリーで カフェには一般的なペストリーや食べ物が揃っていて コーヒーも美味しいです トイレは廊下の奥 スタジオのドアをくぐったところにあるので まるでNHKの中にいるような気分になります
スターバックス ティー＆カフェ ミナモア広島4階店,4.0,user_1597,ミナモア東側４階のスタバですが 広島初のtevernaのお店です ミナモアオープンして1週間後に訪問 13時過ぎで店内待ちと店外待ちで25名ほど これで平日です オーダーは広島初のお店ということもあり メニューをもれなく渡してくれます オペレーションがまだこなれていないこともあり やや混乱してました モバイルの注文も不備があり大変そうでした BARカウンターが低い事もあり 手元が全て見えるため余計な負荷がかかっているように思えました その中で笑顔 挨拶 よくやられており精鋭が集められているのかなぁと思いました 他所でtevernaのお店よく行くのでここに出来て感謝しかありません 夏場の限定メニュー楽しみにしておきます
スターバックス コーヒー ＮＨＫ広島ビル店,5.0,user_1598,韓国語を話すことを知っているスタッフがいてよかったです 私にとても親切でした 角メガネもよく似合いました
スターバックス ティー＆カフェ ミナモア広島4階店,5.0,user_1599,２階のスタバが混んでいた為 平日14時頃に行きました こちらはそこまで混雑しておらず 席を確保してから注文しました コーヒーが飲めない私には丁度良かったですが ティーもそこまでバリエーションがある訳ではなく でもルワンダティーはシンプルで美味しかったです
スターバックス コーヒー ＮＨＫ広島ビル店,5.0,user_1600,スタッフがとても優しくて親切で気持ちの良い一日を始めることができました
スターバックス ティー＆カフェ ミナモア広島4階店,5.0,user_1601,ミナモアに行くと必ず寄ります いつも驚きと日常のティータイムのヒントがもらえるからです 今回は 和三蜜抹茶ティーラテとジャパニーズチャイティーラテを注文 いつもの抹茶のより深みがあり美味しかったし チャイも日本のスパイスが合うのを実感 ロケーションも 市電の乗り入れ 乗り場が見える席もあり ラッキーなら見ながら休めます 大好きな場所です
スターバックス コーヒー ＮＨＫ広島ビル店,5.0,user_1602,心地よい音楽 静かな交差点の景色 そして豆乳ラテとオートミールケーキ ちょっとした休憩にぴったりです
スターバックス コーヒー ＮＨＫ広島ビル店,5.0,user_1603,スタッフはとてもフレンドリーでした 混雑していたにもかかわらず 担当してくれた若い女性は私の日本語を理解しようと時間をかけてくれ 日本語で答えてくれたり 英語で会話しようとしてくれたりして とても楽しいやり取りになりました サービスは迅速で ドリンクも丁寧に作られていました
スターバックス ティー＆カフェ ミナモア広島4階店,4.0,user_1604,週末など時間帯によっては沢山の人が来ています 今回は早めに行ったのでのんびり出来ました
スターバックス ティー＆カフェ ミナモア広島4階店,5.0,user_1605,行列で諦めたが一回は飲んでみたい ティーって美味いの みんなのオススメ教えてほしい オススメのカスタマイズもあれば教えて
スターバックス コーヒー イオンタウン楽々園店,4.0,user_1606,平日 14 30 店内満席 ドライブスルーも次々と車が入ってる様子 ティータイム テラス席4席は空いていたので 店外でゆっくりしよう 天気も良くて暖かいので ここでも良いけど 通り道なので 横を人が通過していく 何となく落ち着かないかも
スターバックス コーヒー ＮＨＫ広島ビル店,5.0,user_1607,原爆記念碑近くの交差点を見渡せる 素敵な座席エリア
スターバックス ティー＆カフェ ミナモア広島4階店,5.0,user_1608,2025 3 25 オープンしたSTARBUCKS Tea Cafe TEAVANA ミナモア広島4階店 パートナーさんの対応と笑顔がステキでした
スターバックス コーヒー イオンタウン楽々園店,5.0,user_1609,OPENしたばかりのスタバ ドライブスルーでカスタムオーダーしたんだけど まだ店員さんがパリッとしてなくて受注ミス 広い心で受け流す 男のスタッフさん多め この辺にスタバ出来たのは嬉しい
スターバックス コーヒー ＮＨＫ広島ビル店,5.0,user_1610,シナモンロールが目当てで行きましたが 期待を裏切らない美味しさでした 子供も喜んでいました
スターバックス ティー＆カフェ ミナモア広島4階店,3.0,user_1611,ミナモア4階にある ティーも扱うスタバ ティーはトールサイズのみの提供
スターバックス コーヒー イオンタウン楽々園店,3.0,user_1612,イオンタウン楽々園の敷地内にオープンしたスターバックス ドライブスルーサービスが利用できます 看板がないとスターバックスがあるとは気づかないような場所にあるのが面白いです
スターバックス コーヒー ＮＨＫ広島ビル店,5.0,user_1613,仕事に最適なロケーションです クラシックなスターバックスの内装 価格など どれも清潔で整理整頓されています スタッフはフレンドリーで感じが良かったです 窓際の席に座ることができました 無料Wi Fiも完備 Visaなどの一般的なクレジットカードでの支払いも可能です ノートパソコンで仕事ができる場所が必要な時は ぜひまた利用したいと思います
スターバックス コーヒー イオンタウン楽々園店,5.0,user_1614,テラス席はワンコOKでした モバイルオーダーしたら待ち時間なくすぐに提供されスタッフさんの感じもよかったです
スターバックス ティー＆カフェ ミナモア広島4階店,3.0,user_1615,ミナモアに出来たスタバです おしゃれな店舗です
スターバックス コーヒー ＮＨＫ広島ビル店,4.0,user_1616,2階にある隠れ家的なスターバックス タイコーヒーをアレンジしたと思われる新しいミルクコーヒーは試してみる価値があります
スターバックス コーヒー ＮＨＫ広島ビル店,4.0,user_1617,最高に美味しいコーヒー フレンドリーなスタッフは英語も堪能です テーブルで注文できるのも便利です
スターバックス コーヒー イオンタウン楽々園店,4.0,user_1618,プレオープンでの評価ですが テーブル席が多く落ち着いて過ごせる雰囲気ではありませんでした
スターバックス コーヒー イオンタウン楽々園店,4.0,user_1619,広島 郊外にまた1つ 新しいスタバが 市内中心部より やや広めの店内 かなりローカルなエリアに出来たので 高齢者さんも 令和を楽しむきっかけに なれば幸いですね
スターバックス ティー＆カフェ ミナモア広島4階店,3.0,user_1620,ミナモア四階にあります 席数が思ったほどなく かといってテイクアウトに便利な感じもない 店員さんにおすすめを聞いたら他のスターバックスとは違う点を説明してくれて せっかくティーバナに来たんだからオリジナル頼みたいですね 窓際店舗でdocomo5G電波1本しか立たない 電波悪すぎません
スターバックス コーヒー ＮＨＫ広島ビル店,5.0,user_1621,親切 ちょっと待ってください
スターバックス コーヒー イオンタウン楽々園店,4.0,user_1622,店員さんの対応はとても感じが良いです ただ オープンしたばかりだからか サイズを聞かれないなど細かな点での行き違いがいくつかありました 今後慣れてくれば さらに良くなると思います また テラス席の種類がもう少し増えると嬉しいです
スターバックス ティー＆カフェ ミナモア広島4階店,1.0,user_1623,順番列担当のグレーエプロンをしたメガネの男性 他の人が敬語使っていたので上の位の人だと思われる が意味のわからない独自ルールを作られている そのエプロンメガネには モバイルオーダーの人も 席座るなら店の前の列に並ぶ必要があると言われた 店内のモバイルオーダーの列じゃなく 店の前の モバイル以外の列に並べとよくわからないことを言われた モバイルオーダーの意味わかってますか 一週間経ち後日 同じ店舗に行くとモバイルオーダーはこちらから入れますと看板があった
スターバックス コーヒー ＮＨＫ広島ビル店,5.0,user_1624,エスカレーターを上って 静かで居心地の良いスターバックスへ スタッフはいつも親切で 喧騒から離れられます
スターバックス コーヒー ＮＨＫ広島ビル店,5.0,user_1625,スターバックスは普段はあまり行きません 母国で素晴らしい独立系カフェに甘やかされてきました でも 日本滞在中に安定したコーヒーを楽しめる良い場所で 豆乳のオプションも必ずあります 多くのカフェでは提供していません ここのスタッフはとても親切で カフェ自体も雰囲気が良かったので スターバックスに行く必要があるなら ここは良い選択肢だと思います
スターバックス コーヒー イオンタウン楽々園店,3.0,user_1626,お客さんが少ないので座ってゆっくり出来ます
スターバックス ティー＆カフェ ミナモア広島4階店,4.0,user_1627,ほうじ茶フラペチーノ 香ばしさと渋みがしっかり感じられて甘いだけではなかったので美味しかったです ただサイズが小さい どのメニューもベンティサイズを用意して欲しい
スターバックス コーヒー ＮＨＫ広島ビル店,2.0,user_1628,冷房が効きすぎていて 外気温が36度の夏でも 店内にいるにはジャケットが必要でした 飲み物の一つは氷がぎっしり詰まっていて 氷を取り除いたらグラスの容量が4分の1も減ってしまいました 正直言って 今まで行ったスターバックスの中で最悪です
スターバックス コーヒー イオンタウン楽々園店,3.0,user_1629,スタバって店内はうるさくてどこでも落ち着いてコーヒー飲めないので 基本持ち帰りなのでドライブスルー店が出来てくれて嬉しいとは思う ただOPENしたばかりなのでまだ慣れてないスタッフさんが教えてもらいながら対応してくださってそれは良かったんだけど 受け取り口での先輩 スタッフさんが〇〇ですねはいはーいって感じの雑な態度でスタバっぽくなかった これからもゆめタウン廿日市店で良いかな
スターバックス コーヒー ＮＨＫ広島ビル店,3.0,user_1630,暑さも冷やして簡単に詰めに入った 普通のスターバックスだ
スターバックス ティー＆カフェ ミナモア広島4階店,4.0,user_1631,ティーに特化したスターバックス店舗です 普通の店舗で売っているものは少なかったです
スターバックス コーヒー イオンタウン楽々園店,5.0,user_1632,最近できたのか外見がとても綺麗だったので ドライブスルーをしました 場所が行きやすいのでまたいけれたらいく
スターバックス コーヒー ＮＨＫ広島ビル店,5.0,user_1633,落ち着いた雰囲気で 賑やかな街の交通を見下ろす素晴らしい景色が楽しめます フレンドリーで親切なスタッフ 街で一番のスターバックスです 徒歩圏内に他に2店舗ありますが ここよりもずっと混雑しています 1店舗はシャレオ地下街南館のセンタープラザ方面 もう1店舗は本通り東端近くの3階建ての建物です 広島の街中にスターバックスがこんなに密集しているのは驚きです
スターバックス ティー＆カフェ ミナモア広島4階店,4.0,user_1634,ジャパニーズチャイは 好きと嫌いが別れる商品だと思いました
スターバックス コーヒー イオンタウン楽々園店,5.0,user_1635,国道2号線沿いにある為に来店もとても多くて店内も混雑しやすいですが 自分の知る限り最高レベルの接客と雰囲気が素晴らしいお店です スタッフの皆さんはどんなに忙しくても嫌な顔を一つしません 毎日来店したいと思うくらいです オープンしてから少し時間が経ってから最初に来店しましたが その後このお店が好きでここをよく利用するようになりました ここまで出来るお店もそうですが 広島に限らずこんなお店は本当に今までなかったので大変感銘を受けました 本当に素晴らしいです とてもおすすめです
スターバックス コーヒー ＮＨＫ広島ビル店,5.0,user_1636,店員はとてもフレンドリーです 清潔でコーヒーがおいしい
スターバックス ティー＆カフェ ミナモア広島4階店,3.0,user_1637,紅茶がおいしい
スターバックス コーヒー イオンタウン楽々園店,5.0,user_1638,近くにできたスタバのドライブスルーが便利と同僚から聞いたので 早速 利用してみました 最新のドライブスルーシステムにも驚いたけど さすがはスタバさん 店員さんのこなれた応対がうれしいですね
スターバックス コーヒー ＮＨＫ広島ビル店,1.0,user_1639,生のベーコンが入ったクラブハウスサンドイッチで食中毒になりました
スターバックス ティー＆カフェ ミナモア広島4階店,4.0,user_1640,ルイボスティーラテがおすすめです
スターバックス コーヒー ＮＨＫ広島ビル店,5.0,user_1641,立地も良く 豆乳やオートミルクも買える良いスターバックスです 座席数も豊富で 店舗に行くにはエスカレーターを上る必要があります
スターバックス コーヒー イオンタウン楽々園店,3.0,user_1642,オープンしたばかりで仕方ないのだが 商品の説明がわかりづらく 魅力ある商品に聞こえなかった 店員さんの辿々しい会話でこちらが気を使ってしまい苦笑い対応をしてしまった 渡し間違えもされた ドリンクは 同じ商品で被っている人もいるのだから サイズやアイス ホットなど確認すべき
スターバックス コーヒー イオンタウン楽々園店,1.0,user_1643,最悪でした モバイルペイで注文したけど どれだけ待っても出てこない ずっと待ってても声もかけてこない 忙しいのはわかるけど ドライブスルーやってる場合じゃないでしょ オーダー把握してない店側の責任にも関わらず 全く申し訳ない態度も見せず 本当に不愉快でした
スターバックス ティー＆カフェ ミナモア広島4階店,3.0,user_1644,ふつう
スターバックス コーヒー イオンタウン楽々園店,1.0,user_1645,先日書いた口コミが消されてる 悪いことは書いてないはずなのになんで消したんですか 不満です
スターバックス コーヒー ＮＨＫ広島ビル店,5.0,user_1646,ただコーヒーを飲んだだけでしたが カウンターの後ろの女性はとても親切でフレンドリーでした
スターバックス コーヒー ＮＨＫ広島ビル店,5.0,user_1647,平和記念資料館のすぐ近く 絶好のロケーションです ビルの2階に位置し 大きな窓から素晴らしい景色を眺めることができます 渋谷のスターバックスのような雰囲気です
スターバックス コーヒー ＮＨＫ広島ビル店,5.0,user_1648,まあ スターバックスだしね 種類もそれほど多くはないけど でも 居心地の良い場所だし 文句なし
スターバックス ティー＆カフェ ミナモア広島4階店,3.0,user_1649,ティー
スターバックス コーヒー イオンタウン楽々園店,4.0,user_1650,外観で大きな店舗に見えるがドライブスルー併用のため店舗自体はコンパクトで丁度良い
スターバックス コーヒー ＮＨＫ広島ビル店,5.0,user_1651,午前10時半に行った時は まだ人が少なかったのですが 午後12時半には長蛇の列ができていました 同じ時間帯に行くのは避けた方が良いでしょう スタッフはとても親切で丁寧でした
スターバックス コーヒー ＮＨＫ広島ビル店,2.0,user_1652,コーヒーはOK カプチーノはオーストラリア版に似ています アメリカのスターバックスのカプチーノとは違います ウェイトレスの対応は かなりぶっきらぼうで失礼なところでした 特に日本人は一般的に思いやりがあり礼儀正しいので なおさらです
スターバックス ティー＆カフェ ミナモア広島4階店,4.0,user_1653,平日の夕方 蔦屋等のスタバより空いてたりするので入りやすい teavanaなのとフードやグッズの種類が他店舗より少ないからかも 休日は混雑してるけど テイクアウトしてソラモア広場や駅のベンチで飲むのも良き
スターバックス コーヒー イオンタウン楽々園店,3.0,user_1654,席間が狭いし カウンター席もなくて落ち着かない 横川の店のようにして欲しかった
スターバックス コーヒー ＮＨＫ広島ビル店,5.0,user_1655,リラックスできる素敵な場所
スターバックス ティー＆カフェ ミナモア広島4階店,4.0,user_1656,席が少ないので 毎回困る 食事は美味しかったです
スターバックス コーヒー イオンタウン楽々園店,4.0,user_1657,安定のスターバックスのサービスです
スターバックス コーヒー ＮＨＫ広島ビル店,5.0,user_1658,このスターバックスには本当に感動しました スタッフはとてもフレンドリーで親切で 今まで行ったスターバックスの中で一番フレンドリーかもしれません
スターバックス コーヒー ＮＨＫ広島ビル店,4.0,user_1659,普通のスターバックス スターバックスのフランチャイズが好きならお勧めです
スターバックス コーヒー ＮＨＫ広島ビル店,5.0,user_1660,ブリオッシュは少ないですが ここのブリオッシュは最高です
スターバックス ティー＆カフェ ミナモア広島4階店,5.0,user_1661,新幹線の 時間が少しあったので 娘からプレゼントされたフードチケットと ドリンクチケットを 使って お茶をしました レジ担当の男の子と さらに ドリンク私をしていた男の子の接客がものすごく良かったので おどろきました 私自身もアパレルで 働いておりますが とても気持ちがよく感激しました 笑顔もとっても良かったです 皆さんも行ってみて下さい
スターバックス コーヒー ＮＨＫ広島ビル店,4.0,user_1662,サービスはフレンドリーで スタッフは皆笑顔でした
スターバックス コーヒー イオンタウン楽々園店,5.0,user_1663,私たちのライフラインです
スターバックス コーヒー イオンタウン楽々園店,5.0,user_1664,楽々園のスタバは初でした ブランチがてら様子を見に行きましたが中々店内の雰囲気も良いですしスタッフの方々の対応め流石でした
スターバックス ティー＆カフェ ミナモア広島4階店,3.0,user_1665,平日の１１時前に伺ったので楽々座れました 店員さんの感じも良く 少し話し掛ける事が仕事の1つなのかな 笑顔の素敵な人を雇っているなと思いました ほうじ茶ラテとスコーンを注文 ラテ 甘い 甘味料抜きの注文が出来るなら そうすれば良かったです ラテの量はプラ製カップに波々 路面電車の景色を見ながらのんびりできました
スターバックス コーヒー ＮＨＫ広島ビル店,5.0,user_1666,素晴らしいサービスでした すべてがうまくいきました スタッフも親切でした
スターバックス ティー＆カフェ ミナモア広島4階店,5.0,user_1667,開店してすぐに訪問したため 他にお客さんはいなかった ティバーナの利用は初めてだったが 店員さんがとても丁寧に対応してくれ 試飲もさせてもらった お陰でピンとくる紅茶が見つかり 飲み方など相談しつつ スムーズに購入することができた スタバと言うとコーヒーのイメージが強かったのだが 紅茶のクオリティが高いのに驚いた 店内は落ち着いた雰囲気でリラックスできそう 今回は移動の予定があったためテイクアウトで利用したが 今度はイートインでも利用してみたいと思う
スターバックス コーヒー ＮＨＫ広島ビル店,5.0,user_1668,定番のスターバックスチェーン 親切でフレンドリーなスタッフ 美味しいデザートと紅茶
スターバックス コーヒー ＮＨＫ広島ビル店,5.0,user_1669,とてもフレンドリーな態度
スターバックス コーヒー ＮＨＫ広島ビル店,5.0,user_1670,非常に素晴らしい
スターバックス コーヒー ＮＨＫ広島ビル店,5.0,user_1671,フレンドリーな従業員と2階窓で交差点が見えてよかった
スターバックス ティー＆カフェ ミナモア広島4階店,5.0,user_1672,何を注文すればいいか分からなかったので 店員さんにおすすめを聞いてみました 彼女はおすすめのお茶を勧めてくれて 自分の好みに合わせてカスタマイズしてくれました 彼女の名前を聞いておけばよかったと本当に後悔しています 日本の接客レベルが高いことは周知の事実ですが 彼女は心温まる挨拶と笑顔で 本当に親身になって対応してくれました 店内も素晴らしいです 路面電車の線路が見える席に案内され 眺めも最高でした 高速Wi Fiと美味しい飲み物のおかげで 大阪行きの新幹線に乗る前にたくさんの仕事を片付けることができました ぜひまた訪れたいですし このお店は皆さんにもおすすめします
スターバックス コーヒー ＮＨＫ広島ビル店,4.0,user_1673,ピーク時でも静かで 喧騒を見下ろす素晴らしい景色が楽しめます
スターバックス コーヒー ＮＨＫ広島ビル店,5.0,user_1674,とてもフレンドリーなスタッフで 本当に歓迎されていると感じました
スターバックス ティー＆カフェ ミナモア広島4階店,5.0,user_1675,スターバックス ティーショップ 4階 豊かな紅茶の香り
スターバックス コーヒー ＮＨＫ広島ビル店,5.0,user_1676,私のお気に入りの席はいつも空席 ohdisisgreat
スターバックス コーヒー ＮＨＫ広島ビル店,5.0,user_1677,平和大通りの素晴らしい景色とフレンドリーなスタッフがいるこのスターバックスは 広島で最高のスターバックスです
スターバックス コーヒー ＮＨＫ広島ビル店,5.0,user_1678,素晴らしい立地 非常に親切で多言語対応のスタッフ
スターバックス コーヒー ＮＨＫ広島ビル店,4.0,user_1679,おいしいコーヒーと素敵な席
スターバックス コーヒー ＮＨＫ広島ビル店,4.0,user_1680,利用する人は多いが店舗は狭い
スターバックス コーヒー ＮＨＫ広島ビル店,5.0,user_1681,素晴らしい景色 美しい 暖かい 美味しい
スターバックス コーヒー ＮＨＫ広島ビル店,5.0,user_1682,他の場所と同じように良いですが 日本なので値段は高くなります
スターバックス コーヒー ＮＨＫ広島ビル店,5.0,user_1683,スタッフはフレンドリーで 環境も快適です
スターバックス コーヒー ＮＨＫ広島ビル店,4.0,user_1684,広島滞在中 1日に2回ここに来ました
スターバックス コーヒー ＮＨＫ広島ビル店,3.0,user_1685,このお店で広島限定のスターバックスカードを見つけました
スターバックス コーヒー ＮＨＫ広島ビル店,4.0,user_1686,コーヒーモカが好きです
スターバックス コーヒー 広島本通り店,5.0,user_1687,お昼ごろに行くと比較的空いています 14 15時頃のおやつ時間は混んでいます アサイーベリーユズ シトラスティー氷少なめ ティー多め はちみつトッピングしたら美味しかったです 3階まであるので地味に階段がきついときもある 笑 本通り意外と歩くから
スターバックス コーヒー 広島本通り店,4.0,user_1688,広島県広島市中区本通り9 1にある スターバックス コーヒー 広島本通り店 さんにお邪魔です 店内は一階にも少し席がありますが 2階 3階とお席もある変わった造りですね オーダー スターバックスラテ 455円 価格は税込価格です 二日酔いを甘めのラテで覚まして行きます 笑 どこの店舗もオシャレですが 特にこちらの店舗は壁のデザインがオシャレでした ご馳走様でした
スターバックス コーヒー 広島本通り店,5.0,user_1689,繁華街なのでいつも満席に近いのですが時間も早かったのでとても静かでゆっくりできました 店内利用を聞いてくれて冷めにくいのでとマグカップにしていただけました さりげない一言もさすがスタバです
スターバックス コーヒー 広島本通り店,4.0,user_1690,3階まで席があります そのため眺めもいいのでドリンクがこぼれないように3階まで行った方が空席がある確率が高いですし 眺めもいいので上まであがられた方がオススメです 広島市屈指のしょうてんがいに位置しており こじんてきにも雰囲気もよくおすすめです
スターバックス コーヒー ＮＨＫ広島ビル店,3.0,user_1691,非常に素晴らしい
スターバックス コーヒー 広島本通り店,5.0,user_1692,普段は混むのでこちらの店舗はなるべく避けるのですが 韓国から広島に来た友人がコーヒーを飲みたいとのことでこちらを利用しました お昼時だったので空いていて助かりました 私はほとんど韓国語は話せないので友人とは基本的に翻訳アプリでやり取りしてますが なんと男性店員さんが韓国語が話せるようで友人に韓国語での接客をしてくれました おかげでスムーズに注文も出来て 友人たちもリラックスして過ごせたようです ありがとうございました
スターバックス コーヒー 広島大学病院店,4.0,user_1693,診察の待ち時間が長い大学病院 その中で珈琲飲みながら休憩出来るこの店の存在は大きい 席数が少ないのが残念だがスタッフさんは親切だった
スターバックス コーヒー 広島本通り店,5.0,user_1694,スタッフのみなさんが気持ちよく接客してくださる印象で こちらの店舗をよく利用しています カスタマイズの提案や ドリンクを悩んでいると私の好みに寄り添っておすすめを紹介してくださるなど いつも心地よいコミュニケーションをしていただいています 毎回チャイティーラテを頼みますが その日は少し違うものを頼みたい と思った時 カスタマイズでチャイのフラペチーノを提案くださり感動しました 美味しくいただきました ありがとうございました
スターバックス コーヒー ＮＨＫ広島ビル店,5.0,user_1695,私はお腹が空いています
スターバックス コーヒー 広島大学病院店,1.0,user_1696,大学病院の中のスタバ 検査でヘトヘトになって帰り道に買ったフラペチーノが酷かったです 今までこんなに氷が大きいフラペチーノ飲んだことありません 長い時間の待ち時間のご褒美だったのに最悪でした
スターバックス コーヒー 広島本通り店,5.0,user_1697,ドリップコーヒー ティラミス 頂きました ティラミスの口溶け食感とほろ苦味と クリームとのバランスは本当に美味しいです 広島市内中心部なので流石にお客さん多いですが モニターで席の空きを聞く事もできます 3階まであるので 席は少なくはないです 店員さんも忙しい中でも笑顔で素晴らしい接客です とても美味しかったです
スターバックス コーヒー 広島大学病院店,5.0,user_1698,病院の入口を入ってすぐ横にあり 外からもサインを見ることができるので 迷うことはありませんでした 日曜日に伺ったので お客さんは少なかったです ブレンドコーヒーを注文しましたが こちらから聞かなくても本日の豆の銘柄を教えてもらえるなど 親切丁寧に接客していただけました スターバックスさんには30店舗ほど伺ったことがありますが この店舗にて対応いただいた店員さんが 今まで一番良い接客をしていただきました 機会あれば また伺いたいです
スターバックス コーヒー ＮＨＫ広島ビル店,4.0,user_1699,素晴らしい集まり
スターバックス コーヒー 広島本通り店,4.0,user_1700,三階建てのスタバ 広島出張中に少し作業をしたく立ち寄りました 平日の午前中というのもあり 空いていて快適に作業ができました ただ 2階と3階にはコンセントがなかったので そこがちょっとかな それでも スペースは広めにとってあるので居心地は良かったです
スターバックス コーヒー 広島本通り店,5.0,user_1701,スタッフさんの新人スタッフさんへの励まし方がとても良く 疲れていた自分もほっこりしました
スターバックス コーヒー 広島大学病院店,5.0,user_1702,基本的にスタバの店員さんは好きです いってらっしゃい と送り出してくれるので 高いけど 元気になれたり幸せな気分になるので スタバは利用します ここは広大の中にある為小さな店舗で 外来の時間は割と並んでるのですが 店員さんが モバイルオーダーなら並ばなくてオススメと教えてくれたり
スターバックス コーヒー 広島大学病院店,5.0,user_1703,ドリップコーヒー ハロウィンチョコレートケーキ 頂きました ハロウィンチョコレートケーキは濃厚な美味しさです チョコレートコーティングの下から柔らかく ちょっぴり甘酸っぱいブルーベリークリームが口に広がります その下にはブラックココアケーキがフワッとしていていますが キュッと引き締めます 本日のドリップコーヒー オータムブレンド に相性ピシャリでした 広島大学病院店は病院内に位置しています お店は小さく 席数は窓際カウンター席が6席位ですが お見舞いのお土産や お持ち帰り利用等で賑わっています 店員さんは親切丁寧で優しく 良い雰囲気です とても美味しかったです
スターバックス コーヒー 広島大学病院店,3.0,user_1704,小さいスターバックスだけど院内にあるスタバはこれくらいがちょうどいい気もしますが ここのお店は満席が日常的になっており もう少し席数や広さはほしいところですね
スターバックス コーヒー ＮＨＫ広島ビル店,5.0,user_1705,良い場所です
スターバックス コーヒー 広島本通り店,4.0,user_1706,広島本通りパルコ前のスタバです 広島で1番混雑するかもしれないお店です 席は2階3階にもありますが空いているかどうかわからないのがギャンブルです 3階は比較的空いているのではないでしょうか 平日の昼間は意外にもゆっくりできました
スターバックス コーヒー 広島本通り店,5.0,user_1707,高校生の娘が がんばったごほうびにテイクアウトで行くお店 母の日のプレゼントなども 店員さんどの方も優しく話しかけてくれてありがとう カップに名前書いてくれると嬉しいそうです
スターバックス コーヒー 広島大学病院店,3.0,user_1708,大学病院に用事がある人では無いと なかなか行きにくいお店 駐車場は 病院専用のものしかない お店の中で 食事等する時は 席数が8席しかなく 忙繁期には 自分で場所を取ってから注文しないといけなくなることがあるので なかなか席に着くことは 難しい
スターバックス コーヒー ＮＨＫ広島ビル店,3.0,user_1709,一般的なスターバックス
スターバックス コーヒー 広島本通り店,5.0,user_1710,文句なし 食事も美味しいし サービスもていねいだし 雰囲気や床のゴミも一つも落ちてなく完璧なお店
スターバックス コーヒー ＮＨＫ広島ビル店,4.0,user_1711,美味しいコーヒー
スターバックス コーヒー 広島大学病院店,1.0,user_1712,スタバと言えば接客態度がいいイメージですが ここは違う 対応がとても悪くかなり不快な気持ちになった せめて 謝るということを学んでから働いた方がいい
スターバックス コーヒー 広島本通り店,3.0,user_1713,客席は主に二 三階にあって 割と広めです 広島の中心街にある店舗なので 買い物途中の休憩にも適しています
スターバックス コーヒー ＮＨＫ広島ビル店,5.0,user_1714,良い
スターバックス コーヒー 広島大学病院店,4.0,user_1715,月1の検診時に利用させてもらってます 若いスタッフさんの接客も丁寧です 場所が病院の通路沿いでとても狭く並び方に もう少し工夫があればもっと使い易くなるのでは と思います
スターバックス コーヒー 広島大学病院店,4.0,user_1716,奥に少しだけイートインスペースがあります
スターバックス コーヒー 広島本通り店,5.0,user_1717,いつ行っても人が多いから なかなか座れない 店員さんは丁寧な接客でした ストロベリーラベンダーティーラテを注文 今まで飲んだスタバ商品の中で１番美味しかったかも
スターバックス コーヒー 広島本通り店,4.0,user_1718,広島限定のスターバックスカードをお土産購入 アイスコーヒーも飲みたい気分でしたが 飲んでいるほどの時間はない そんな時に店員さんが小さいコップに美味しいアイスコーヒーを入れてくださいました スターバックスカードのラッピングを待つ間に 優雅なコーヒータイムを過ごせました 親切で笑顔が素敵なスターバックス店員さんのおかげで 良い気分で広島旅行ができました
スターバックス コーヒー ＮＨＫ広島ビル店,5.0,user_1719,悪くはないけど 悪くもない
スターバックス コーヒー 広島大学病院店,2.0,user_1720,いつも決まったものをオーダーしてます 売り切れだったから だったら大丈夫です って言ったのに では これはどうですか 美味しいですよ と勝手に決めて勝手に袋を開けて温められて断れなくなってしまったので食べました 治療の関係で 決まったもの以外は大丈夫ではないのでオーダーしなかったのにそわそわしながら食べました これで治療が受けれなかったら最悪だなと思います あと シュガードーナツを一番最初にオーダーしたのに会計に入れてくれませんでした またフラペチーノにホイップつけたのに乗ってませんでした まあクレーマーなんですが出来ればクレームはしたくないです 忙しかったんだろうと思いますがお客さんの話を聞いて欲しいです 今までは 子供連れで病院大変ですよね お疲れ様です など声をかけてくれて優しいな と思ってたのですが 今回はちょっとどうかなーと思いました ちなみに平日の午後です
スターバックス コーヒー 広島本通り店,5.0,user_1721,旅行で友人と一緒に行きました レジのお姉さんに名前を聞いてもらい カップに名前を書いてくださりました その後 受け取る時も名前で呼んでくださりました こんなに素敵なスタバ初めて出会いました 皆さん また京都に来てください
スターバックス コーヒー 広島大学病院店,4.0,user_1722,病院の中にある店舗でテイクアウト利用者が多いです カウンター数は少ないですが 比較的座れる印象です
スターバックス コーヒー 広島本通り店,5.0,user_1723,3階まであり80席以上あるのでゆったりできる でも 昼過ぎはすぐ満席状態となるので注意 スタッフさんは外国語にも対応しているようでめっちゃ外国語で対応していました また すごくフレンドリーで話題を振ってくれるので会話が生まれる
スターバックス コーヒー 広島大学病院店,1.0,user_1724,本当は星1も付けたくない 列に並んで待っていて自分の番が来た時に順番にお伺いしますので並び直してくださいと言われました ちゃんと並んでました それが不快で仕方なかったので何も買わず帰りました 別にピークタイムという訳でもなくガラガラの状態だったし並んでる客くらい確認しよーね
スターバックス コーヒー 広島本通り店,5.0,user_1725,日曜日の10時 待ち合わせの時間にたまたま空いていたので持ち帰りで入りました 新作のあまり公表されていない飲み物を店員さんが教えてくれたので購入しました 店員さんの接客態度が良く 注文から購入まで楽しかったです 普段はとても混んでいてドアの外まで並んでいる事の方が多いです レジとか店員さん増やすとかしてくれたらもっと効率良く買えるのに T_T
スターバックス コーヒー 広島大学病院店,4.0,user_1726,朝のスタバはゆったりとした時間が流れます 道行く人を眺めながらのカフェタイム良いですね カフェミストとシナモンロール頂いてます 外は少し暑そうです
スターバックス コーヒー 広島本通り店,4.0,user_1727,日曜日に行ったこともあり人がとても多かったのですが3階まであるのですぐに座る席が見つかりました 快適でよかったです
スターバックス コーヒー 広島大学病院店,3.0,user_1728,いつもお世話になっております いつも 店員さん 接客丁寧で 笑顔で対応してくださいます 残念ながら 本日の女性店員さんは 無愛想でした メニュー選んでいると 早くして みたいな顔されました お茶を注文しましたが マグカップか 紙カップかも聞かずに 勝手に紙カップに入れていました 茶葉を入れるカップの準備をしてくれておらず いつもは 店員さんが 茶葉を入れるカップの説明をしてくださいます ドーナツの注文で 会計時 フォークを貸して欲しいと伝えると 投げる様に フォークを置いていました 不快な思いをしました 接客気をつけた方がいいのでは
スターバックス コーヒー 広島本通り店,5.0,user_1729,更新 イオンモール府中にいた態度の悪いオッサン店員がここにおるやん 顔も見たくない 買わずに出た ここはいつ見ても多いから避けてたのに今日どうした たまたまかな お正月休みなのに
スターバックス コーヒー 広島本通り店,3.0,user_1730,2024 11 17 チェックインして来ました 笑 日曜日の10時過ぎで混雑はしてなかったです
スターバックス コーヒー 広島大学病院店,1.0,user_1731,母が利用しようとしましたが 店員に注文を急かされて断念したそうです 人が多いのは解りますが 何秒以内に注文しないといけないルールでもあるのでしょうか チョコレートケーキを私に買ってくれようとしたみたいで 悲しい思いをさせてしまいました もうスターバックス自体 利用しません
スターバックス コーヒー 広島大学病院店,5.0,user_1732,座席数は多くないが 試供品の飲み物を配っていた 美味しかったー 大病院の閉塞感を何となく和らげてくれます 何かと高いけど
スターバックス コーヒー 広島本通り店,5.0,user_1733,期間限定の スタアバックス珈琲 が設置されています 店員さんの笑顔も素敵でした
スターバックス コーヒー 広島大学病院店,5.0,user_1734,病院帰りによく行ってました 甘いものを食べると落ち着きます
スターバックス コーヒー 広島本通り店,3.0,user_1735,行列になってることが多く最悪の場合席がなく困る場合が多いのが難点
スターバックス コーヒー 広島本通り店,3.0,user_1736,今日の店員どうしたん ICEで頼んだのにHOTで出てくるし いつもは混雑で ごった返してても間違わないのに空いてて2組くらいしか客が居ないのに注文も違ってたし お遊びでしてるの って思った STARBUCKSが大好きだから これからも必ず行くけど STARBUCKSで癒されてるのに今回はSTARBUCKSに行ったことで気疲れしてしまった
スターバックス コーヒー 広島大学病院店,3.0,user_1737,広島大学病院内に有るスターバックスコーヒーで 店内でも食事する事が出来るのですが 席が8席程しかなく 直ぐに埋まってしまいます どちらかと言えばテイクアウトのお客様が多く 私も利用する時 大学病院に受診に来た時ですがσ _ には テイクアウトして広い病院内で座っていただきます 勿論 季節商品などを購入するのですが 店舗が小さいですが ﾁｪｰﾝ店ですので 季節商品なども同じです 只 ｻﾝﾄﾞｲｯﾁなどは割高感がありますﾈｰ 小さい割には 美味しいのですが
スターバックス コーヒー 広島本通り店,5.0,user_1738,３階のフロアで戴くキャラメルフラペチーノ 注文した際 客の名前を聞いて来るが 咄嗟に待ち合わせていた友人の名前を答えてしまった ベン様 ご注文ありがとうございます 笑顔で応対してくれるので 次からは自分の本名でお願いしようと心から思った 後で友人にこの事を伝えると 自分も注文すれば良かった と嘆いていた また日本に来てくれ 日本のスタバ 広島は素晴らしいだろう 海外ではこんな待遇は 無い
スターバックス コーヒー 広島本通り店,4.0,user_1739,土曜日午前９時過ぎ入店 お客さんは少なく ゆっくり過ごせた キャリーケースを持っていたが 店員さんのご好意で 店内に居る間 預かってもらえたので 上階の席に行くのも楽だった
スターバックス コーヒー 広島本通り店,5.0,user_1740,9時に家族と来店 小学生の子どもが席に着くなりフラペチーノをひっくり返しました 床はビチョビチョ 簡単には片付けさせてもらいましたが 若い男性店員さんに声をかけ 謝罪しました こちらが悪いのに嫌な顔一つなく 濡れてないですか 大丈夫ですか と気遣ってくれました しかも せっかくなのでどうぞと 新しいものを再度作ってくださいました 他の女性店員さんも心配してくださり 嬉しかったです この度はご迷惑お掛けしました 本当にありがとうございました
スターバックス コーヒー 広島本通り店,3.0,user_1741,普通のお店も一工夫でプレミアム感の出せるというマーケティング ついつい乗ってしまいます スタアバックス珈琲
スターバックス コーヒー 広島大学病院店,5.0,user_1742,テイクアウトのみの利用でしたが とても親切に対応して頂きました 3名のスタッフと会話しましたが どの方も親切で今まで利用したスタバで一番良い接客でした また病院受診した際は 是非利用させていただきたいです
スターバックス コーヒー 広島大学病院店,4.0,user_1743,広大病院の1階にあります 病院の待ち時間などで疲れた時にホッと出来ます
スターバックス コーヒー 広島大学病院店,5.0,user_1744,広島大学病院内外来棟にある店舗です 土曜日の病院休診日に行ったからかお客さんも少なくて店員さんの対応もめちゃくちゃ良かったです 説明も丁寧にしてもらえたのでとても良かったです 平日は通路狭いとこにお客さんすごく並んでます
スターバックス コーヒー 広島本通り店,3.0,user_1745,今全国のスターバックスで ご当地フラペチーノしてます 広島は 瀬戸内レモン シトラスじゃけぇ です 飲んでみました やっぱり酸っぱいです
スターバックス コーヒー 広島本通り店,5.0,user_1746,昼食を兼ねて 新しく出たストロベリーのを飲みました ここの店舗は良く利用しますが 店員さんの対応がすごく良くて ちょっとした話をしてもらえたり 気遣いをしてもらえるのが心地よく また利用したいと思う店舗です
スターバックス コーヒー 広島大学病院店,5.0,user_1747,初めて来たけど スタッフのお姉さんも愛想が非常に良いし可愛いし メニューとか分かりやすく説明してくれるので ありがたい いつも飲み物のマンゴーとワッフルとかを買っています 支払いもスターバックスカードがあるので スムーズに支払いとかチャージが出来るので 便利が良い 遠いけど 定期的に訪れたいスターバックスですね
スターバックス コーヒー 広島本通り店,5.0,user_1748,福岡から観光で寄らせてもらいました 白桃さくらの桜もちが苦手だと相談させて貰うとスタッフさんから色んな提案や試食まで スタバ大好きで良く利用させて貰って貰ってますがここまで丁寧な対応をして貰ったのは初めてで感動しました ありがとうございます
スターバックス コーヒー 広島本通り店,4.0,user_1749,10年近くぶりに伺いました 相変わらずホスピタリティ溢れてるパートナーさん達でした また伺いますね
スターバックス コーヒー 広島大学病院店,5.0,user_1750,大学病院の中にあるので 待ち時間に飲食できます スタバの中は席が少ないですが 三階に広いスペースがあるので私はそこで頂いてます 入院棟にも持ち込めますよ
スターバックス コーヒー 広島大学病院店,3.0,user_1751,砂場 スターバックス コーヒー で有名なお店 何回か利用したけど わたしにはあまり美味しいとは思いませんでした たぶん ほぼ売り切れ状態の時間帯で購入したので 人気のない品物しかなかったのかもしれませんね 個人的な意見です 次回の利用は 早めに購入したいと思います
スターバックス コーヒー 広島大学病院店,5.0,user_1752,注文の伝え方がわからないとき 丁寧に聞いてくれて どのように注文したら希望に近づき飲みたい物を購入出来るか教えてくれて とても嬉しく いつもおいしく飲めます テイクアウトなのか イートインなのかもしっかり聞いてくれてありがとうです
スターバックス コーヒー 広島大学病院店,5.0,user_1753,院内の一角に設けられた小さな店舗なので 席数は限られますが スタッフさんの丁寧な接客や笑顔にホッと気持ちを和ませてもらえます
スターバックス コーヒー 広島本通り店,4.0,user_1754,25 1 14 ほうじ茶クラッシックティーラテ 25 1 15 ハニージンジャーチャイティーラテ
スターバックス コーヒー 広島本通り店,5.0,user_1755,よく利用させてもらってます スタッフの方の感じもとても良いです
スターバックス コーヒー 広島本通り店,2.0,user_1756,平日の昼過ぎ行きましたが 若い店員が多くてわりと大きい声で私語ばっかり 並んでてもメニューも渡してくれないのに 決まったら教えてくださーい って しかもレジの男性店員は何言ってるか全然わからない 他のメニュー勧めてくれたのは嬉しいけど なんであんな上から目線なんでしょう スタバ大好きだけど この店はクオリティ低いので残念です
スターバックス コーヒー 広島大学病院店,4.0,user_1757,お店で飲むには座席少ないです でも窓が大きく正面玄関までよく見えるので 待ち合わせの時間調整にいい感じです
スターバックス コーヒー 広島大学病院店,4.0,user_1758,店員さんがいつも親切で気持ちよくメニューを注文できます 店内で食べる事を伝ぇると席の空き状況を見てくれます
スターバックス コーヒー 広島大学病院店,5.0,user_1759,大学病院の中なので 毎日混雑しています スタッフの方は みなさん感じ良いいです
スターバックス コーヒー 広島本通り店,4.0,user_1760,シナモンロールあたためてもらって食べました おいしかったですょ シナモンシロップ多目にして下さいって言ったらしてくれました シナモン好きな人にはおすすめです
スターバックス コーヒー 広島本通り店,3.0,user_1761,電子マネーは使えない3階建てのスタバァ
スターバックス コーヒー 広島大学病院店,5.0,user_1762,初めて来たけど スタッフのお姉さんも愛想が良いので 満足できる 飲み物もマンゴーとかいろいろ買ってます
スターバックス コーヒー 広島大学病院店,3.0,user_1763,広島大学病院入ってすぐ右手にある 席は5つ 国立大学の病院に入っている喫茶店としては少し小さすぎる
スターバックス コーヒー 広島大学病院店,5.0,user_1764,今まで利用したスタバの中で 比べものにならないくらい親切に 接客して頂きました 親切に接客して頂き感動しました ありがとうございました
スターバックス コーヒー 広島大学病院店,4.0,user_1765,席は少ないですが 店員さんの接客はみんないいです グッズ買うなら穴場かも
スターバックス コーヒー 広島大学病院店,3.0,user_1766,大学病院の待合室角際にあるけど スタッフの人の感じが よかったので 笑顔が 待ってるあいだも そんなに気にならなかったです
スターバックス コーヒー 広島大学病院店,5.0,user_1767,入院してるので動ける時は 美味しくいただいてます ラテ美味しいです
スターバックス コーヒー 広島大学病院店,4.0,user_1768,モ ニングコ ヒ とワッフルを食べました ほんのり甘いワッフルがおいしい また 食べます
スターバックス コーヒー 広島本通り店,5.0,user_1769,テイクアウトで利用しました 店員さんの笑顔が素敵です 注文したらカップに名前書いてくれたのが嬉しかった いい場所にあるからいつも混んでてすごい人だけど それもまた活気あって良いです いつも並んでいる間に何にしようかなーと考えるので その時に目に入ったものを注文したくなる 期間限定ものは魅力的なのが多いですね 今度は2階も上がってみたいです
スターバックス コーヒー 広島大学病院店,4.0,user_1770,土日はガーラガラ笑 駐車場は30分無料なので 近くの段原店 に行くよりこっちの方がオススメ
スターバックス コーヒー 広島本通り店,1.0,user_1771,男の店員さんの対応悪かったので最悪 女性の店員さんは親切だったけどね
スターバックス コーヒー 広島本通り店,5.0,user_1772,2 3階イートインスペースはとても広く店員さんの対応も良くとても満足です
スターバックス コーヒー 広島大学病院店,4.0,user_1773,昼時は常に行列ができています 試飲もよくやっています
スターバックス コーヒー 広島大学病院店,5.0,user_1774,親切に接してくれます ゆっくり メニュー選べますよ
スターバックス コーヒー 広島大学病院店,5.0,user_1775,病院の待ち時間にはありがたいが席が少なく入れない事も
スターバックス コーヒー 広島大学病院店,3.0,user_1776,座席数が少ないので 空いていないこともしばしばあります
スターバックス コーヒー 広島本通り店,4.0,user_1777,とにかく街中の待ち合わせや打ち合わせに便利 良く利用してます
スターバックス コーヒー 広島大学病院店,2.0,user_1778,病院内なので 品数が少ない 料金をもう少し安くしてね
スターバックス コーヒー 広島本通り店,4.0,user_1779,あんまり行きませんが新商品 の バタースコッチコーヒージェリーフラペチーノ 時期的に寒すぎでした
スターバックス コーヒー 広島大学病院店,2.0,user_1780,施設の規模の割りに カウンター席のみは 少しせまいかな
スターバックス コーヒー 広島本通り店,4.0,user_1781,スタッフさんは親切で レジで注文の際に期間限定のコーヒーの試飲を頂きました 2階 3階は客席のフロアで 平日は比較的空いています 私が訪れた際には2階の大きなテーブルで若い学生4 5人が大きな声で喋りながら勉強をしており居心地が悪かったです
スターバックス コーヒー 広島大学病院店,5.0,user_1782,店員さんの素敵な笑顔を見るとついつい沢山買ってしまいます
スターバックス コーヒー 広島大学病院店,1.0,user_1783,テイクアウトで利用 商品入れ忘れ お金はもちろん取られました
スターバックス コーヒー 広島大学病院店,4.0,user_1784,病院の待ち時間などイートインもできて便利
スターバックス コーヒー 広島大学病院店,4.0,user_1785,待ち時間に寄れて便利でしょう 助かりますよね
スターバックス コーヒー 広島大学病院店,4.0,user_1786,心 o 楽しい場所です からくださいかな Ｓみそてから かながＭ日浦岬くださいください から
スターバックス コーヒー 広島大学病院店,5.0,user_1787,美味しかったです
スターバックス コーヒー 広島大学病院店,1.0,user_1788,いつまで臨時休業なの 営業しないな撤退してください
スターバックス コーヒー 広島大学病院店,5.0,user_1789,広大 待機 タクシー運転手です コーヒー感謝
スターバックス コーヒー 広島大学病院店,5.0,user_1790,大学病院のスタバはスタッフが親切ですよ
スターバックス コーヒー 広島大学病院店,4.0,user_1791,いつも少し並ぶけど オススメ
スターバックス コーヒー 広島本通り店,5.0,user_1792,こちらのスタバにも時々立ち寄らせて頂く事があります どちらのスタバも居心地が良く スタッフの方々の応対も良いので大好きなお店です 時々スタッフの方が話しかけて下さったりするのが嬉しいかな また広島市内に行った時には是非とも立ち寄りたいです コーヒーもスイーツも美味しいし 最高です 特に 春に登場する桜 系の物がめちゃくちゃ大好きです
スターバックス コーヒー 広島大学病院店,2.0,user_1793,少し座席が少ないね
スターバックス コーヒー 広島大学病院店,5.0,user_1794,フラペチーノがすごーく美味しいー
スターバックス コーヒー 広島本通り店,5.0,user_1795,平日は あまり混むことがないですが土日祝に混雑します 便利な立地なのでたまに出掛けます
スターバックス コーヒー 広島大学病院店,2.0,user_1796,必要性を感じない
スターバックス コーヒー 広島本通り店,5.0,user_1797,いつも人が多くてこちらの店舗は利用した事がなかったのですが 木曜日の午前に行くと空いていました やはり人が少ない方が落ち着きます 立地を考えると ゆったり過ごせるのは贅沢
スターバックス コーヒー 広島大学病院店,5.0,user_1798,とてもフレンドリーなスタッフと超高速のサービス
スターバックス コーヒー 広島本通り店,4.0,user_1799,基本的にいつも混雑している印象ですが 朝少し早い時間に何度か利用した時 店員さんがオススメのカスタムを教えてくれたり 親切な印象でした オススメメニューなども教えてくれて スタバが好きで働いているんだなーと思ってホッコリしました ちょっとした差し入れをしたい時何かにも結構利用しますが 季節限定アイテムもあるし 女性はスイーツ系 甘い物が好きじゃない人にはポテトチップスやフード系 日持ちする物だとインスタントコーヒーなど 幅広い人にあげれる物があるので助かります
スターバックス コーヒー 広島本通り店,5.0,user_1800,スタバはどこも好きです 本通限定の抹茶チョコを飲みに
スターバックス コーヒー 広島本通り店,3.0,user_1801,スタバはよく行きますが本通り店は接客対応がイマイチだと思います お子様連れの方や若い方にはとても親切なようですが 年配や障害者の方には対応が良くなく思いました お忙しい店舗なので仕方ないのかも知れませんが少し手を差し伸べてあげると助かるのでわないのでしょうか 何か残念です
スターバックス コーヒー 広島本通り店,3.0,user_1802,いつも賑わってます
スターバックス コーヒー 広島本通り店,4.0,user_1803,広島市内で1番混雑しているスタバ
スターバックス コーヒー 広島本通り店,4.0,user_1804,全国共通のスターバックスです 特段目新しいことは無かったです Wi Fiは安定してました コンセントありの席で仕事できました 2階の席でした
スターバックス コーヒー 広島本通り店,3.0,user_1805,仕事をしたくて入店 お店は結構広くて 1Fこそカウンター数席だが 2 3Fと席が多くある 2Fに着席したが ソファ席もあったのでそこがおすすめかも 充電できるポイントがあまりないのが残念でしたが オーソドックスなスタバです
スターバックス コーヒー 広島本通り店,4.0,user_1806,場所がいいし スタッフの方々も感じがいいです
スターバックス コーヒー 広島本通り店,4.0,user_1807,商店街の中にぽつんと現れるスタバ 入りやすく 注文しやすいのがいいですね 二階席はちよっと居心地がいいとはいえませんね スツールに座って全体が見渡せるけど テーブル席の人は見られてるって思うかも
スターバックス コーヒー 広島本通り店,5.0,user_1808,店舗向かい側にある猫カフェに行く時に利用しています 豆が新しくなると 必ず説明してもらっています 当たり前の事とは考えておらず 味わいを体験できるのは幸せです
スターバックス コーヒー 広島本通り店,2.0,user_1809,店員さんは普通に感じがいいしかわいい女の人 イケメンが多くていいけど 毎回新作を頼んだ時に外の看板とかネットで見たのとは違う見た目の物出てくる 直近ので言うとスイカので言うと見本では横から見ると下の部分がキウイとスイカの層になっていて結構キウイが入っている感じだったのに出てきたのは全然層にもなってないくらいしか入ってないし LINEニュースでカスタムするとキウイは１５０円だかプラスになるらしい そんな値段取っときながらほんのちょっとしか入ってない おさつバターフラペチーノも下の芋けんぴが見本ほど入ってない まあ飲食店とか普通に見本と違うのが出てくることもあるけどこれが毎回は嫌な気持ちになる 因みに他のスタバとは比べて無いのでどこもそうなのか今度行ってみようと思っている
スターバックス コーヒー 広島本通り店,4.0,user_1810,広島ではかなりの好立地にあるスタバです なので 常に混んでる感じです 混んでるのが災いしてか他店に比べて丁寧さはないですね まあ これは仕方ないと思います 普通に美味しいので便利に使わせてもらいましょう
スターバックス コーヒー 広島本通り店,4.0,user_1811,広島ではプリンはしばらくの間各1つまでの販売だそう 1階がレジ 2階3階が客席 1階からでは上の混雑具合がわからないのが難点だけど 平日の朝はとても優雅な時間を過ごすことができコンセントも利用出来て良かった 店員さんの対応も
スターバックス コーヒー 広島本通り店,4.0,user_1812,店員さんの対応が親切で とても感じが良かったです
スターバックス コーヒー 広島本通り店,5.0,user_1813,接客が丁寧でとても良かったです
スターバックス コーヒー 広島本通り店,3.0,user_1814,コーヒーが美味しいわけではないし 安くもないけど たまに飲みたくなるのが キャラメルマキアート スタッフがフレンドリーで話好きなのは良し悪し 並んでいるのにお客さんと長々と笑って話されるとちょっとね いつも ノンファットを頼むけど 何度も間違えて作り変えてた
スターバックス コーヒー ＮＨＫ広島ビル店,5.0,user_1815,立地は最高で 典型的なスターバックスです もっと早くオープンしてくれたらよかったのに
スターバックス コーヒー 広島本通り店,5.0,user_1816,１階 1人席4席 充電なし 2階 1人席16席 充電あり 2人席13席 3階 1人席4席 充電あり 2人席7席 3人席4席 6人席1席 テラス席 なし 駐車場 なし
スターバックス コーヒー 広島本通り店,5.0,user_1817,地下にあります 少し迷いました
スターバックス コーヒー 広島本通り店,5.0,user_1818,アサイー美味しかったです
スターバックス コーヒー 広島本通り店,4.0,user_1819,パルコの向かいにあり 本通りと並木通りの交差点を見渡せます 待ち合わせや 待ち合わせまでの時間をつぶす際にも重宝します 人間観察をしているらしい方もよくいます どのスタッフも安定して印象が良いです
スターバックス コーヒー 広島本通り店,4.0,user_1820,本通り歩いて買い物して ω ふらりと寄れるのが いいですね これから夏にむけて特に 飲みたくなります
スターバックス コーヒー 広島本通り店,5.0,user_1821,混む時は結構混みますが 平日の昼間だったりは程よく空いててのんびり読書するのにぴったりです 店員さんも優しい人が多くて 会計やコーヒーを受け取る時の会話が楽しいです
スターバックス コーヒー 広島本通り店,4.0,user_1822,妊娠前 産後 今は子連れで立ち寄りますがディカフェのものも増えています 前はディカフェで頼むと出てくるまで時間がかかっていましたが スムーズになりました シャレオの方は隣にタピオカドリンクのお店が出来ましたが ゆったりしたい派なのでスタバを利用します
スターバックス コーヒー 広島本通り店,4.0,user_1823,さすがです このご時世で安定の対応です 朝から気持ちいい
スターバックス コーヒー 広島本通り店,5.0,user_1824,新作メニューも割と早いペースで出るので 楽しみにしています コーヒーのミルクもソイに変えられたり出来るので健康にもきを使えます 店員さんがいつも神対応
スターバックス コーヒー 広島本通り店,5.0,user_1825,定員さんがとてもフレンドリーでカスタムも詳しく教えてくれて優しかった
スターバックス コーヒー ＮＨＫ広島ビル店,5.0,user_1826,ありがとう 韓国語で応対してくれたかわいいスタッフのおかげで 旅行仕上げを気持ちよくしました このように働くのを見れば 何をしてもいいと思います
スターバックス コーヒー 広島本通り店,4.0,user_1827,15年前住んでいた頃と同じ場所に 同じ混み具合で君臨しています たまに行っています 店員さんの対応も素晴らしいく気持ちが良い
スターバックス コーヒー 広島本通り店,5.0,user_1828,広くていい感じのスタバ10数年利用してる
スターバックス コーヒー 広島本通り店,5.0,user_1829,ジェラート アイス が食べたいといった私のために 母親がGoogle mapで調べてくれました 辿り着いて見てみると gelato piqué ジェラートピケ パルコの洋服屋さんです もう歩けないとのことで 目の前にあったこちらのお店で休ませていただきました スタバのメロン美味しかったですー
スターバックス コーヒー 広島本通り店,5.0,user_1830,寒い日によくお邪魔しました チョコレートチャンクスコーンとコーヒーを注文 店員さんからコーヒーによく合いますよと一言丁寧にいただきました またお邪魔します
スターバックス コーヒー ＮＨＫ広島ビル店,5.0,user_1831,カウンターの店員さんが親切で感じの良い 素敵なスターバックスです
スターバックス コーヒー 広島本通り店,5.0,user_1832,中国地方で唯一のリザーブ店 他県からくる方もいるみたいです 広島では最も歴史のある店舗ですがそんなに古い感じはしませんでした
スターバックス コーヒー 広島本通り店,4.0,user_1833,席も多めでのんびりできました
スターバックス コーヒー 広島本通り店,5.0,user_1834,県外から来て広島限定のマグカップを目的に行きました 女性の店員さんが親切に接客してくださって 目的の物も買えて とても気持ちよく買い物ができました
スターバックス コーヒー 広島本通り店,4.0,user_1835,行った時間帯が良かったのか ゆったりと静かな時を過ごしながら コーヒーを楽しむことが出来ました 月曜日 20時過ぎ頃
スターバックス コーヒー 広島本通り店,5.0,user_1836,何も言ってないのに名前をカップに書いてくれる神対応なスタッフ 他店舗はお願いしないとかいてくてなかったので感激しました 人が多いのですが接客の良さは流石スタバ
スターバックス コーヒー 広島本通り店,1.0,user_1837,店員の対応が悪すぎます ダラダラ無駄話をしながら 作業をしているのでかなり待たされます あと品物を誰に渡すかわからなくなって 無駄に待たされたりしました 茶髪の出っ歯の店員でした
スターバックス コーヒー 広島本通り店,4.0,user_1838,１階は外から丸見えのカウンター席3 4席 あとは2階3階です 足が悪い人は持ち帰りがおすすめです
スターバックス コーヒー 広島本通り店,5.0,user_1839,店員さんの印象が良すぎます すごく声掛けてくれるのでとってもいいですね
スターバックス コーヒー 広島本通り店,5.0,user_1840,ちょっとした読書や勉強の際に利用させてもらってます スタッフさんの対応が良く 落ち着ける空間になっています
スターバックス コーヒー 広島本通り店,3.0,user_1841,トイレ は3Fにありますがウォシュレットがついてない コーヒーカスを利用した消臭剤が置いてない
スターバックス コーヒー 広島本通り店,5.0,user_1842,本通りに行くときはよく入ります 接客がすごくいいのとスタバラテがとてもおいしいのとでいつも満足して帰れます
スターバックス コーヒー 広島本通り店,4.0,user_1843,丁度多い時間帯 高校生四人組が勉強してたのはよいが マスクなしの大声 笑い声 まだ コロナ禍店員さんさり気なく配慮してほしかった
スターバックス コーヒー 広島本通り店,5.0,user_1844,久しぶりにスタバのコーヒーを楽しみました
スターバックス コーヒー 広島本通り店,3.0,user_1845,3階まであります 2階でPCワークがてら休憩しましたが 若い連中の頭の悪そうなうるさい笑い声で落ち着けませんでした
スターバックス コーヒー 広島本通り店,4.0,user_1846,店員さんがいい感じです
スターバックス コーヒー 広島本通り店,4.0,user_1847,朝にいきました 飲み物にお名前も書いてくれて朝から嬉しかったです 定員さんも皆さん笑顔で素敵でした 席は朝から意外と居たのでびっくりでした
スターバックス コーヒー 広島本通り店,5.0,user_1848,朝早い時間 ９時前くらい なのに店員さんの笑顔の接客に気持ちよかったですし 美味しかったです
スターバックス コーヒー 広島本通り店,4.0,user_1849,携帯でオーダー出来て 着いたら出来てるので 待つ時間がないので楽です 店内も 落ち着けるのでいいです
スターバックス コーヒー 広島本通り店,4.0,user_1850,上の階にも席がたくさんあってゆっくりできます 店員さんが感じ良かったです
スターバックス コーヒー 広島本通り店,4.0,user_1851,場所が本通りということで少し落ち着かない感じです 東雲店だったでしょうか マツダスタジアム近くで川沿いにある あんな感じが好きです
スターバックス コーヒー 広島本通り店,4.0,user_1852,相変わらず場所が良いから 人が多くて座れない でも店員は親切丁寧です
スターバックス コーヒー 広島本通り店,4.0,user_1853,どこのスタバもだけど ここの店員さんの対応はいつも良い いつも忙しいのに いつも丁寧に笑顔できちんとしてる
スターバックス コーヒー 広島本通り店,1.0,user_1854,男性従業員か店長か知らないが 女性店員と私語してるくらいならきちんとお客の列の整理でもしろや 割り込みする客はおるし ほんま不愉快じゃったわ
スターバックス コーヒー 広島本通り店,5.0,user_1855,スタバ大好き でよく利用します 初々しい対応でありながら気遣っていただけたり居心地最高でした
スターバックス コーヒー 広島本通り店,4.0,user_1856,店員が親切丁寧 席数も多い ゆっくり出来る ただ新作物は高い コーヒーでゆったりがいいね
スターバックス コーヒー 広島本通り店,5.0,user_1857,買い物の休憩に利用します スタッフも 感じ良くて 2階と3階は ゆったりとした座席もあり くつろげます
スターバックス コーヒー 広島本通り店,5.0,user_1858,接客が丁寧でとても気持ちいい 商品も色々教えて貰えました
スターバックス コーヒー 広島本通り店,5.0,user_1859,素敵な笑顔でいつも接客されるので清々しいしい気持ちで美味しくいただけるのでありがたいです
スターバックス コーヒー 広島本通り店,4.0,user_1860,2階 3階にイートインのような場所があります 土日だと混んでおり 1人で座れるかどうかです
スターバックス コーヒー 広島本通り店,3.0,user_1861,ゆっくりできます
スターバックス コーヒー 広島本通り店,5.0,user_1862,店員さんも愛想が良く 次のお客さんを迎えるまでに消毒はしてます
スターバックス コーヒー 広島本通り店,5.0,user_1863,本通りを利用する際に立ち寄らせて頂いてます スタッフさんの対応も素晴らしく気持ちよく頂けます
スターバックス コーヒー 広島本通り店,5.0,user_1864,23時まであいてるのがすごい 店員さんの説明も丁寧でわかりやすい
スターバックス コーヒー 広島本通り店,4.0,user_1865,店員さんは親切対応 男の自分が男性店員さんにカップに書く名前を聞かれたら恥ずかしいですが
スターバックス コーヒー 広島本通り店,2.0,user_1866,立地も接客も良いが立地が良すぎて3階建てにも関わらず意外と狭くすぐ席が埋まってしまう
スターバックス コーヒー 広島本通り店,4.0,user_1867,いつでも混雑している 上の方の階は比較的落ち着いており 並木通りを見下ろせる
スターバックス コーヒー 広島本通り店,3.0,user_1868,男子トイレが少し汚いことが多いのが難点 たくさんの来客があり マナーがいい人ばかりではないので しょうがない面はある
スターバックス コーヒー 広島本通り店,2.0,user_1869,店員がいけてない 愛想ばっかで 客多いのに全然回ってない フラペなんかも 出来が雑い マリボー焼いたあと ドリンクできる頃には 冷めてたし
スターバックス コーヒー 広島本通り店,3.0,user_1870,コロナの影響か混雑していなければサービスは広島で二番目に良いかと 一番はやはり 地下街シャレオ内のスタバなのかなと
スターバックス コーヒー 広島本通り店,3.0,user_1871,何ヵ月ぶりかでスタバで珈琲 と思ったら下はオレンジ上にアイスコーヒー こんなのあり 思わず頼みました サッパリ これもありかな
スターバックス コーヒー 宮島サービスエリア(下り線)店,5.0,user_1872,ピクミンのイベント目当てでこのSAに寄ったのですが12月の広島 なんと吹雪いており余りに寒く温かい飲み物を求めてスタバへ オーダーとって下さった店員さんがめっちゃ感じ良かったです
スターバックス コーヒー 広島本通り店,4.0,user_1873,普通のスターバックス チョッとお洒落
スターバックス コーヒー 広島本通り店,5.0,user_1874,対応がとても親切です イベント 講習 等も定期的にやってるみたいです
スターバックス コーヒー 宮島サービスエリア(下り線)店,4.0,user_1875,祝日の１９時頃に訪れました 鳥居 ピクミンのライトアップされていて雰囲気の良いリラックス出来る場所でした 休憩するならばオススメです
スターバックス コーヒー 広島本通り店,3.0,user_1876,PARCO前にある店舗です お洒落なお店でした
スターバックス コーヒー 広島本通り店,1.0,user_1877,評判ほど美味しくないし 男の従業員の対応の悪さにむかついた
スターバックス コーヒー 広島本通り店,3.0,user_1878,立地も良いし間違えなしですね
スターバックス コーヒー 宮島サービスエリア(下り線)店,5.0,user_1879,スターバックスはどこの店舗に行っても綺麗でスタッフさんも感じが良いですが こちらは景色も最高です 近くの宮島が見えてピクミンも近くに住んでます ဗ ဗ ᵞᵉᵃᑋᵎᵎᵎ 季節物の何とかペチーノとか大好物です たまに売り切れの時に遭遇します T T ドーナツはミ タードーナツより1 5倍から2倍近くしますが 値段だけの味はします 手が込んでいます チーズケーキとサンドイッチもたまらんですね 泣き所は有名サービスエリアなので時間帯によってはかなりのお客 盆 正月 ゴールデンウィークはビックリするほど駐車場に車が多いです
スターバックス コーヒー 広島本通り店,4.0,user_1880,イチゴの季節 1番好き
スターバックス コーヒー 宮島サービスエリア(下り線)店,4.0,user_1881,宮島SA下りにあるスタバを訪問致しました 店内はテーブル席が少しでテイクアウトがメインの印象です エスプレッソ ラテ T 532円 マンゴーパッションティー G 587 個人的にマンゴー好きでチョイス 甘すぎず美味しく頂きました ご馳走様でした
スターバックス コーヒー 広島本通り店,5.0,user_1882,この店頭独自のサービス有り 少し照れるけど 楽しいです v
スターバックス コーヒー 広島本通り店,3.0,user_1883,朝1の女の子がやる気なさげで まぁ スタバやな って感じだった
スターバックス コーヒー 広島本通り店,4.0,user_1884,週末は人気の為中々座れなかったです _
スターバックス コーヒー 広島本通り店,4.0,user_1885,店内が広くゆっくりできます お客様は多いですけど
スターバックス コーヒー 広島本通り店,4.0,user_1886,注文の対応はスムーズで スタッフはとても感じがいいです
スターバックス コーヒー 宮島サービスエリア(下り線)店,5.0,user_1887,気分転換する時はここ 最近は外部からも来てる方々も増えて少し落ち着きませんが景色は最高です 勿論味もね 大好きなソイラテに初めてのキーマカレーのラップサンドでした
スターバックス コーヒー 広島本通り店,5.0,user_1888,コンセント席は2階の窓際にありました お手洗いは3階にありました
スターバックス コーヒー 宮島サービスエリア(下り線)店,1.0,user_1889,この店舗はダメ 今まで3回ほどモバイルオーダーでフードを注文したことあるが 3回ともヒーティングなしで注文したのに3回ともしっかりヒーティングしていた ここの店員はどうやらスタバでヒーティングなしで注文する奴などいないだろう という先入観だけで行動していて 確認 ということをしないらしい 受けったときにヒーティングなしになっているか 確認 をしなかった自分を愚かだと思うことにした
スターバックス コーヒー 広島本通り店,4.0,user_1890,混んでいても三階まであるので 空席を見つけられる場合が多い
スターバックス コーヒー 広島本通り店,2.0,user_1891,空き状況がわかるようにしてもらえたらありがたい
スターバックス コーヒー 広島本通り店,5.0,user_1892,広島で最も忙しいスタバだと思われるが対応が丁寧 店員も美男美女
スターバックス コーヒー 広島本通り店,5.0,user_1893,瀬戸内レモンなんとかを頼みました 少し甘めでしたがおいしかったです
スターバックス コーヒー 広島本通り店,4.0,user_1894,コンセント確保案外できる 可愛い子が多い つまり よい
スターバックス コーヒー 広島本通り店,4.0,user_1895,１階に席があればよいのですが 歳をとると階段がきつくて
スターバックス コーヒー 宮島サービスエリア(下り線)店,5.0,user_1896,SAヨコにあるスタバ 宮島が臨める見晴らしのいい公園が 奥にあります 角度によっては 広い公園の中にあるスタバ みたくも言えて とても居心地のよいところでした 犬を散歩させている人もたくさんいました ここはわざわざ来る価値があります 今度から高速を通るときには 必ず寄りたい場所になりました
スターバックス コーヒー 広島本通り店,4.0,user_1897,店員さんが丁寧でサンドなども美味しい珈琲店
スターバックス コーヒー 宮島サービスエリア(下り線)店,5.0,user_1898,ベーコンとほうれん草のキッシュ ドリップコーヒー 頂きました キッシュはベーコンとほうれん草のしっかり惣菜の活かした作りになっていて キッシュ本来のパイ生地とクリームチーズに相まり 食感から味わいまで 良い感じです 本日のコーヒーにもバッチリです テラス席で美味しさ倍増 店員さんも明るく ハキハキした良い接客でした 心地良い感じです 山陽自動車道の宮島サービスエリア 下り に位置します 自然豊かな山間にあり テラス席が 時間帯 季節にもよりますが とても心地良いです 瀬戸内海 宮島などが見渡せる展望所もあります 高速利用でない 一般道にも駐車場があり 外からもサービスエリアには入れるので良いですね とても美味しかったです
スターバックス コーヒー 広島本通り店,4.0,user_1899,二階もあるので混んでますが意外と席を確保出来ます
スターバックス コーヒー 広島本通り店,3.0,user_1900,席を確保後にオーダーが必要です
スターバックス コーヒー 宮島サービスエリア(下り線)店,5.0,user_1901,日曜日の夜 旅行の帰りにコーヒーを買うのに立ち寄りました 店員さんの笑顔が素敵でした クッソ寒いのにその日発売開始のフラペチーノを勧められましたが流石にそれは断って 暖かいドリンクにしましたw 家まで2時間以上走らなければなりませんが お気をつけて の一言が嬉しかったです
スターバックス コーヒー 広島本通り店,5.0,user_1902,店員さんの笑顔が素敵でした
スターバックス コーヒー 宮島サービスエリア(下り線)店,5.0,user_1903,6 11 5 宮島SA下りの広い芝生の広場 ピクミンのテナントや大きな 気分転換に良い場所です そんな良い場所にあるスタバです ゆっくり美味しいコーヒーとチーズケーキをいただきました 丘から見下ろす風景が一変 廿日市の斜面に付近に大規模な工事が始まっています
スターバックス コーヒー 広島本通り店,4.0,user_1904,Wi Fiあって便利 本通りでの待ち合わせにグッド
スターバックス コーヒー 広島本通り店,5.0,user_1905,接客態度良すぎた
スターバックス コーヒー 広島本通り店,5.0,user_1906,スタッフがとても優しかったです ありがとうございました
スターバックス コーヒー 広島本通り店,5.0,user_1907,2 3階が広くて ゆっくり過ごせます
スターバックス コーヒー 宮島サービスエリア(下り線)店,4.0,user_1908,スターバックスコーヒー 宮島サービスエリア 下り線 店 改めて Happy anniversary Miyazima Starbucks おめでとう 昨日は店舗15周年でした スタンプが更新しましたので改めて投稿します サービスエリアの公園的な感じの店舗 ここからの眺めも素晴らしいです ドライブの休憩に最強です starbucks starbuckscoffee スタバなう スタバグラム 全国のスタバ スターバックス スタバ スタバ旅 スタバスマイル マイストアパスポート初心者 マイストアパスポート スタバ外観 広島県 廿日市市 宮島サービスエリア スターバックスコーヒー宮島サービスエリア店 AIリムーバー
スターバックス コーヒー 広島本通り店,5.0,user_1909,安定の美味しさ 店員さんの爽やかさ 良き
スターバックス コーヒー 広島本通り店,3.0,user_1910,場所柄か いつ行っても混んでる 仕方ないけど
スターバックス コーヒー 広島本通り店,3.0,user_1911,２階がいいです コンセントありますし すごく混んでますが
スターバックス コーヒー 広島本通り店,5.0,user_1912,休憩に丁度良いですが混雑する時間は諦めた方が良いです
スターバックス コーヒー 広島本通り店,5.0,user_1913,彼と待ち合わせのスポット スタバラテほっとするわ 落ちつくカフェ
スターバックス コーヒー 広島本通り店,3.0,user_1914,とにかく混んでる 朝10時前なら並ばない
スターバックス コーヒー 宮島サービスエリア(下り線)店,5.0,user_1915,この日は仕事で420 走った帰りでした この場所にスタバがあるのは良いですね コーヒー屋って色々ありますが スタバが一番納得できます 店の雰囲気や センスのある飾り付け 外れは無いですね この日は晴れてて 宮島まで 良く見えました 芝生の広場と海岸線まで見渡せる 公園があり ゆっくりしたい場所です でも 仕事中なので結局急いで 出発してしまうんですよね 早足で 敷地を見回して スタバでコーヒーとドーナツ買って 超特急で帰りました このパーキングは ぜひ昼に寄りましょう いや パーキングではなくスタバでした このスタバは昼に寄って 景色で癒やされましょう
スターバックス コーヒー 広島本通り店,5.0,user_1916,ここで飲んだアイスココアが美味しかったです
スターバックス コーヒー 広島本通り店,4.0,user_1917,普通のスタバです 美味しい けど 並びます
スターバックス コーヒー 広島本通り店,4.0,user_1918,店員さんの対応 良かったですよ
スターバックス コーヒー 広島本通り店,5.0,user_1919,かわいい字でれいやって書いてくれる
スターバックス コーヒー 広島本通り店,5.0,user_1920,コーヒーの美味しいお店でよかったです
スターバックス コーヒー 広島本通り店,4.0,user_1921,平日朝から主婦の方が一人で集まるまさにサードプレイス
スターバックス コーヒー 広島本通り店,5.0,user_1922,2階でゆっくりできました
スターバックス コーヒー 広島本通り店,5.0,user_1923,背が小さめの店員さんが可愛かった
スターバックス コーヒー 広島本通り店,3.0,user_1924,愛想の店員がいていい感じ
スターバックス コーヒー 広島本通り店,5.0,user_1925,3階が素敵ー
スターバックス コーヒー 宮島サービスエリア(下り線)店,5.0,user_1926,サービスエリアとしては最高級のスタバ サービスエリアからの絶景も良いですが シーズンによってはスタバから眺めるサービスエリア内の景色もまた最高のものと感じれます このロケーションは最高すぎますね 高速道路利用者でなくても 一般道路からもサービスエリア内の施設を利用することができるのも大きなポイントです 上りになるサービスエリアまではタクシーで 帰りはのんびり下り坂を下って駅まで行ったこともあります
スターバックス コーヒー 広島本通り店,5.0,user_1927,Nice cafe Employees very kind indeed ありがとうございました for them
スターバックス コーヒー 広島本通り店,5.0,user_1928,座席も多く 便利です
スターバックス コーヒー 広島本通り店,3.0,user_1929,今日のアイスコーヒーは美味だった キレがある
スターバックス コーヒー 広島本通り店,1.0,user_1930,全席禁煙なのでもう行きません
スターバックス コーヒー 広島本通り店,5.0,user_1931,ご当地フラペ スッパ美味しかった です
スターバックス コーヒー 宮島サービスエリア(下り線)店,5.0,user_1932,安定した美味しさ このお店は綺麗
スターバックス コーヒー 広島本通り店,5.0,user_1933,店員さん 可愛かった
スターバックス コーヒー 広島本通り店,5.0,user_1934,広島の町中で休息をとりながら珈琲を楽しめる
スターバックス コーヒー 広島本通り店,5.0,user_1935,ゆーていつもブラックしか飲まないけどもw
スターバックス コーヒー 広島本通り店,4.0,user_1936,スペースは3階まで客室です
スターバックス コーヒー 広島本通り店,4.0,user_1937,街中にあるので若者たちが多いですね
スターバックス コーヒー 宮島サービスエリア(下り線)店,4.0,user_1938,宮島サービスエリア内のスタバ いつのまにかオープン 外観も内観も綺麗 店員さんの接客も丁寧 どこでもあるソイラテをオーダー ちゃんと美味しかったです
スターバックス コーヒー 広島本通り店,5.0,user_1939,買い物疲れを癒す場所です
スターバックス コーヒー 宮島サービスエリア(下り線)店,5.0,user_1940,地元にスタバがあるのに 何故かここに寄ってコーヒー豆を買ってしまいます サービスエリアが広々として景色もよく そのエリアにあるこのスタバはお腹も心も癒やされるからでしょうか
スターバックス コーヒー 広島本通り店,4.0,user_1941,安定のスタバ
スターバックス コーヒー 広島本通り店,3.0,user_1942,ある意味 普通の砂場 じゃなくてスタバ
スターバックス コーヒー 広島本通り店,4.0,user_1943,混んでなくて良いです
スターバックス コーヒー 広島本通り店,4.0,user_1944,店員さんが感じいい
スターバックス コーヒー 広島本通り店,3.0,user_1945,休日は場所柄結構混みます
スターバックス コーヒー 広島本通り店,4.0,user_1946,コロナで座るところの確保が大変です
スターバックス コーヒー 広島本通り店,5.0,user_1947,いつも忙しいのに笑顔でありがとう
スターバックス コーヒー 広島本通り店,5.0,user_1948,立体的なスタバだよ
スターバックス コーヒー 宮島サービスエリア(下り線)店,1.0,user_1949,モバイルオーダーして 3 5分で出来上がりだったので店内で待っていた その後に入ってきた人がレジで注文 その人のドリンクが先に出た その後にうちらのドリンクを作り始めた なんで すでに注文してから10分以上過ぎてた モバイルオーダーでお待ちの と言ったので取りに行くと お待ちの間にどうぞ とくれたコーヒーは1つだけ 2人で待ってるのに しかもさんざん待ったあとにくれても ラテもなんか 美味しくなかったし
スターバックス コーヒー 広島本通り店,3.0,user_1950,久々にユックリできました
スターバックス コーヒー 広島本通り店,3.0,user_1951,はい 特に問題無いです
スターバックス コーヒー 広島本通り店,3.0,user_1952,3層で広々です
スターバックス コーヒー 広島本通り店,2.0,user_1953,店員さんが優しくない
スターバックス コーヒー 宮島サービスエリア(下り線)店,4.0,user_1954,本当は広島市内で良さげな喫茶店でも行くつもりではあったが 時間押している中こちら発見 うだるような暑さの中 フラペチーノ二種オーダー 期間限定桃の一品が秀逸 残念ながらレモンのものは売り切れであった できればそちらも試してみたかった が この桃のフラペチーノ カキ氷専門店とか行く必要がなくなると言うか うますぎ さすが天下のスターバックスですな 今の環境では 最寄がタリーズコーヒーになるのでタリーズは全商品制覇 あんどほぼ毎日本日のコーヒー飲んでいるが やはりスタバに軍配が上がるかなぁ ここは景色も素晴らしく 宮島が目の前に しかして酷暑にて外の席にはとてもとても座っていられない
スターバックス コーヒー 宮島サービスエリア(下り線)店,5.0,user_1955,新作限定のメロンフラペチーノを求めて 宮島IC店まで下道で行きました この店は開店当初以来 二度目の訪問です SAのメイン建物とは独立した建物内にあって ざわざわ感もなくて良いですね 建物もおしゃれ でも 店舗内は少し 殺風景な気もします さて 目的のメロンフラペチーノですが 午後には売れ切れ必須なので 注文可能かモバイルオーダーで時折りチェックしながら車で向かう ヒヤヒヤするのでSA到着が10分前にオーダー 駐車場はSAトイレ棟のすぐ裏にありました 間違ってETC用簡易ICに入らないようしましょう 駐車場は15台程ありました 路上脇にも正規かどうか分かりませんが10台ぐらい止まってました 駐車場からは如何にも業務用と思われるほど雑然した建物の間を通って SAに歩いて入ります 丁度 トイレと売店棟の間に出ました スタバは離れた場所にあります スタバに着いて ならんでしたが モバイルオーダーの受け取りのところに行くと 2つメロンフラペチーノが置いてある 出来てるようだが 勝手に取るわけいかず モバイル画面を店員に向けながらアピールするも 気づいてくれない いや 気づいてるけど構ってもらえない っと思ったら 店員が作っていたメロンフラペチーノを一つ差し出すではないか どうも客を勘違いしてたようです 指摘すると あぁって感じでした まだ 新人さんかな メロンフラペチーノはというと 凄く本物のメロンっぽい おいしい 果肉もたっぷり ストローに果肉が詰まるほどでした どうも昨年の時よりも果肉を30 upしてるらしい こりゃ美味しいわ テラス席あります
スターバックス コーヒー 広島本通り店,2.0,user_1956,賑わってます
スターバックス コーヒー 広島本通り店,2.0,user_1957,オペレーション悪すぎやろ
スターバックス コーヒー 広島本通り店,5.0,user_1958,良い
スターバックス コーヒー 広島本通り店,5.0,user_1959,居心地が良い
スターバックス コーヒー 宮島サービスエリア(下り線)店,1.0,user_1960,ホット2つ頼んだら1つはスリーブ無しで 1つはスリーブ付きで出てきたので スリーブ頼んだらダルそうに出して来た 熱くてもてんわ 頼んだキャラメルマキアートと抹茶ティーラテも薄くて 抹茶ティーラテは混ぜたら少しましになりましたが ホット混ぜたのは初めて レジ対応の中年女性も対応悪いし 全スタッフ もう1回教育しなおしてほしい
スターバックス コーヒー 広島本通り店,5.0,user_1961,只今 コーヒーブレイク中
スターバックス コーヒー 広島本通り店,5.0,user_1962,よい
スターバックス コーヒー 広島本通り店,4.0,user_1963,普通の スターバックスコーヒー
スターバックス コーヒー 広島本通り店,5.0,user_1964,美味しい
スターバックス コーヒー 宮島サービスエリア(下り線)店,5.0,user_1965,ストロベリーフラペチーノ めっちゃ甘くて美味しい いちご好きにはたまりませんね 宮島SAにて Strawberry frappuccino It s so sweet and delicious It s perfect for those who love strawberries At the Miyajima Service Area
スターバックス コーヒー 広島本通り店,3.0,user_1966,かなり待つ
スターバックス コーヒー 広島本通り店,5.0,user_1967,ミーハー
スターバックス コーヒー 宮島サービスエリア(下り線)店,5.0,user_1968,宮島を一望できるロケーションにあるスタバ 土日は朝からとても混んでましたが平日の夜は割と空いてました 一般客用の駐車場を利用すれば高速道路に侵入しなくても買い物できます
スターバックス コーヒー 広島本通り店,4.0,user_1969,オシャンティ
スターバックス コーヒー 宮島サービスエリア(下り線)店,5.0,user_1970,いつものスタバでもここは景色がよくて気分が変わります テイクアウトして宮島方面を眺めるか 店内でお日さま浴びながら外の景色を楽しむか どちらでも
スターバックス コーヒー 広島本通り店,3.0,user_1971,スタバ刃スタバ
スターバックス コーヒー 宮島サービスエリア(下り線)店,5.0,user_1972,感じの良い店員さん達 並んでまってたら ちゃんと声かけてくれて 誕生日クーポン提示したら お誕生日おめでとうございます って ひと言 ありがと そして ネットストアで売り切れのグッズが ダブルで嬉しい1日でした
スターバックス コーヒー 広島本通り店,5.0,user_1973,スタバ
スターバックス コーヒー 宮島サービスエリア(下り線)店,5.0,user_1974,海が見える丘の上にあるスターバックス 景色も雰囲気も良いです サービスエリア内のフードコートではなく スタバだけの建物というのがいいですね さわがしいサービスエリアの雰囲気ではなく ゆっくりとした時間を過ごすことができます 店員さんの気の利いた言葉もあり ドライブの疲れを癒すことができました
スターバックス コーヒー 広島本通り店,4.0,user_1975,初来店させて頂きました ホットティーを頂きました 週末時間帯的に混んでることもあります
スターバックス コーヒー 宮島サービスエリア(下り線)店,5.0,user_1976,運転に疲れて少し立ち寄っただけなのに 店内でお召し上がりですか ではなく 今日は店内でごゆっくりされますか てきかれてびっくり 話し方と雰囲気と言葉 全てが穏やかーな気持ちになりました スタバは だいたいどこの店舗でもハキハキ 早く注文を って感じなのに 全く違って 思わずゆっくり休憩したくなりました 宮島SAは古いけどここにはまだ来たいと思う
スターバックス コーヒー 広島本通り店,5.0,user_1977,新作が出たらいつも行ってます
スターバックス コーヒー 宮島サービスエリア(下り線)店,4.0,user_1978,店内は狭く セイレーンの絵はロゴ以外ありませんが 外側のオープンエリアも使えて 和やかに過ごせます ぜひ通りがかりの際にはご休憩でスッキリコーヒー如何でしょうか o_彡 そばには 交通安全 の鳥居もあり ご利益バッチリ
スターバックス コーヒー 宮島サービスエリア(下り線)店,4.0,user_1979,スターバックス スタンプ行脚の旅 広島編 スターバックス宮島SA下り店 一瞬リージョナルかと思わせるような 佇まい そこまで広くはないが機能的 こちらでもMOPでパッケージフードを頂き ました
スターバックス コーヒー 広島本通り店,5.0,user_1980,いつも利用してます 店員さん達はとても丁寧で話題を振ってくれることもあるのでいつも飽きないです 電話でも丁寧な対応をして下さいます
スターバックス コーヒー 宮島サービスエリア(下り線)店,4.0,user_1981,山陽自動車道の宮島サービスエリア下りの敷地内にあるスタバです こちらのお店は天井が高く 窓が多い そして 周りに建物がないことから 素晴らしい眺望を誇ります
スターバックス コーヒー 広島本通り店,5.0,user_1982,一日中一日一回ずつ立ち寄るほど頻繁に行きました パルコのすぐ後ろでアクセス性もとても良いです 3階まであり 席もかなり多いです 特に スタッフはとてもフレンドリーで名前まで尋ねます カップにメントまで残してくれるセンス本当にグッド
スターバックス コーヒー 宮島サービスエリア(下り線)店,5.0,user_1983,宮島SA下りにあるスタバ ふらっと立ち寄りました デカフェのホットコーヒーとキャラメルマキアートを買って 外で宮島を眺めながら一服 景色もいいし 休憩がてら訪れてみるのはいかがでしょうか
スターバックス コーヒー 宮島サービスエリア(下り線)店,4.0,user_1984,毎年さくら前線を発表するので とても新鮮な心遣いです 店の中も桜色装飾品や飾り等で 暖かい春の雰囲気です
スターバックス コーヒー 宮島サービスエリア(下り線)店,3.0,user_1985,山陽自動車道下り線宮島サービスエリアにあるスターバックスコーヒーです スターバックスコーヒーの前が芝生の広場になっており芝生側がカフェテラス席になっています 店舗がポツンと立っているので開放感ありますね
スターバックス コーヒー 広島本通り店,5.0,user_1986,ブランチでシフォンケーキとラテ一杯 2階に上がりました 店頭で食べると言いましたが 正しく配信できなかったか使い捨てカップにいただきました 本道商店街にあって素敵な風景が見えるわけではありませんが雰囲気が快適でした
スターバックス コーヒー 宮島サービスエリア(下り線)店,5.0,user_1987,2024年8月12日 訪問 綺麗ですしスタッフの方の笑顔も素敵です そのまま外に出ると宮島が一望できる良いところです
スターバックス コーヒー 広島本通り店,5.0,user_1988,スタッフは皆ハンサムでフレンドリーで 日本語でゆっくり話し 外国人と分かりやすく手話でコミュニケーションを取ってくれました とても親切でした 2階と3階の一部の席には充電コンセントが設置されているので 電池切れの心配もありません 3階にはトイレが2つあり 1つは女性専用 もう1つは男女共用です 男性はトイレを利用する際に待つ必要があるかもしれません トイレにはウォシュレットが備え付けられており 広々としています
スターバックス コーヒー 宮島サービスエリア(下り線)店,5.0,user_1989,お店の方が明るく気さくな方が多く 注文から待ち時間まで 話が弾みます ペイペイドームでsnowman straykidsのライブ時 可愛い文字を入れて下さって ありがとうございます
スターバックス コーヒー 広島本通り店,5.0,user_1990,本通の近くでランチして訪問しました アイスアメリカーノを注文しましたが 韓国人であることをどうやって知ったのか韓国語でご案内いただきありがとうございます 定番の方が多いようで スタッフの方がスモールトーク する姿が良く見え 親切でゆとりがあって気持ち良くなるところでした
スターバックス コーヒー 宮島サービスエリア(下り線)店,5.0,user_1991,宮島パーキング店は裏道のような一般道から入れます 夜に利用しました 暗闇に佇むスタバはお洒落でしかなかったです 店員さんも優しい方ばかりでまた行きたい
スターバックス コーヒー 広島本通り店,5.0,user_1992,広島のレモンフラペチーノはすごく爽やか 甘すぎず カリカリのレモンがアクセントになっていて 本当に美味しい 私たちがここで注文したのはこれだけです
スターバックス コーヒー 宮島サービスエリア(下り線)店,5.0,user_1993,SAの建物とは少し離れたところにぽつんとおしゃれな建っているのでとても目立ちます 店舗内は大きいガラス張りになっていて開放感もありとても気持ち良いです テラス席もありました 鳥居の方向には宮島の広々とした景色が見ることができます スタバはどの店舗のスタッフさんの好感度が高いので気持ち良く美味しいコーヒーを頂くことができるので安心です コスパ的にちょっと高いのはドライブの疲れたカラダと気持ちが癒やされます
スターバックス コーヒー 広島本通り店,5.0,user_1994,染色された韓国語の上手な女性スタッフが親切です
スターバックス コーヒー 宮島サービスエリア(下り線)店,5.0,user_1995,ピースちゃんも一般道路からS Aの駐車場に駐車して利用してます 景色がいい 建物もいい 宮島が見える 鳥居の先に望遠鏡もあるので瀬戸内海が見渡せる イヌも一緒に外でカフェしている人も
スターバックス コーヒー 広島本通り店,5.0,user_1996,店内はかなり混雑していましたが スタッフの方々は本当に素晴らしかったです 大好きです
スターバックス コーヒー 宮島サービスエリア(下り線)店,5.0,user_1997,外にある眺めのいい風景を見ることができるように机と椅子がセッティングされてあるので 楽しむことができます 外の机に飼い犬をつれてコーヒーを飲むこともできます 私の前に並んでいた高齢者が勘違いして苦いコーヒーを注文しようとしても 店員さんは優しく丁寧に分かりやすく説明し お客様が満足できるように対応していました そういうお店はあんまりないので素晴らしいと思いました
スターバックス コーヒー 広島本通り店,5.0,user_1998,パルコの向かいにある 3階まである 座席がそれほど多くない シティカップファルダー
スターバックス コーヒー 広島本通り店,1.0,user_1999,ベンティのカフェラテを2杯購入し 3階へ向かいました 私は一人で スターバックスの前に行った店で残ったサンドイッチを食べました 店員に詰め寄られ サンドイッチを食べるのをやめろ さもないと大変なことになる と言われました 私は世界中のスターバックス アメリカ カナダ フィリピン に行ったことがありますが このような時代遅れのポリシーを採用しているのはここだけです このポリシーは最悪で 適切なものに改善する必要があります 商品を購入したのであれば 公平なゲームであるべきです
スターバックス コーヒー 宮島サービスエリア(下り線)店,5.0,user_2000,スタバはどこでも変わらないって思いますよね どこでも良いって意味で笑 他のスタバと大きく違うと思ったのは サービスエリアにある 結構重要 木々が見えるゾーンとテラスが素敵 厳島神社の鳥居が見える レプリカ ちなみに宮島SAは下道から行くと外にも駐車場があって徒歩で入場してSAエリアやスタバを楽しめます 特別感のあるスタバファンは是非行ってみては 笑
スターバックス コーヒー 広島本通り店,1.0,user_2001,最悪 ラージサイズのコールドブリューを頼んだのに カップの4分の3しか注がれず 値段が高す ぎる
スターバックス コーヒー 宮島サービスエリア(下り線)店,5.0,user_2002,美味しいコーヒーで 長旅の疲れを カフェオレで お土産も いいですよ ここは
スターバックス コーヒー 広島本通り店,5.0,user_2003,本通り散策の休憩にピッタリのお店 広島カップも販売しております
スターバックス コーヒー 広島本通り店,5.0,user_2004,スタッフはいつも本当に親切 迷っていると おすすめしてくれることもあります 飲み物があまりにも美味しかったので バリスタさんにお礼を言わずにはいられませんでした 彼女もとても喜んでくれました みんないつも笑顔で迎えてくれるので 本当に歓迎されていると感じます ここは私のお気に入りの場所です
スターバックス コーヒー 宮島サービスエリア(下り線)店,4.0,user_2005,かねてから行きたかったスタバ 山陽道のSA内だから タダでは行けません 市内にはないタイプの店構え 天気いい時は外でゆったり出来ます 大自然のスタバと言う感じが漂ってますね ショッピングセンターや地下街とは違ったシーンに ４つです 広島の美しいスタバ 笑
スターバックス コーヒー 宮島サービスエリア(下り線)店,5.0,user_2006,今からの時期 とても気持ちよくテラスで過ごせます ワンコのお散歩によく利用させていただいています お散歩中にモバイルオーダーしておいて テラスでワンコとリラックス これ オススメです イスに座らせる際は 敷物を持参すると良いですよ
スターバックス コーヒー 広島本通り店,5.0,user_2007,素晴らしい休憩場所 座席もいっぱい
スターバックス コーヒー 宮島サービスエリア(下り線)店,4.0,user_2008,2人席中心で家族で利用すると 2テーブルを使わなくてはいけない テラスの方は4人で座れるけれど 寒い時期は避けたい
スターバックス コーヒー 広島本通り店,4.0,user_2009,スタッフはフレンドリーです ラッシュアワーは混雑します
スターバックス コーヒー 広島本通り店,4.0,user_2010,地上で少し迷ってから コーヒーショップが地下にあることに気づきました 笑 私は方向音痴なので 地上に戻った時も間違った出口を選んでしまいましたが とにかくコーヒーはいつものように美味しかったです 店員さんもとても親切でした
スターバックス コーヒー 宮島サービスエリア(下り線)店,4.0,user_2011,眺めの良い場所で飲むスタバは最高ですね ちょっと猫ちゃん追っかけてみました 笑 外にリードが繋げる場所があるのがまたいいですね
スターバックス コーヒー 宮島サービスエリア(下り線)店,5.0,user_2012,雪の降った日に寄ってみました ラテとドーナツ 最高の組み合わせ 本日のコーヒーは試飲いただきました
スターバックス コーヒー 広島本通り店,5.0,user_2013,スターバックスのカップに桜 の花 ととてもフレンドリーなスタッフ
スターバックス コーヒー 広島本通り店,3.0,user_2014,岩国から最も近いスターバックスのひとつですが いくつか大きな欠点があります 本通通りに面しているため 近くに駐車場はなかなかありませんが 散策中に立ち寄るには非常に便利です いつも行列ができていますが 2階には飲食スペースが十分にあります トイレは3階にあります
スターバックス コーヒー 宮島サービスエリア(下り線)店,3.0,user_2015,廿日市の友人宅に訪問してお茶をしに宮島サービスエリアに一般道から入りスタバに行きました 主な目的は平良地区の開発の状態を上から見渡したかったのです 宮島が見える人気店なので平日でも人が多かったですがユックリと話が出来て良かったです
スターバックス コーヒー 広島本通り店,5.0,user_2016,本堂ビューの良い店
スターバックス コーヒー 宮島サービスエリア(下り線)店,5.0,user_2017,いつも愛犬の散歩で利用させてもらってます 大変美しいロケーションのスターバックスです ここからの景色も最高ですし 隣接する公園も広いのでおすすめです 宮島をはじめとした瀬戸内海を一望できます ここでの愛犬とのコーヒーは至福のひとときです
スターバックス コーヒー 広島本通り店,5.0,user_2018,フレンドリーなスタッフ 2 階建て 下にある街の素晴らしい景色を望む読書エリアを備えたこの店は スターバックスのメニューの親しみやすさを備えながら 居心地の良い中級カフェの雰囲気を求める人に最適です
スターバックス コーヒー 広島本通り店,5.0,user_2019,まさに地球上で最高の場所の一つです コーヒーは最高で スタッフの皆さんはみんなとても親切で優しいです 今はソイラテに夢中です 素晴らしいスタッフの皆さんが素敵な一日を過ごせますように
スターバックス コーヒー 宮島サービスエリア(下り線)店,5.0,user_2020,コーヒーティラミスフラペチーノ 大好きな場所です 開放感 散歩 思い切り深呼吸できる場所です ９時過ぎると parking裏の一般入り口が混み合い 駐車場がなくなり大渋滞なので 昼近くなら 高速道路に乗ってparking inがオススメです
スターバックス コーヒー 広島本通り店,4.0,user_2021,私たちが訪れた時は いつも長蛇の列でした 本通りの東端にあるこの3階建てのスターバックスは とても人気がありました スタッフはフレンドリーで コーヒーの提供も十分迅速でした 店内は清潔で テーブルもきちんと配置されていました 運が良ければ 本通りの混雑した歩行者を見渡せる窓際の席が空くかもしれません もっと静かな雰囲気がお好みなら 袋町電停近くのNHKビル2階にあるスターバックスが徒歩圏内にあります
スターバックス コーヒー 広島本通り店,5.0,user_2022,めったにないくらいにスターバックスに行くんです バリスタの皆さんはとてもフレンドリーで おしゃべり好きで まるで本当に心から話しかけてくれたみたいに おかげでお酒がさらに美味しく感じました あと 店内は狭くて座る場所がないのが難点ですが 場所を考えると仕方ないですね 行ってみれば分かります スタバと鹿たちが恋しいです
スターバックス コーヒー 宮島サービスエリア(下り線)店,1.0,user_2023,2024 12 レジで食べ物をいくつかオーダーしたら 聞こえているのか聞こえていないのか 相槌も復唱もしない大学生みたいな女 おかげで何回も同じメニュー言わさせられた 寒そうに両手を合わせて擦りながら レジを打ってて これって接客なの ホームパーティ以下だなあと思ってしまった 手のカサカサいう音がこっちまで聞こえてるんだけど 雰囲気が台無し 本当にここの店は底辺がいる ちなみにその時いたイケメン風男子は笑顔も気配りもあり 丁寧な接客で 安定のスタバクオリティに安心した ショートのおばさんには笑顔がないキツイ表情で接客された 2022 6 コロナ禍でも土日の混雑はひどいので 今回平日に行ってみたら 0人待ちですぐオーダーできる代わりに スタッフの質が低い 私の後ろに バイト上がりに1杯買って帰るところのスタバ店員が並んできて どんなカスタマイズするのかなーと耳を澄ませていたら 受取口辺りでそいつがながらスマホしながら180度ターンして ノールックでぶつかってくる 両手にスタバを持って歩く私に 急すぎてこっちも避けられなかった 最悪 謝りもしない なんだコイツ スタバの人間は尊敬していたけど 平日の人間はレベチ ストローも渡してくれないし 最悪
スターバックス コーヒー 広島本通り店,5.0,user_2024,広島市内出会いの場である 本通のダウンタウンですがしばらく休みましたね
スターバックス コーヒー 広島本通り店,5.0,user_2025,素晴らしいロケーション フレンドリーなスタッフ 完璧な英語
スターバックス コーヒー 広島本通り店,4.0,user_2026,リラックスするにはいい場所です
スターバックス コーヒー 宮島サービスエリア(下り線)店,1.0,user_2027,モバイルオーダーで ドリップコーヒーを 豆カスが入っててショックで飲む気せずに捨てた 今までドリップコーヒー頼んだけど ここまで入ってたのは今回初めて
スターバックス コーヒー 宮島サービスエリア(下り線)店,4.0,user_2028,宮島サービスエリア 下り のスターバックス この宮島サービスエリアは 厳密には宮島でもなんでもなく宮島が見えるサービスエリアです 一応 鳥居まで作ってある ここのスタバは なんといってもロケーションが最高 テラス席はワンちゃんを繋いでおけるフック付きなので そうゆうスチュエーションの席なのだろう お散歩も楽しい
スターバックス コーヒー 広島本通り店,4.0,user_2029,ここはすごく混んでるけど まあ 街で一番のカフェだよ コーヒー通じゃないけど 紅茶とシナモンロールの組み合わせはいつも最高 Wi Fiも最高
スターバックス コーヒー 宮島サービスエリア(下り線)店,5.0,user_2030,山陽自動車道の宮島サービスエリア 下り にあるスターバックス 店外は緑と海を眺めながら飲食出来ます
スターバックス コーヒー 宮島サービスエリア(下り線)店,4.0,user_2031,広島県にある数少ないスタバのひとつ 町中にはない広々とした場所にあるため周辺も含めてスタバの雰囲気がとっても良い 宮島という和のイメージの場所にあるのでオシャレ感 イメージ が勝手に増している気がする 内装はいつものスタバ
スターバックス コーヒー 宮島サービスエリア(下り線)店,4.0,user_2032,山陽自動車道下り線 宮島SA一の角にあり 眼下に宮島も見えて ロケーションは最高です デッキ席も有ります 春には桜がとても綺麗です
スターバックス コーヒー 広島本通り店,5.0,user_2033,内装と照明がとても素敵で快適なので ここで長時間過ごしたいです ショッピング街の中心部にあるため 時間帯によっては混雑することもあります
スターバックス コーヒー 広島本通り店,5.0,user_2034,優しいスタッフたちすごく快適な空間 そしてスタッフたちヨンケ綺麗で温かいです
スターバックス コーヒー 広島本通り店,4.0,user_2035,3階のトイレは遠すぎるが 良い店員と 良い場所にあります
スターバックス コーヒー 宮島サービスエリア(下り線)店,1.0,user_2036,若い男のスタッフの接客対応が悪すぎるし 外のテラス席でゆっくり話をしながらドリンクを飲んでいるのにも関わらず女のスタッフがゴミ箱をすごい音を立てながら後作業をするし ホットドリンクはちゃんと混ざってなくお湯の味しかせず自身で蓋を開け混ぜてやっと味がしました 一度ここを利用した時は感じが良かったですが 凄くランクが落ちたなと思いました スタバなのに残念です 若い子の教育が行き届いてないのでしっかりした教育をした方がいいと思います
スターバックス コーヒー 広島本通り店,4.0,user_2037,座るスペースは広く 内装も素敵です 価格はスターバックスとしては標準的です ただし パソコンや携帯電話用のコンセントはありません
スターバックス コーヒー 広島本通り店,5.0,user_2038,座席スペースが広くて素敵な場所です スタッフの方々も素晴らしく 日本語が話せなくてもとても親切に対応してくれます
スターバックス コーヒー 宮島サービスエリア(下り線)店,5.0,user_2039,仕事の途中で SAに立ち寄り利用しました 日向ぼっこが気持ちよさそうでした スタッフの対応も良かったです 広島の店舗としては最西になるでしょうか 移動途中の立ち寄りには一番寄りやすい場所です
スターバックス コーヒー 広島本通り店,5.0,user_2040,またこのカフェでコーヒーを飲みたいな 雰囲気も良く 接客サービスも最高 本当にこの場所が大好き ありがとう 3
スターバックス コーヒー 広島本通り店,5.0,user_2041,よかったです スタッフは親切で 対応も迅速でした 2階上に座る場所がありました
スターバックス コーヒー 広島本通り店,5.0,user_2042,スターバックスは何どこでも無難無難
スターバックス コーヒー 宮島サービスエリア(下り線)店,3.0,user_2043,外の展望台から双眼鏡で宮島の鳥居が見えました
スターバックス コーヒー 広島本通り店,5.0,user_2044,とても清潔で快適でした スタッフは明るく 感じが良く 一生懸命働いてくれました フラペチーノをテイクアウトできるのも最高です
スターバックス コーヒー 宮島サービスエリア(下り線)店,4.0,user_2045,宮島パーキングエリアに入ってどこにあるのかなと思っていたら左の方に建物がありました お客様が少なめで落ち着いた雰囲気でした
スターバックス コーヒー 広島本通り店,5.0,user_2046,タリーズよりも美味しくて安いです
スターバックス コーヒー 広島本通り店,1.0,user_2047,仲間たちとの思い出
スターバックス コーヒー 広島本通り店,5.0,user_2048,営業中のスターバックス 注文は簡単で 店員さんも英語が通じました 清潔でしたが 混雑していました
スターバックス コーヒー 宮島サービスエリア(下り線)店,5.0,user_2049,高速道路を使わなくても一般道からウエルカムゲートを通って利用できます 眺めも良く 気持ちのいい場所です テラス席にはリードフックもあるので 安心してワンちゃんと一緒の時間がゆっくり過ごせます
スターバックス コーヒー 広島本通り店,4.0,user_2050,景色はとても良かったのですが 午前11時頃から行列が長くなり ものすごく混雑していました スタッフはとてもフレンドリーでいつも笑顔でした
スターバックス コーヒー 広島本通り店,4.0,user_2051,非の打ちどころのない美しさ
スターバックス コーヒー 広島本通り店,4.0,user_2052,日本のスターバックスでは いつもながら素晴らしいサービスです しかし 若者が集まるエリアに近いため 非常に混雑しています
スターバックス コーヒー 広島本通り店,3.0,user_2053,美味しいコーヒー サービスも早くて素晴らしい 席数が少ないので すぐに満席になってしまいます
スターバックス コーヒー 宮島サービスエリア(下り線)店,5.0,user_2054,朝早くにも関わらず スタッフの対応とても爽やかで 清々しい朝を迎えた感じでしたよ
スターバックス コーヒー 広島本通り店,4.0,user_2055,丁寧なサービス 英語は下手 エスプレッソは美味しい チーズケーキは美味しかった
スターバックス コーヒー 広島本通り店,4.0,user_2056,スタッフは素晴らしく 席数も多いのですが Wi Fiが少し遅いです
スターバックス コーヒー 広島本通り店,5.0,user_2057,従業員の方々はとても親切で 2階にはたくさんの席がありました
スターバックス コーヒー 広島本通り店,5.0,user_2058,スターバックス標準の品質 中心部に位置し複数フロアにまたがる立地 親切でフレンドリーなスタッフ
スターバックス コーヒー 宮島サービスエリア(下り線)店,5.0,user_2059,一番好きなスターバックス店 対応も毎回丁寧で 旅疲れで癒されるようです 全国どこに行っても同じ味を提供されます ここでは なんだか丁寧なのでさらにおいしく感じるし 景色もいいし休憩にぴったり 必ずSAとして寄りたくなる場所です
スターバックス コーヒー 広島本通り店,2.0,user_2060,人生でスターバックスを見つけて嬉しかったのは カードが使えて現金が足りなかったときだけ
スターバックス コーヒー 宮島サービスエリア(下り線)店,4.0,user_2061,朝一から素敵な笑顔で接客 長距離運転にいつものスタバ 間違いなし 開放感あふれるテラスあり
スターバックス コーヒー 広島本通り店,5.0,user_2062,スタッフはいつもとてもフレンドリーで くつろげるフロアが 4 つあります
スターバックス コーヒー 広島本通り店,5.0,user_2063,最高でした 抹茶フラペチーノが大好きです
スターバックス コーヒー 広島本通り店,3.0,user_2064,店舗狭くタンブラーの種類も多様ではない
スターバックス コーヒー 宮島サービスエリア(下り線)店,1.0,user_2065,久しぶりに行き クリスマスブレンドとホワイトラテを注文しました コーヒーは 頼んだらすぐに渡され 早い と思ったら 香りもなく 味はインスタントよりも不味いと コーヒー好きの主人がほとんど残しました 作り置きしてかなり時間が経った感じでした ホワイトラテは 美味しいかな と思ったら下に行くほど甘くなり 甘いもの好きの私でさえムリな甘さでした 混ざってなかったのでしょう 今まで 他の店舗でもこんなことはなかったのに とても残念でした ちゃんとした商品をを提供しようという意識が足りないのでは と 思いました
スターバックス コーヒー 広島本通り店,5.0,user_2066,賑やかな通りの眺めが素晴らしい とても大きなスターバックス 英語を話せるスタッフも親切です
スターバックス コーヒー 宮島サービスエリア(下り線)店,4.0,user_2067,残念ながら訪問時は雨でした 宮島サービスエリアの開けた場所に建っています 周りは芝生に囲まれ 晴れた日は厳島神社が遠くに見え 景色のよい場所です
スターバックス コーヒー 宮島サービスエリア(下り線)店,4.0,user_2068,山陽自動車道 下り宮島サービスエリア内にあります ロケーションが良いです 少し歩けば宮島が見えます
スターバックス コーヒー 宮島サービスエリア(下り線)店,5.0,user_2069,かねてから行きたかった場所 旅気分で気分転換ができて大正解な場所でした 朝早くのんびりしにこれからの大好きスポットになりそう
スターバックス コーヒー 宮島サービスエリア(下り線)店,3.0,user_2070,ただのスタバだけど 周りの芝生が広く ベンチも至るところにあり 景色も良い ウェルカムゲートもあるから モーニング気分で気軽に行けるのもポイントが高い
スターバックス コーヒー 広島本通り店,5.0,user_2071,日本のサービスに期待通り とても静かでフレンドリーなスターバックス 英語も堪能で スムーズに対応してくれました
スターバックス コーヒー 広島本通り店,5.0,user_2072,広島は私に思いました
スターバックス コーヒー 広島本通り店,4.0,user_2073,ここは他のスターバックスよりもリラックスできる場所です
スターバックス コーヒー 広島本通り店,5.0,user_2074,親切で笑って働いて
スターバックス コーヒー 広島本通り店,4.0,user_2075,とても快適で 言葉の壁があったにもかかわらずスタッフの方々は温かく迎えてくれました
スターバックス コーヒー 広島本通り店,4.0,user_2076,日本で今まで食べた中で最高のニューヨークチーズケーキ
スターバックス コーヒー 広島本通り店,4.0,user_2077,広く清潔で約束の場所に頻繁に行く場所
スターバックス コーヒー 広島本通り店,5.0,user_2078,通りの眺めが良く サービスもとてもフレンドリーでした
スターバックス コーヒー 宮島サービスエリア(下り線)店,4.0,user_2079,広島 サービスエリアにあるスターバックス宮島 高台にあり眺めも良く 開放的な空間 高速利用以外にも 一般道から利用も可能 郊外のカフェを楽しむには よい店舗
スターバックス コーヒー 広島本通り店,5.0,user_2080,とても良い 上質なコーヒーが好きな人には最適です
スターバックス コーヒー 広島本通り店,5.0,user_2081,とてもフレンドリーなスタッフで とても気に入りました
スターバックス コーヒー 広島本通り店,4.0,user_2082,スターバックスはちょっと高いですが フラペチーノとチーズケーキは最高です
スターバックス コーヒー 広島本通り店,5.0,user_2083,品揃えが豊富で 広くて中心部にあります
スターバックス コーヒー 宮島サービスエリア(下り線)店,5.0,user_2084,天気のいい日にテラスでコーヒー 最高です 何も用事がなくても しょっちゅう五日市ICから乗ってここまで来て休憩して帰ります 本日は新作のフラペチーノと期間限定ドーナツを頂きました
スターバックス コーヒー 広島本通り店,5.0,user_2085,いつも通り とてもフレンドリーなスタッフでした
スターバックス コーヒー 広島本通り店,4.0,user_2086,ニース
スターバックス コーヒー 広島本通り店,4.0,user_2087,少なくとも 3 階建ての素敵なスターバックス
スターバックス コーヒー 広島本通り店,2.0,user_2088,大丈夫
スターバックス コーヒー 宮島サービスエリア(下り線)店,4.0,user_2089,店員さんの応対も良く景色最高最高です ドライブの休憩に最高でコーヒーやケーキ ドーナツも美味しく頂きました
スターバックス コーヒー 広島本通り店,5.0,user_2090,非常に丁寧なサービスでした
スターバックス コーヒー 広島本通り店,4.0,user_2091,とても親切で素晴らしいサービス
スターバックス コーヒー 宮島サービスエリア(下り線)店,5.0,user_2092,びっくりしましたが手話で ありがとう ですね 笑顔に慣れるね まだいつかに行く予定です ありがとうございました
スターバックス コーヒー 広島本通り店,5.0,user_2093,バニラフラペチーノはアルデンテ
スターバックス コーヒー 広島本通り店,5.0,user_2094,素晴らしい
スターバックス コーヒー 広島本通り店,4.0,user_2095,リラックスできる素敵な場所
スターバックス コーヒー 広島本通り店,4.0,user_2096,他の場所と同じで やはり高価です
スターバックス コーヒー 広島本通り店,5.0,user_2097,コーヒーブレイクに最適な場所
スターバックス コーヒー 広島本通り店,5.0,user_2098,広島で一番のコーヒーショップ
スターバックス コーヒー 宮島サービスエリア(下り線)店,3.0,user_2099,少し歩いた所で展望台があり 厳島神社も見える 客席は少ないか
スターバックス コーヒー 広島本通り店,3.0,user_2100,同じもの カップが違うだけ
スターバックス コーヒー 宮島サービスエリア(下り線)店,5.0,user_2101,気持ちいい場所にあるカフェです 緑いっぱいの公園があって 宮島の海も見えます 少し休憩のつもりが長居してしまう すばらしいところです
スターバックス コーヒー 広島本通り店,5.0,user_2102,良い場所 良い飲み物
スターバックス コーヒー 宮島サービスエリア(下り線)店,4.0,user_2103,テキパキ感あり雰囲気も良かったです
スターバックス コーヒー 宮島サービスエリア(下り線)店,5.0,user_2104,SA内のスターバックスは初めて 立ち寄りました 近所なのでこれからも朝とかに利用したいです
スターバックス コーヒー 広島本通り店,5.0,user_2105,サービスいいね
スターバックス コーヒー 宮島サービスエリア(下り線)店,1.0,user_2106,とても楽しみに行ったので レベル低めのスタバで 残念でした
スターバックス コーヒー 広島本通り店,5.0,user_2107,宿泊施設の近くで良かった
スターバックス コーヒー 宮島サービスエリア(下り線)店,4.0,user_2108,ロケーションが最高なスタバ 外で飲むコーヒーは旨さ倍増
スターバックス コーヒー 広島本通り店,5.0,user_2109,それは素晴らしいもので 甘い要素は一切ありません
スターバックス コーヒー 宮島サービスエリア(下り線)店,5.0,user_2110,景色が良くて食事もとても美味しかったです 外のテーブルで食事したのですが 帰りにマスクを落として行ったらしく 1 2分後に取りに帰ったら既にテーブルを拭いて掃除してくれていました 落としたマスクも嫌な顔せずにすぐに片付けていて 常に清潔さを保っておられるんだなと感心しました この日色んな観光地で食事したのですが ここのスタバの食事が一番美味しく感じました 他所のスタバと同じ食べ物のはずなのに 何か違う魔法みたいなものを感じました
スターバックス コーヒー 広島本通り店,5.0,user_2111,素晴らしいおもてなし
スターバックス コーヒー 宮島サービスエリア(下り線)店,5.0,user_2112,天気が良いと屋外の席がとても気持ち良いです 店内は狭いです 2名席が幾つかあるくらい 春は桜もきれい
スターバックス コーヒー 広島本通り店,5.0,user_2113,従業員は最高です
スターバックス コーヒー 宮島サービスエリア(下り線)店,4.0,user_2114,さくらのフラペチーノの飲み納めをしに行きました 間に合ってよかったー
スターバックス コーヒー 広島本通り店,4.0,user_2115,店員さんたちはとてもフレンドリーでした
スターバックス コーヒー 宮島サービスエリア(下り線)店,5.0,user_2116,家族とお出かけの帰りにスタバに行ってます 婚約者ともスタバに行ったことがあります 旅行帰りに行ってました また行きたいです
スターバックス コーヒー 宮島サービスエリア(下り線)店,5.0,user_2117,高速に乗った時に訪れる頻度が多いスタバ 日中も夜間もそれぞれ違った景色が観れて良い感じです
スターバックス コーヒー 宮島サービスエリア(下り線)店,4.0,user_2118,PAに寄ると 必ず行きます 席数は少ないけれど 入れ替わりで座れる感じですよ 勉強してる人もいないし ですね笑笑
スターバックス コーヒー 広島本通り店,5.0,user_2119,良い
スターバックス コーヒー 広島本通り店,4.0,user_2120,おいしいコーヒー
スターバックス コーヒー 広島本通り店,5.0,user_2121,美味しい
スターバックス コーヒー 宮島サービスエリア(下り線)店,5.0,user_2122,宮島が見えるベンチでのんびりお茶するのが良いです 広島市内からも近く お手軽旅行感がたまりません
スターバックス コーヒー 広島本通り店,4.0,user_2123,いつも通り素晴らしい
スターバックス コーヒー 広島本通り店,4.0,user_2124,雰囲気の良いコーヒーショップ
スターバックス コーヒー 宮島サービスエリア(下り線)店,5.0,user_2125,綺麗で 店員さんの対応も良いし 景色も良いスタバです
スターバックス コーヒー 広島本通り店,3.0,user_2126,レジャー
スターバックス コーヒー 広島本通り店,5.0,user_2127,素敵な場所
スターバックス コーヒー 広島本通り店,5.0,user_2128,フレンドリーなスタッフ
スターバックス コーヒー 広島本通り店,5.0,user_2129,フラッパーチーノは素晴らしい
スターバックス コーヒー ミナモア広島2階店,4.0,user_2130,2026 1月やっとイートインスペース いつも行列ができていて 店内席も満席で利用できなかったのですが 今回 イートインスペースで初めて過ごせました 前回利用で レシートに無料ドリンククーポンが付いていたので カカオ ストロベリーフラペチーノ を注文しました ストロベリーの甘さとカカオのほろ苦さがよく合って美味しかったです エビアボカド石窯カンパーニュサンド は アボカドがたっぷり入っていて パンがもちもちして美味しかったです エビも良く合います JR広島駅中央改札口の目の前にあるので とても便利ですが 利用者に対してスペースが狭すぎるようです 商品受け取り口の周りで待つときに 隣接するお花屋さんとの間を通り抜ける通路になっているため 常に人を気にしながら待ちます イートインスペースも同じで テーブル席と壁側の席の間を常に人が通り抜けるので 落ち着かないです 席を利用した人が去っても テーブルを消毒する事がないようで 衛生的には皆さんもう気遣わなくなったのかもしれません 席が空いていたら利用しやすいし カウンター席をもう少し増やしてもらえる工夫が あると嬉しいです
スターバックス コーヒー 宮島サービスエリア(下り線)店,3.0,user_2131,ＳＡにあり あまり人が多くなく入りやすいです 高速の外からも出入りできます
スターバックス コーヒー 宮島サービスエリア(下り線)店,4.0,user_2132,広島に行くとなぜか必ず行くお店です サービスエリアが高台にあり スタバはメインの建物とは別に建っています 海側に建っているわけではないので テラス席からも宮島が見えるわけではありませんが 駐車場向きではなく 広場に向いているので サービスエリアのスタバにしては空気もよく ゆったり感があります 天気がよければ スタバでラテでも買って 広場を越えて海側に行って宮島を見ながら ラテを飲む なかなか気持ちが良いです ただ スタバの宮島バージョンのカップなどは作っていないそうで スタバ風宮島バージョンカップでも作ってくれたら 良いマイカップにできるのになあと思います
スターバックス コーヒー 広島本通り店,5.0,user_2133,立地が良い
スターバックス コーヒー ミナモア広島2階店,5.0,user_2134,新幹線での移動前に 初めて立ち寄りました 改札のそばにお店があるため 時間のない朝でもスムーズにアクセスできて非常に助かりました 今回はテイクアウトで利用し そのまま新幹線に乗車できたのがありがたかったです 店員さんも親切で 急いでいた僕に対して落ち着いた対応をしてくださり安心できました 今回は時間の都合でテイクアウトにしましたが 次回はぜひ店内でゆっくり過ごしたいと思います 駅利用者や乗換えユーザーには特におすすめです
スターバックス コーヒー 宮島サービスエリア(下り線)店,4.0,user_2135,サービスエリアにスタバ発見 甘さが胃に染みるな
スターバックス コーヒー 広島本通り店,5.0,user_2136,おお
スターバックス コーヒー 宮島サービスエリア(下り線)店,4.0,user_2137,宮島が見える高台にあるから 自然に溶け込んで 宮島を見ながら飲むスタバは幸せな気分になれる
スターバックス コーヒー 宮島サービスエリア(下り線)店,4.0,user_2138,宮島SA内にあり海を隔てて宮島を見ながら飲食できる
スターバックス コーヒー ミナモア広島2階店,4.0,user_2139,在来線広島駅改札のほぼ真正面にあるスターバックス アクセスの良さはバツグン 通勤通学時にもありがたい7時オープンです ただ もう少し席数が欲しかったところ 開店待ちのお客様がいらっしゃるほど利便性の高いスターバックスです ekie広島店から名称が変わりました お店や施設の名前がコロコロ変更するのは日本のお得意芸のようです 朝は冷風が店内に押し寄せる中 素晴らしい接客で朝の通勤で立ち寄る方の癒しの場となっていました 店内寒過ぎるので ゆっくりする場合は北口のスターバックスなどを利用すると良いです
スターバックス コーヒー 宮島サービスエリア(下り線)店,5.0,user_2140,春はSA内の公園も咲き美しい景色が楽しめます 遠いですが宮島を視認することもできます
スターバックス コーヒー ミナモア広島2階店,4.0,user_2141,広島駅の改札を出て目の前にあるのでとても便利 同じビルの四階にもスタバがあるが四階は買い物や映画鑑賞後のひと時に利用される方多く こちら2階は観光客で賑わっていたように思う 店舗さんからのメッセージは以下の通りです 広島へようこそ 広島の玄関口 広島駅 の改札前の店舗です 電車や新幹線を待つちょっとした時間に是非また一息つきにいらしてください お仕事や学校の前後 自分へのちょっとしたご褒美にも気軽にお立ち寄りください
スターバックス コーヒー 宮島サービスエリア(下り線)店,5.0,user_2142,対岸に宮島が望めるサービスエリア ステキなロケーションにお洒落なスタバ テラス席がお気に入りです
スターバックス コーヒー 宮島サービスエリア(下り線)店,5.0,user_2143,SAでゆっくりコーヒーを飲めるスタバがあるのはありがたい 犬を連れて来てもリードを繋ぐところもあります
スターバックス コーヒー 宮島サービスエリア(下り線)店,4.0,user_2144,宮島SAにあるスタバで開店が7時なので 高速での朝食に良く利用するお店 朝食にサラダラップが丁度良くて コーヒーとも合うので気に入っている 毎回 店員さんに元気良く おでかけですか 言われるんだけど 朝からそんなテンションのないオッサンには爽やかすぎる笑笑
スターバックス コーヒー 宮島サービスエリア(下り線)店,5.0,user_2145,朝に行ったので軽食でクッキーと季節限定の物を頼みました 店員さんが良い人だった あと 広島のスタバカード
スターバックス コーヒー ミナモア広島2階店,5.0,user_2146,今回テイクアウトでスターバックスラテ ショート を購入 氷少なめ ミルク多め 駅構内でなく 構外にあるので新幹線乗らない人も利用できるのは良いですね お店の方は愛想良く とても気分良くお買い物できました
スターバックス コーヒー ミナモア広島2階店,4.0,user_2147,オープン翌日に行きました 広島初のティーに特化したお店 席数は思ったほど多くはないですが 明るくて圧迫感もなく素敵でした
スターバックス コーヒー 宮島サービスエリア(下り線)店,4.0,user_2148,ピクミンがいたよ
スターバックス コーヒー 宮島サービスエリア(下り線)店,5.0,user_2149,ワンちゃんと一緒に寛げます お気に入りのお店です
スターバックス コーヒー ミナモア広島2階店,4.0,user_2150,広島のお土産を買いにエキエに行くと 時間が早くまだオープンしてませんでした 夜勤明けで帰阪の為8時前だったので お土産は新幹線駅構内で購入 その前に腹ごしらえでこちらへ エキエ内ですがこちらは開いてます ドリップコーヒーと初めて頂くチキン チーズホットトルティーヤを購入し新幹線待合い室へ コーヒーは安定の美味しさです 初めて食べるチキン チーズですが小振りながらも結構な重量で チキン チーズがたっぷり入ってます なんの香辛料かは分かりませんが 口の中が爽やかに感じられます 朝から少しヘビーですが 美味しく頂けました
スターバックス コーヒー ミナモア広島2階店,5.0,user_2151,どうしてもコーヒーが飲みたくて行ってみた 味とサービスは安定のスタバ 駅構内で席数は少な目 広島県限定のシティマグが販売しています
スターバックス コーヒー 宮島サービスエリア(下り線)店,4.0,user_2152,店内で飲食するよりも車に持ち帰る客が多いことを想定してか 店内の席は少なく ４人が座れる席はテラス席のみである こういう割り切りもいいとおもう またスタッフはとてもフレンドリー
スターバックス コーヒー 宮島サービスエリア(下り線)店,4.0,user_2153,愛媛に帰るのに車の充電が少なかったので急速充電する為に寄ったら月が綺麗だったので写真を撮りました
スターバックス コーヒー 宮島サービスエリア(下り線)店,5.0,user_2154,お店の外まで10人以上並んでましたが 待ち時間10分ほどでレジまで お店の雰囲気はいつものスタバです こういうものだと慣れてしまってますが 安心安全 丁寧な接客 さすがです ダークモカチップフラペチーノ 甘くて 冷たくて美味しい
スターバックス コーヒー ミナモア広島2階店,5.0,user_2155,2026 1 4の昼前ごろに通りがかりで温かいカプチーノをいただきました 駅中とあって列ができて忙しいにも関わらず 一人一人の店員さんに丁寧に対応していただきました 特に お会計してくださった方の笑顔と気遣いが眩しかったですカプチーノがより美味しく風味豊かに感じました 感無量です
スターバックス コーヒー 宮島サービスエリア(下り線)店,5.0,user_2156,期間限定でピクミンテラスもOPENしているので気になる方は早めに行ってみてね SHOPで購入できるグッズは一人３点までなのでとても迷う
スターバックス コーヒー 広島本通り店,5.0,user_2157,スターバックス
スターバックス コーヒー ミナモア広島2階店,4.0,user_2158,スタバ巡り⑨ 広島駅の中央改札口を出たところにあって 駅利用者にはとても便利です お隣はお花屋さんで 雰囲気もとても良いと思います 私が行く時は平日のお昼が多いので あまり混んでることはなくて 駅中にあるスタバにしては 落ち着いた雰囲気です 今回は オータムブレンド買いました パッケージも 華やかで素敵ですね
スターバックス コーヒー 宮島サービスエリア(下り線)店,5.0,user_2159,宮島では無いですが 鳥居 が近くにあり ライトアップされてるのがよく見える位置にあり 春は桜も見れるので オススメのスポットです PAは一般道からもアクセスできるように 一般道用の駐車場もあり 毎度寄らせてもらってます 店員も気さくな方が多く 居心地も良いし ドリンクも素早く提供してもらえるので好きな店です
スターバックス コーヒー ミナモア広島2階店,1.0,user_2160,待ち時間長め 対応悪め 店員はいるが足りてない スタバチケット800円分のカスタムお願いしますと頼みましたが 出来ないと言われました ココまで対応が悪いスタバは初めてです 他の女性店員はまだ対応が良かったのですが 都内のスタバと比較するとサービスが落ちてしまうのはしょうがないのでしょうか Rがつく名前の店員でしたね 男性です
スターバックス コーヒー 宮島サービスエリア(下り線)店,5.0,user_2161,８月までコラボ期間があり 気になってお邪魔しました 綺麗で 朝9時から長蛇の列でコラボショップに向かうお客さんで溢れてました そこは諦めて サービスエリア内でもコラボドリンクがあり それだけでも楽しめ モニュメントがたくさんあり 子どもたちに賑わってました スタバは非常に入り口がわかりづらく 並んでたので諦めました
スターバックス コーヒー 宮島サービスエリア(下り線)店,5.0,user_2162,絶景が楽しめるスタバ 犬連れの方 オススメ テラス席で ワンちゃんとコーヒーブレイク出来ます
スターバックス コーヒー ミナモア広島2階店,4.0,user_2163,JR広島駅 在来線の中央口改札を出て目の前にある店舗 新幹線の場合は改札が北口側にあるため改札を出たら南口方面へ向かうとすぐたどり着きます 新幹線乗車前にテイクアウトで利用しましたが 乗り換え時間や待ち時間にとても便利です
スターバックス コーヒー 宮島サービスエリア(下り線)店,4.0,user_2164,営業時間が7時 21時で朝も早くから開いてるのでスタバ好きには朝から飲めるのは最高でしょ ＳＡなので駐車場も広いしなかりオススメです
スターバックス コーヒー ミナモア広島2階店,4.0,user_2165,買い物帰りに利用しました 広島駅改札外にあるスターバックスさんです 今回はソイラテのグランデをテイクアウトしました 店員さんがとても明るく親切で 店内の清潔感があり ソイラテも豆乳のまろやかさがしっかり味わえる一杯でそこそこ満足できました ボリュームもなかなかあるのでコスパも良いかと思います ご馳走様でした
スターバックス コーヒー ミナモア広島2階店,4.0,user_2166,広島駅の中央改札口のすぐ近くにあるスターバックス 混んでいることが多いですが 場所が便利なので仕方ないかも 客層は店内でゆっくりというよりは テイクアウト中心のように思います
スターバックス コーヒー 宮島サービスエリア(下り線)店,5.0,user_2167,ここの店員さんは いつ行っても笑顔で一言添えて対応して下さいます 必ず寄る所
スターバックス コーヒー 宮島サービスエリア(下り線)店,4.0,user_2168,ここのスタバは他のスタバのあるSAと 違ってゆっくりできると思います スタバ内はカウンター席とテーブル席が数席 店内でというより外でのびのびと ゆっくりされた方がいいと思います 高速利用時でも 一般道からでも 裏に駐車場があります 速谷神社の方から来れます 来れるのがいいです 夜は夜景を見ながら 鳥居らへんで喋れそう お昼は広いのでわんちゃんや 子供連れでもいいかも 平日はわりと人少なめです 土日はやはり混雑します
スターバックス コーヒー ミナモア広島2階店,5.0,user_2169,ドリップコーヒー 頂きました 広島駅ekieに位置します たくさんの人の行き交う慌ただしい中にありますが コーヒーを飲んで一息つくそんな癒しのスポットです 駅も今だに改装中ですが もう少しベンチなどあちこちにあれば良いかなと思いました 忙しくても笑顔でテキパキと対応される店員さんは こちらも元気をもらえます とても美味しかったです
スターバックス コーヒー 広島本通り店,5.0,user_2170,素敵
スターバックス コーヒー 宮島サービスエリア(下り線)店,4.0,user_2171,テラス席はペット同伴もOKです 季節の良いときは新緑と紅葉で瀬戸内海からの風が気持ちいいです テラスから10mくらい前にペット用の水飲み場もありますのでちょうど良いですね
スターバックス コーヒー ミナモア広島2階店,4.0,user_2172,広島駅から新山口駅に向かう前に夕食を済ませ 新幹線の中で飲むコーヒーを買おうと思い駅の改札のすぐ前にあるスターバックスに入りました 昼に別の店でアイスコーヒーを飲んでいたので こちらでワンモアコーヒーを購入しました 注文したのはアイスコーヒーのデカフェに低脂肪乳を入れてもらい氷無しにしました デカフェが切れていたので 10分ほど待ってアイスコーヒーが出来上がりました そして新幹線の中でいただきましたが いつも通りの味わいで良かったと思います
スターバックス コーヒー ミナモア広島2階店,1.0,user_2173,11月30日の夜に対応した男性店員さんに 砂糖の量を50 にしてほしいと英語でハッキリ伝えたのに 渡されたラテはまさかの 砂糖2倍 で 甘すぎて一口もまともに飲めませんでした 大きな駅で働いているなら 最低限の英語くらい理解できて当然でしょう こんな基本中の基本すらできないなんて 本当に信じられません せっかく買った飲み物を無駄にされて 正直 怒りしかありません
スターバックス コーヒー 宮島サービスエリア(下り線)店,4.0,user_2174,美味しいコーヒーと素敵な景色でいいですね 海の方へ歩くと鳥居がありますね
スターバックス コーヒー ミナモア広島2階店,4.0,user_2175,是非 お越しください スタッフ一同 お待ちしております 気持ち良い空間 ゆっくりなさってください そんなお店です
スターバックス コーヒー 宮島サービスエリア(下り線)店,5.0,user_2176,サービスエリアの建物等別にあります ワンチャンを繋げておいて 美味しいドリンクを購入 さり気なく会話をしてくれる優しい人店員さん 外のテーブル席でいただいてもよし 宮島を眺めながらのお散歩コースにあるベンチでいただくのもよし とてもリラックスできて好きな場所です これからの季節は大きな桜の木に花が咲くのを楽しみです
スターバックス コーヒー 宮島サービスエリア(下り線)店,1.0,user_2177,注文カウンターが２つあり １つの方で対応されていたのでもう一つのカウンターで待ってました 後から来たお客さんがもう一つのカウンターの方に並びました 私の方が先に待っていたにも関わらず 店員が こちらに先に並んでいたんですよ と あなたが私が先に待っていたことに気づいてないだけですよ と呆れました 言わずに出ましたけども もっとお客さんの状況をみてから言いましょうね もし 片方だけしか使わないのであれば 看板でこちらは使用してません とか立てて下さい 待った時間の無駄でした スタバでこんな思いをしたのははじめてです 2度とここには来ません
スターバックス コーヒー 宮島サービスエリア(下り線)店,5.0,user_2178,スタッフ皆さんの接客が素晴らしくて感動 今月末には桜 も咲きそうなのでまた行きたいです 景色も素晴らしいです 宮島SAというたくさんの観光客やお仕事をされている皆さんとの接客 同じ広島人として誇りに思います 頑張って下さいね
スターバックス コーヒー 宮島サービスエリア(下り線)店,5.0,user_2179,宮島SA下りスタバに行ってみたら近くにピクミンが 可愛いかった
スターバックス コーヒー ミナモア広島2階店,4.0,user_2180,西への出張２日目の朝に新幹線へ乗る前にちょっと休憩がてら訪店 スターバックスコーヒー ekie広島店 広島駅 ドリップコーヒー アイス tallサイズ 382円 アイスチャイティーラテtallサイズ 452円 平日朝9時ちょいでも店内は満席 外国人観光客も多数 オーダー等も英語対応している さて 一息ついたのでいざ大阪へ ごちそうさまでした
スターバックス コーヒー ミナモア広島2階店,4.0,user_2181,駅の構内のためか 人の出入りも激しいですし 一部のインバウンドの方々のマナーの悪さも気になりました たとえば 食べ物を頬張ったまま入店されたり ゴミの分別がなってなかったりしました ただ 日本のマナーをご存じないからかもしれません それでも コーヒーはおいしかったので 食事はしませんでしたが 食事 と サービス については 真ん中辺りの評価にしておきました
スターバックス コーヒー 宮島サービスエリア(下り線)店,5.0,user_2182,土曜日の夕方に 広島からの帰りに寄りました 空いてて利用しやすかったです
スターバックス コーヒー ミナモア広島2階店,4.0,user_2183,スターバックスの季節のおすすめメニューです メルティホワイト ピスタチオ フラペチーノ 香ばしいピスタチオをホワイトチョコレートとメリークリームでクリーミーに味わえるフラペチーノ 飲んでいて たっぷりの刻まれたホワイトチョコを感じました そこそこ甘さもあって 美味しかったです
スターバックス コーヒー 宮島サービスエリア(下り線)店,4.0,user_2184,ここ いいよね 広島県人だけど ちょっと気分転換で スタバのラテ飲みに 行くことあります 隣のドックパークで ワンちゃん見れるし 店員のお姉さん ちゃんと目を見て挨拶してくれました ちょっとしたことだけど 気持ちいいよね これもコーヒー美味しく感じる味だよね これからも よろしくお願いいたします
スターバックス コーヒー 宮島サービスエリア(下り線)店,5.0,user_2185,初の広島県スターバックス
スターバックス コーヒー ミナモア広島2階店,5.0,user_2186,車いすで広島駅南口からですと 南北自由通路の階段左手のエレベーターで２階へ まっすぐ進み 在来線中央改札と自動券売機 みどりの窓口を過ぎるころ右手の ekie にお店があります 入口は南北自由通路に面したところと ekieサウスエリア内にもあります 店員さんは席の確保と誘導 そして配膳のお手伝いなど 車いすユーザーにうれしい 心強かったです ありがとうございました 2018年6月20日19時ごろ
スターバックス コーヒー 宮島サービスエリア(下り線)店,4.0,user_2187,広々とした敷地には 美しい紅葉 があり 鳥居越しに見える瀬戸内海は 長閑で良かったです 犬の水飲み場もあり 犬を連れての散歩には最高の場所ですね 曇り空だったのですが 寒くなくて スタバのコーヒーを野外席で頂きました 次は春に来てみたい
スターバックス コーヒー ミナモア広島2階店,4.0,user_2188,広島駅を行き交う人で活気のある店舗です 座席数はあまり多くないので まったりとお茶するというより 待ち時間で利用される方が多い印象です お隣がお花屋さんなので 明るくてお洒落な雰囲気を更に演出してくれます 私はこちらでも安定のソイラテを 子供は定番の抹茶フラペチーノにしました
スターバックス コーヒー ミナモア広島2階店,2.0,user_2189,ポイントお願いしたのに付与されてなかった トークはいいからオペレーション確実にして欲しい
スターバックス コーヒー 宮島サービスエリア(下り線)店,5.0,user_2190,広島県で一番景色がいいスタバです 高台にあるので廿日市市内と対岸にある宮島を見渡す事ができます テラス席ではペットの同伴も可能で 周りは緑豊かな公園になっているので子供たちも遊べます ウェルカムゲートからサービスエリアに入場できるので 高速道路利用者だけではなく 一般道からの利用もできるのがいいですね 夕方になると お客さんも少なく利用しやすいです
スターバックス コーヒー ミナモア広島2階店,4.0,user_2191,新幹線広島駅の近くにあるため商業施設利用者だけでなく移動中の人も立ち寄りやすいです 客足が多いため平日でも激混みしていました 寄ることが確定しているならアプリのモバイルオーダー機能を使うと待たずに済むかもしれません
スターバックス コーヒー 宮島サービスエリア(下り線)店,4.0,user_2192,木々と芝生に囲まれた 落ち着いた感じのスターバックスです Wifiがあって 充電もできる テラスからの眺めも良い ついつい長居をしてしまう場所です
スターバックス コーヒー 宮島サービスエリア(下り線)店,5.0,user_2193,散歩がてら良く利用してます いつも美味しいコーヒーありがとうございます 瀬戸内海を一望出来き景色も良いです
スターバックス コーヒー ミナモア広島2階店,4.0,user_2194,橋上駅の連続通路に面して立地する洒落た喫茶店 電車待ち 待ち合わせにお便利
スターバックス コーヒー ミナモア広島2階店,3.0,user_2195,丁寧で素敵な接客なのは良いのですが 3連続注文内容間違えられてしまったので忙しすぎて間違えやすいのかもしれません シロップ抜きがホイップ抜きになっていたり パウダー倍が通っていなかったり ソースかけ忘れなど ソースはまだ言えますが 他はそもそも作り直しになると思いこちらも急いでいたので言えず これだともうカスタム頼むの申し訳なくなったので次からは通常のものだけにしようと思います
スターバックス コーヒー 宮島サービスエリア(下り線)店,4.0,user_2196,夜閉店前に行ったのですが どしゃ降りの雨の中ひときわ輝いて見えました笑 ギリギリにも関わらず笑顔で話しかけてくれながら落ち着いた雰囲気の中応対していただけました 宮島SAのステイタスの一つですよね
スターバックス コーヒー ミナモア広島2階店,5.0,user_2197,店内で寛ぐというよりもテイクアウト向きのお店だと思います スタッフさんはテキパキしていて お客さんを待たせないようにオーダーを受けていました
スターバックス コーヒー ミナモア広島2階店,2.0,user_2198,久々利用 人多いいしちょっと騒がしいスタバ
スターバックス コーヒー 宮島サービスエリア(下り線)店,4.0,user_2199,スターバックスは入ってませんがサービスエリア広島産のお土産が良かった 広島ならではの商品全部買いたいと思った程です 無理ですが 夏頃にもう一度行って買物したいと思います
スターバックス コーヒー 宮島サービスエリア(下り線)店,4.0,user_2200,景色いいところです 宮島大鳥居まで望遠鏡からはっきり見えます
スターバックス コーヒー ミナモア広島2階店,4.0,user_2201,忙しい時間帯でしたが 笑顔の対応とってもよかったです
スターバックス コーヒー 宮島サービスエリア(下り線)店,5.0,user_2202,外のテラス席ではペット連れでも飲食が出来てお天気の良い日は犬を連れた人で人気のスポットです 犬のリード用のフックなどもありGood アレルギーの人に配慮してペットが椅子を利用する場合は直接座るのではなく ちょっとしたブランケットとか持っていくと良いかもです
スターバックス コーヒー ミナモア広島2階店,4.0,user_2203,駅ナカで混んでるけど 回転いい 急いでいる人もいるから手際いいんだろうね 味はいつものスタバ
スターバックス コーヒー 宮島サービスエリア(下り線)店,5.0,user_2204,景色がとてもいいです テラスもあり ワンちゃんのリードを繋ぐところもあり ワンちゃん連れの人は 是非 のおすすめスポットです なぜだろう ここのスタバの定員さんは 毎回 とても 親切で いくたび ほっこりしますね o
スターバックス コーヒー ミナモア広島2階店,1.0,user_2205,こんなにスタバにイライラしてしまったのは初めくらいかもしれません 人も並び出す7時におっさんと話して並びを伸ばす女性店員A 加えてソーセージパイを 温めますか と聞いといて断ったら 温め必須なんですが と支離滅裂な女性店員B 飲み物を作っても受け取りカウンターに人を案内しない女性店員C 終いにはお願いしても無いのに紙袋に物を詰め出す女性店員A みんな並んでるから頼まなかったのに 朝はもう少し回転率を上げるようにお願いします
スターバックス コーヒー 宮島サービスエリア(下り線)店,4.0,user_2206,スタバの前には桜 その向こうに宮島が望めます 長距離運転のリフレッシュタイムにはいいねぇ
スターバックス コーヒー ミナモア広島2階店,3.0,user_2207,美味しさやクオリティは安定のチェーン店です 広島駅という常に混雑した場所で席も少ない為 座れないことが多いです 後 フラペチーノが好きなのですが 電車内では音が出ることもあるのでスタバの席が空いてなければコーヒーにせざるを得ない個人的なもどかしさがありますね でも接客も良いしどれも美味しいですよ
スターバックス コーヒー ミナモア広島2階店,3.0,user_2208,頂いたメニュー メキシカンアボカド サラダラップ エスプレッソアフォガートフラペチーノ
スターバックス コーヒー 宮島サービスエリア(下り線)店,5.0,user_2209,店員さんも気さくで感じのいいお店
スターバックス コーヒー 宮島サービスエリア(下り線)店,4.0,user_2210,テラス席からは 観音様が臥床しているような対岸の宮島の島が目の前に見え 桜や新緑 紅葉等の季節ごとに素敵なビューが楽しめるお勧めのスタバです リード留めがある席もあり ペット同伴で一時のコーヒータイムを楽しんでいる方もおられます
スターバックス コーヒー 広島本通り店,5.0,user_2211,最善の意図
スターバックス コーヒー ミナモア広島2階店,5.0,user_2212,平日の閉店ちょっと前に行きました それでも座席は満杯だったので持ち帰りにしました いつもモバイルオーダーでそこから選べるカスタマイズしかしたことなかったのですが口頭で希望を伝えたらおすすめをカスタマイズしてくださったのでおいしいものがいただけました 昼間はかなり混雑してるイメージだし店内にもう少し座席が増えたらうれしいなぁと思います
スターバックス コーヒー ミナモア広島2階店,5.0,user_2213,駅を利用する人にとっては便利な立地にあるスタバです 新幹線に乗る前にテイクアウトで買って乗り込むと快適な乗車時間を過ごせる事は間違いないです
スターバックス コーヒー 宮島サービスエリア(下り線)店,5.0,user_2214,毎回 利用しています テイクアウトが多いです
スターバックス コーヒー 宮島サービスエリア(下り線)店,5.0,user_2215,遠くに宮島を望むことができるロケーションは まさにサードプレイスとしてのスターバックスの真骨頂と言えます
スターバックス コーヒー 広島本通り店,4.0,user_2216,広島カップ
スターバックス コーヒー ミナモア広島2階店,2.0,user_2217,狭い 席数少ない 混んでる
スターバックス コーヒー ミナモア広島2階店,4.0,user_2218,メニューを悩んでたら いろいろわかりやすく説明してくて 注文を待つ間もいろんな話をしていて楽しかった
スターバックス コーヒー 宮島サービスエリア(下り線)店,5.0,user_2219,ドライブのテイクアウトにもってこいのお店 そしてＳＡ外からも入る事ができる
スターバックス コーヒー 宮島サービスエリア(下り線)店,5.0,user_2220,ここのスタバは高速道路のサービスエリアですが 裏から一般道を通って入れます テラス席があるのでワンちゃんと一緒にくつろげます 天気のいい日はとても気持ちよくおすすめです
スターバックス コーヒー 宮島サービスエリア(下り線)店,4.0,user_2221,サービスエリアにスタバ なかなか良い 店舗の周りはだだっ広いので落ち着いて過ごせる 鳥居の方へ歩いて行って宮島眺めながらのダークモカチップフラペチーノが至福 少しヒンヤリした時期
スターバックス コーヒー 広島本通り店,5.0,user_2222,良い
スターバックス コーヒー 宮島サービスエリア(下り線)店,5.0,user_2223,ロケーションが素敵です 少し歩くと鳥居が有ります
スターバックス コーヒー ミナモア広島2階店,3.0,user_2224,広島駅に隣接で便利
スターバックス コーヒー ミナモア広島2階店,5.0,user_2225,アイスコーヒーショートに低脂肪ミルクをいつも入れてもらいますが はじめてカップのサイズをより大きいグランデにしてミルクをたくさん入れるのはどうですかと勧めてくれました ミルクたっぷりのアイスコーヒー美味しかっです 店内が満席で座れなかったのが残念でした
スターバックス コーヒー ミナモア広島2階店,5.0,user_2226,差し入れでケーキを購入したら お手土産用の箱が思った以上に可愛くて感激でした 一緒にテイクアウトしたコーヒーと一緒においしくいただきました 写真は冬のものですが 季節商品がいつも並んでいるので選ぶ楽しみがあります
スターバックス コーヒー 宮島サービスエリア(下り線)店,4.0,user_2227,ペットと一緒にテラスでコヒータイムできます お姉さんの愛想も良い ただここだけではなく スタバは慣れないとメニューがわかりづらく 場所柄初めての人も多いようで注文迄時間がかかる
スターバックス コーヒー ミナモア広島2階店,3.0,user_2228,朝早くから営業しているスターバックスは貴重ですが まぁそのせいで10時前までは外国人観光客で激混みです
スターバックス コーヒー ミナモア広島2階店,5.0,user_2229,店員さんが笑顔でとても良かった
スターバックス コーヒー ミナモア広島2階店,4.0,user_2230,広島駅の改札口に近い場所にあり 購入も流れが良く その場も大きなテーブルをカウンターのように座れるので 良かったですよ カフェラテをトールで頼みましたが 美味しかったですね
スターバックス コーヒー ミナモア広島2階店,4.0,user_2231,7年前のオープン初日の写真です
スターバックス コーヒー ミナモア広島2階店,5.0,user_2232,新幹線で東京から広島の帰りに コーヒー一杯飲みたいと思い寄らせてもらいました 閉店間際だったにもかかわらず 嫌な顔ひとつせず お仕事帰りですか お疲れ様です と声掛けしてくれた店員の方のおかげで すごく心が暖かくなりました ありがとうございました
スターバックス コーヒー 宮島サービスエリア(下り線)店,5.0,user_2233,犬連れで行けます テラスでは 場所により犬をつなぐところもあって 快適です 非常に混むこともあれば すいてることもありますが 休日の日中はなかなか車が 停めれません 犬は嬉しそうです
スターバックス コーヒー ミナモア広島2階店,1.0,user_2234,ベンティブレペのティーラテ他をテイクアウトで購入 ティーラテをまっすぐ入れず 気がつけば袋びちゃびちゃ スーツにまでシミが しかも普通のミルク 最悪でした ティーラテを入れる際もミルクを大量にこぼして 紙のカップホルダーを換えていた時点で悪い予感はしたのだが 雑な作業で接客には向いていないスタッフが多い印象 袋でこぼれたのは3回目 もう行かない
スターバックス コーヒー 宮島サービスエリア(下り線)店,4.0,user_2235,スターバックスって基本的にお安くは食べられないのは分かってるけど ここは良く行って癒されてます 店員さんの接客も自然でゆったりしてて素敵ですし 外に出ると宮島が見えるし 夜は夜でちょっと雰囲気あって 仕事帰りにカップルでふらっと寄るというのも楽しい場所です
スターバックス コーヒー ミナモア広島2階店,3.0,user_2236,十中八九で座れない 広島駅周辺座れる場所少なすぎる問題 万一 近くに強豪店舗できても客は減らないであろう くらいいつも並んでる
スターバックス コーヒー 宮島サービスエリア(下り線)店,5.0,user_2237,小ぢんまりとした店舗ですが 夜の雰囲気がとても良かったです
スターバックス コーヒー 宮島サービスエリア(下り線)店,5.0,user_2238,とてもいい場所です 眺めもよく天気の良い日は午後のティータイムに使っています 晴れている時には宮島が一望でき瀬戸内海の眺めも最高です シナモンロールのサイズが小さくなっているところが気になるかな
スターバックス コーヒー ミナモア広島2階店,4.0,user_2239,JR広島駅改札を出て正面と言う立地はビジネスマンにとっても 旅行者が駅からのアクティブプラン検討にもとても良いと思いました ただ 席数が少なく 自動ドアが開くたびに風が吹き抜けるのは 気になる人にとっては辛いでしょう
スターバックス コーヒー 宮島サービスエリア(下り線)店,4.0,user_2240,宮島が見えるサービスエリア スタバでコーヒー買って のんびり休憩できて
スターバックス コーヒー ミナモア広島2階店,3.0,user_2241,広島の玄関口 広島駅 の改札前の店舗です 電車や新幹線を待つちょっとした時間に利用できますが 如何せんいつでも混んでいるので15分は時間をみておきましょう
スターバックス コーヒー 宮島サービスエリア(下り線)店,5.0,user_2242,店員さんも親切で気軽に話しかけれるし テイクアウトでデッキで飲むも良し 木陰で飲むも良し 僕にとって隠れ家的な場所です 眼下には瀬戸内海が広がり宮島も遠くに望めます 高速道路のＳＡなので休日に混むこととトイレがちょっと遠いのが難点かな
スターバックス コーヒー 宮島サービスエリア(下り線)店,4.0,user_2243,お店の方が待ち時間が寒いでしょうと試供品のコーヒーを入れてくださいました 主人が外で待っていたので主人に渡しに行ったらもう一度気が付かなくて ともう一杯入れてくださいました 美味しいコーヒーで心がほんわかしました
スターバックス コーヒー ミナモア広島2階店,2.0,user_2244,駅の中にあり 狭くて うるさく ゴミゴミして スターバックスでは 下位ランクの店
スターバックス コーヒー 宮島サービスエリア(下り線)店,4.0,user_2245,雰囲気最高な場所です
スターバックス コーヒー 宮島サービスエリア(下り線)店,4.0,user_2246,山陽自動車道下り 宮島サービスエリアにあるスタバで 天気も良かったせいか 青い空の下緑の木とこのスタバが目に入った瞬間声が出たほど 笑 ロケーションが素晴らしい やはり 人気なのか休憩後 鳥居の先まで散歩して帰る頃には外まで並んでいました
スターバックス コーヒー ミナモア広島2階店,3.0,user_2247,広島駅で新幹線を待っている間の一休み 広島限定のフラペチーノ飲みました
スターバックス コーヒー ミナモア広島2階店,5.0,user_2248,広島駅の中にあります
スターバックス コーヒー 宮島サービスエリア(下り線)店,5.0,user_2249,スターバックス いろんなとこにあるけど 先日犬を連れていて綱具ももちろんあるんですが熱かったのでつなぐのもかわいそうなので 入口でウロウロしていたら注文カタログ持ってスタッフのひとりが出てこられて美味しい 頂くことができました 嬉しかった ありがとうございました
スターバックス コーヒー 宮島サービスエリア(下り線)店,4.0,user_2250,駐車場から近いスターバックス 展望台も近くにあり おすすめ
スターバックス コーヒー ミナモア広島2階店,2.0,user_2251,期間限定フラペチーノを注文したが 他の店舗では入っていたホワイトチョコがこちらの店舗では入ってなかった
スターバックス コーヒー ミナモア広島2階店,3.0,user_2252,いつも支払いをスターバックスアプリでするのだが ココは まだ二次元バーコード対応のレジになっていないので バーコード をちゃんと読み取ってくれる イオンモール府中とか すでに二次元バーコード対応になってしまい いつも手入力で時間がかかる
スターバックス コーヒー 宮島サービスエリア(下り線)店,3.0,user_2253,店の前まで並んでると思ったら レジから店の入口までのスペースが狭くって5人も並べは 次は店の外 店の中でも飲食可能でした
スターバックス コーヒー 宮島サービスエリア(下り線)店,5.0,user_2254,ワンコも外席なら同伴可 周りは緑で溢れてますし 春は桜 夏は緑 秋は紅葉と季節を感じられます 車の運転のリフレッシュにはとても良いです
スターバックス コーヒー ミナモア広島2階店,5.0,user_2255,店員さんの対応が非常に良かった
スターバックス コーヒー ミナモア広島2階店,4.0,user_2256,コロナ騒ぎから久しぶりの訪問 ちゃんと予防もしてあります あー 久しぶりに和むわぁ ナイロンカーテンがあってもフレンドリーな対応に変わりありません
スターバックス コーヒー ミナモア広島2階店,5.0,user_2257,スタッフはとても親切です ありがとうございました
スターバックス コーヒー ミナモア広島2階店,5.0,user_2258,店員さんの接客 コミュニケーションが気持ち良く 良い雰囲気のところでした 外国人のお客さんが多かったからか 店員さんがオープンマインドって感じでした
スターバックス コーヒー ミナモア広島2階店,4.0,user_2259,購入して新幹線に乗りました
スターバックス コーヒー 宮島サービスエリア(下り線)店,4.0,user_2260,景色を見ながら最高のコーヒー が飲める場所
スターバックス コーヒー ミナモア広島2階店,4.0,user_2261,見るたびにいつも大人気 だけど ほとんど待たずにドリンクは買えます ただ少し席が少ない気が
スターバックス コーヒー 宮島サービスエリア(下り線)店,5.0,user_2262,周辺は芝生なのでチョッとしたピクニック気分が満喫できて小さなお子さんや愛犬には最高 の場所 自分の大好きな居場所です 春には 桜 四季折々の変化を堪能して下さい
スターバックス コーヒー 宮島サービスエリア(下り線)店,4.0,user_2263,近くに鳥居もあるし公園もあるしで インスタ命女子たちが マヂばえなんですけどぉ って言いながら鳥居をバックにインスタバエしてるとこです
スターバックス コーヒー 宮島サービスエリア(下り線)店,5.0,user_2264,2023年4月10日に行きましたが 今年は桜の開花は早く葉桜になっていました 双眼鏡が無料で見れます 宮島の鳥居が見えました
スターバックス コーヒー 宮島サービスエリア(下り線)店,4.0,user_2265,疲れた時に ゆっくり出来ます 店内でのスペースは コロナの影響でほぼ無しですが 季節によってはテラスでのんびり出来ます テラスにリードフックも設置されてるので 愛犬と一緒にゆっくり出来ます
スターバックス コーヒー ミナモア広島2階店,3.0,user_2266,普通です もう少しお店の席の数を増やして欲しいです いつきても人が多く座れません
スターバックス コーヒー ミナモア広島2階店,3.0,user_2267,いつも混んでいて店内で座りたくても狭いので座れない
スターバックス コーヒー ミナモア広島2階店,4.0,user_2268,モバイルオーダー後でも 心良くWESTERポイントを付けてもらえました
スターバックス コーヒー ミナモア広島2階店,5.0,user_2269,とても広く ゆったりと過ごせます 祝日は多くの人で賑わっています
スターバックス コーヒー 宮島サービスエリア(下り線)店,4.0,user_2270,大変綺麗な店舗です 天気の良い日は テラスでコーヒーを飲むと大変気持ちが良いです テラスの前では 子供を遊ばせたり 犬を連れている人が見られます
スターバックス コーヒー ミナモア広島2階店,3.0,user_2271,座席数も少なく 混雑していたので 他のカフェを利用しました 2023 9 26
スターバックス コーヒー 宮島サービスエリア(下り線)店,5.0,user_2272,ワンちゃんを連れ芝生の広場をお散歩をして スタバのテラスで一休み 奥からの眺めは宮島が一望でき ワンちゃんはお友だちが沢山でき 人も も大満足 リピーター多し
スターバックス コーヒー ミナモア広島2階店,5.0,user_2273,混んでる時もあるけど店員もちゃんとしてるし 短時間軽く行くのが良いよ
スターバックス コーヒー 宮島サービスエリア(下り線)店,4.0,user_2274,毎度 岡山 広島方面の帰路に休憩で立ち寄ります コーヒーとスコーンが美味しかった 他人のワンコを見てゆっくり休憩出来ます
スターバックス コーヒー ミナモア広島2階店,5.0,user_2275,新幹線に乗る前に
スターバックス コーヒー ミナモア広島2階店,5.0,user_2276,今年初のスタバへ行って 今日発売のメルティ生チョコレートフラペチーノを初めていただきましたが すごく美味しかったです ありがとうございました
スターバックス コーヒー 宮島サービスエリア(下り線)店,5.0,user_2277,最高のロケーションと美味しいスターバックスコーヒーで 長距離運転の疲れをきっと癒してもらえると思います またサービスエリア内のパン屋さんで売っている揚げたてカレーパン200円と 塩ロールパン100円も最高に美味しいですよ このスポットはデートでも立ち寄るべし
スターバックス コーヒー 宮島サービスエリア(下り線)店,5.0,user_2278,久々に愛犬とゆっくりしました スタッフの優しさに癒されます
スターバックス コーヒー 宮島サービスエリア(下り線)店,5.0,user_2279,店舗前は広大な芝生広場なので幼児やペットを遊ばせます また宮島を一望出来る展望台は一見の価値有りです
スターバックス コーヒー ミナモア広島2階店,1.0,user_2280,毎回対応が他のスタバと比べてイマイチ レシート確認するのここだけ
スターバックス コーヒー 宮島サービスエリア(下り線)店,4.0,user_2281,必ずなにか一言話しかけてくれる それも心地良い話の振り方 旅の疲れを癒してくれる感 スターバックスは都市型店より郊外店の方が店員さんは接客が上手な気がする 単に忙しさが違うのか 苦笑
スターバックス コーヒー 宮島サービスエリア(下り線)店,3.0,user_2282,宮島サービスエリアのポツンと一軒家的なスタバ店舗
スターバックス コーヒー 宮島サービスエリア(下り線)店,2.0,user_2283,ソイラテを熱めにしてほしいと お願いしたんですがぬるかった 入れ物には コーヒーがついていて 汚かった お兄さんの接客はよかったのに残念です
スターバックス コーヒー ミナモア広島2階店,4.0,user_2284,毎回楽しみに立ち寄る癒しの空間です
スターバックス コーヒー ミナモア広島2階店,3.0,user_2285,対応は悪くは無いがよくもなかった 店内広いです
スターバックス コーヒー ミナモア広島2階店,3.0,user_2286,場所の割には席数が少なすぎる
スターバックス コーヒー ミナモア広島2階店,5.0,user_2287,お店の両側に大きな出入口があり 開放感あります
スターバックス コーヒー ミナモア広島2階店,5.0,user_2288,駅ナカのスタバ 便利
スターバックス コーヒー ミナモア広島2階店,5.0,user_2289,A big guy here makes great cups of earlgrey tea latte here アールグレイティーラテを上手に作ってくれる大きい男性スタッフの方がいます
スターバックス コーヒー 宮島サービスエリア(下り線)店,4.0,user_2290,普通のスタバ テラス席が有るので外を見ながらリラックス出来る
スターバックス コーヒー 宮島サービスエリア(下り線)店,4.0,user_2291,ドックランの芝生 模擬の宮島の鳥居からの瀬戸内海の景色 柚子入り紅茶を飲みながら ちょっとリフレッシュ 高速道路に乗らなくても 入れますよ コロナも気にならない人の数 と思って ちょっと運動してきました
スターバックス コーヒー 宮島サービスエリア(下り線)店,3.0,user_2292,平日夕方頃寄ったら 店内にお客さんいなかった スタバでははじめてかも そんな経験 なので 待ち時間なしで快適でした サービスエリアのメインの建物から離れてますので要注意
スターバックス コーヒー ミナモア広島2階店,5.0,user_2293,限定のフルーツ牛乳フラペチーノ飲みました とても美味しかったです
スターバックス コーヒー 宮島サービスエリア(下り線)店,4.0,user_2294,スタバ好きな人なら ここには宮島の鳥居を模した交通安全鳥居ありますので 見ながらひと休憩出来ます
スターバックス コーヒー 宮島サービスエリア(下り線)店,4.0,user_2295,サービスエリア内 座席は少なめ 景色最高
スターバックス コーヒー ミナモア広島2階店,4.0,user_2296,新幹線待ちの時に気軽に使えるお店です
スターバックス コーヒー ミナモア広島2階店,4.0,user_2297,新幹線を降りたら中央改札付近にあります
スターバックス コーヒー 宮島サービスエリア(下り線)店,5.0,user_2298,宮島を望む眺めがよく 駐車も快適 高速道路山陽線上宮島SAにあります雰囲気がいいお店でした
スターバックス コーヒー 宮島サービスエリア(下り線)店,4.0,user_2299,ちょっと混んでいましたが スタッフの方はとても感じのいい方で とても丁寧に対応して下さいました いつも行くスタバですが ちょっと気分がよく楽しく会話も弾みました とても美味しかったです
スターバックス コーヒー ミナモア広島2階店,5.0,user_2300,メロンフラペチーノいただきました
スターバックス コーヒー 宮島サービスエリア(下り線)店,5.0,user_2301,ドッグランやイベントも行われる わざわざでも行ってみたい楽しいサービスエリアです お天気も良ければ宮島も一望できます
スターバックス コーヒー ミナモア広島2階店,3.0,user_2302,席が殆ど無い それだけが 残念でした
スターバックス コーヒー 宮島サービスエリア(下り線)店,4.0,user_2303,めっきり寒くなりましたが夏の夜の宮島SAスターバックスがおすすめです 虫がいないし余り暑さを感じられず夕涼みには最適です
スターバックス コーヒー ミナモア広島2階店,5.0,user_2304,接客態度がとても良かったです
スターバックス コーヒー ミナモア広島2階店,5.0,user_2305,朝7時からのオープンは便利
スターバックス コーヒー ミナモア広島2階店,3.0,user_2306,新幹線口にあるので便利 改札付近にあるので
スターバックス コーヒー 宮島サービスエリア(下り線)店,5.0,user_2307,店員さんすごく気さくな方で良かったです ʖ
スターバックス コーヒー 宮島サービスエリア(下り線)店,5.0,user_2308,犬を繋げる所があるので 犬とゆっくり過ごす事が出来ます 平日の朝が人が少なくてゆっくりするにはおすすめです
スターバックス コーヒー ミナモア広島2階店,5.0,user_2309,どこで飲んでも安心の味です ありがとう
スターバックス コーヒー 宮島サービスエリア(下り線)店,4.0,user_2310,お洒落で良い雰囲気 生憎の雨だったが雨音を聞きながらゆっくり休憩できた 晴れた日はさぞ気持ち良いと思う
スターバックス コーヒー 宮島サービスエリア(下り線)店,5.0,user_2311,ここは ブレイクタイムに欠かせない NICEなコーヒーブレイク
スターバックス コーヒー 宮島サービスエリア(下り線)店,5.0,user_2312,10月25日に利用しました 東京から車で走ってきました おっ スタバ ほっと一息 美味しい と生演奏のjazz サックス の美人のおねーさんがA trainを奏でてました また行きたいですね
スターバックス コーヒー 宮島サービスエリア(下り線)店,4.0,user_2313,素敵なコーヒータイムを過ごす事が出来ましたよ
スターバックス コーヒー ミナモア広島2階店,5.0,user_2314,店員さんが すごく優しかったです
スターバックス コーヒー ミナモア広島2階店,4.0,user_2315,旧友との再会に良い場所を提供いただきました
スターバックス コーヒー ミナモア広島2階店,3.0,user_2316,駅ビルのスターバックスコーヒー
スターバックス コーヒー 宮島サービスエリア(下り線)店,4.0,user_2317,ロケーションが良い 小洒落たウッドデッキから宮島を眺めながらコーヒーを飲むもよし さっとドリンクホルダに入れてドライブを再開するもよし
スターバックス コーヒー 宮島サービスエリア(下り線)店,4.0,user_2318,ワンちゃんともテラス席で一緒に食べることが出来ますし 目の前は芝生広場で遊ばせることも出来ますので とても気持ち良く 過ごすことが出来ました
スターバックス コーヒー ミナモア広島2階店,1.0,user_2319,普通のカフェです まあ それなりの
スターバックス コーヒー ミナモア広島2階店,3.0,user_2320,たぶんおいしいでーす 人が多いから
スターバックス コーヒー ミナモア広島2階店,3.0,user_2321,店内座席数は少なめ
スターバックス コーヒー ミナモア広島2階店,3.0,user_2322,初めて訪問 ゆっくりしにくいかな
スターバックス コーヒー 宮島サービスエリア(下り線)店,4.0,user_2323,宮島SAにあるスタバで 店前から瀬戸内海が一望出来るので 買ったコーヒーを飲みながら休むには すごく良い場所です 地元の人も裏に駐車場があるので 買いに来る人も多くて最高ですね
スターバックス コーヒー ミナモア広島2階店,3.0,user_2324,場所は良いが 席数は少ない
スターバックス コーヒー ミナモア広島2階店,3.0,user_2325,客席少な目なのが残念賞
スターバックス コーヒー ミナモア広島2階店,5.0,user_2326,シンブルで機能的な店
スターバックス コーヒー ミナモア広島2階店,1.0,user_2327,遅すぎる
スターバックス コーヒー 宮島サービスエリア(下り線)店,4.0,user_2328,綺麗な海とかわいいdogちゃんたちのお散歩を見ながらほのぼの気分 店員さんも感じがよくて 恋しそうになりました 笑 ぜひお立ち寄り下さい
スターバックス コーヒー ミナモア広島2階店,2.0,user_2329,混雑
スターバックス コーヒー 宮島サービスエリア(下り線)店,4.0,user_2330,午前中に行ったが 店員がとても良い 接客が丁寧 人は多いが テラスでコーヒーを楽しめるし 自然との一体感が楽しめる
スターバックス コーヒー 宮島サービスエリア(下り線)店,5.0,user_2331,家族でよく行きます 店員さんが優しい 涼しくなったらお散歩もできるし行きたいです
スターバックス コーヒー 宮島サービスエリア(下り線)店,5.0,user_2332,娘 初ペチーノ 宮島ＳＡにあるのがいい
スターバックス コーヒー ミナモア広島2階店,3.0,user_2333,普通のスタバ
スターバックス コーヒー 宮島サービスエリア(下り線)店,5.0,user_2334,接客態度が大変良かったです コロナの影響で野外で飲食しましたが気候も丁度よく良い休憩がとれました コーヒーも美味しかったです
スターバックス コーヒー 宮島サービスエリア(下り線)店,5.0,user_2335,接客が良いと思います わんこと一緒にお茶できる少ないカフェ 宮島も見れるしわんこと遊べるので最高です
スターバックス コーヒー 宮島サービスエリア(下り線)店,5.0,user_2336,スタバの従業員の皆様方は何処の店舗でも感じ良いですが 山陽自動車道下り宮島SAの皆様は特にきちんとされていて 対応もフレンドリーで雰囲気抜群です
スターバックス コーヒー 宮島サービスエリア(下り線)店,3.0,user_2337,オーダーした時に他の物のお勧めやトッピングのお勧めとかサイズの変更でお得ですなどなどシンプルにコーヒーを注文したいのにちょっと面倒でした
スターバックス コーヒー ミナモア広島2階店,3.0,user_2338,駅のコンコースに有る便利なスタバ
スターバックス コーヒー 宮島サービスエリア(下り線)店,5.0,user_2339,ロケーションは最高です 店内は狭めですが 外にも席がありますので寒くなければそれもありです Wi Fiも完備されているので 旅の途中の検索も便利です
スターバックス コーヒー ミナモア広島2階店,4.0,user_2340,広島駅の改札近くにあるスタバで何時も混雑しているイメージ めちゃくちゃ忙しそうだけど 店員さんたちは丁寧に対応されてます シェラトン側 市電駅側にも最近スタバが出来たので お客さんが分散されると良いですね 座れなくても 駅のあちこちに座る場所があるのでテイクアウトしていただくことが多いです
スターバックス コーヒー 宮島サービスエリア(下り線)店,4.0,user_2341,どこのスタバでも安定のサービスを提供してくれます 店舗作業や店内の演出等において標準化がされているのだろうと思われます
スターバックス コーヒー 宮島サービスエリア(下り線)店,1.0,user_2342,初めて寄った店舗ですが こんなにクリームが少ないスタバは見たことがありません
スターバックス コーヒー 宮島サービスエリア(下り線)店,4.0,user_2343,スタバ前の広場で7 31までピクミンやってるので 駐輪場はやや混んでます
スターバックス コーヒー 宮島サービスエリア(下り線)店,5.0,user_2344,SA店なのでお客さんは多いですが 店内でくつろぐ方はそんなに多くないので のんびりしたい人には穴場でしょうか 店員さんは親切に対応してくれます
スターバックス コーヒー 宮島サービスエリア(下り線)店,5.0,user_2345,サービスも景気もすべていい 絶景 宮島の瀬戸を独り占め 愛犬もいきいきと走り回り 愛犬同士を通して会話も弾む心も弾む こんなとこに家があったらいいなぁと空想にふける 是非寄ってみてください
スターバックス コーヒー ミナモア広島2階店,5.0,user_2346,4 8の14時頃来店しましたが最高でした 食事の提供速度も早く サービスでは 常連さん 初見さん関わらず笑顔で明るく 接しており 遠征終わりに初めて行った店舗 でしたがとてもリラックス出来ました また遠征中に行けたらまたお世話になります
スターバックス コーヒー 宮島サービスエリア(下り線)店,5.0,user_2347,いつも人がいっばいだけど 時間は待たせない 外に出ると素晴らしいロケ ションいつも贅沢な気持ちにさせてくれる そんな場所です
スターバックス コーヒー ミナモア広島2階店,5.0,user_2348,神すぎー場所が神
スターバックス コーヒー 宮島サービスエリア(下り線)店,5.0,user_2349,西に向かうときは必ず休憩するところです 緑に囲まれ ワンちゃんたちも外で遊べて のんびりできます
スターバックス コーヒー ミナモア広島2階店,4.0,user_2350,スターバックス広島店は 清潔で温かい雰囲気の 居心地の良いリラックスできる場所です スタッフはフレンドリーで サービスも迅速です ドリンクも完璧に作られていて 座席エリアは仕事にも街歩きの休憩にも最適です 安心してくつろげる 快適な空間です
スターバックス コーヒー 宮島サービスエリア(下り線)店,5.0,user_2351,朝8時半頃入店 他にお客さんはいませんでした 開店時が混むそうです 丁寧に接客していただきました
スターバックス コーヒー ミナモア広島2階店,1.0,user_2352,世界中のどこでも そして日本でもスタッフがいつも親切で丁寧な対応をしてくれるお店があるのに フラペチーノにチャイティーラテを入れる方法を知らないなんて 信じられない しかも わざわざ手間をかけているなんて チャイティーラテの氷をブレンダーに入れるだけなのに 信じられない
スターバックス コーヒー 宮島サービスエリア(下り線)店,4.0,user_2353,morning coffee 宮島PA下り朝のSTARBUCKS 自然散歩もできて気持ちいいです
スターバックス コーヒー 宮島サービスエリア(下り線)店,4.0,user_2354,パーキング敷地内にポツンとありますが存在感はなりますね 休憩がてら利用できるのは大変便利です
スターバックス コーヒー ミナモア広島2階店,3.0,user_2355,乗車まで人がうろうろしているので 座る場所はあまりありません モバイルオーダーに対応しているので 新幹線に乗る前にオンラインで注文して飲み物を手に入れることができます 駅を出てすぐ向かい側にあります Ekieストア内にあります 2023年8月24日
スターバックス コーヒー 宮島サービスエリア(下り線)店,4.0,user_2356,日曜日なので たくさんのお客様がいらっしゃいました 眠気覚ましにコーヒー購入
スターバックス コーヒー ミナモア広島2階店,4.0,user_2357,とても良い
スターバックス コーヒー 宮島サービスエリア(下り線)店,5.0,user_2358,旨酸っぱい 広島瀬戸内レモン シトラスじゃけえフラペチーノ
スターバックス コーヒー 宮島サービスエリア(下り線)店,5.0,user_2359,右側のレジの女性の定員さんが話しかけてくれてほっこりしました可愛かったです
スターバックス コーヒー 宮島サービスエリア(下り線)店,3.0,user_2360,平日の昼下りの為か 人もそんなに多く無く お天気が良かったので 外でゆっくり出来ました
スターバックス コーヒー ミナモア広島2階店,3.0,user_2361,広くて混雑している ドーナツやその他のペストリーは アメリカのものと比べるとかなり粗悪だ アメリカでよく頼むような氷水を一杯頼んだのだが 店員は理解できなかった 結局 高さ2インチほどの小さなカップに入った水道水が出てきた がっかりだ
スターバックス コーヒー 宮島サービスエリア(下り線)店,5.0,user_2362,山口方面に帰るときに必ず寄ってました 店員さんのオススメや長旅に気を使ってくださったり 親切でした オススメされるメニューも美味しいです笑
スターバックス コーヒー 宮島サービスエリア(下り線)店,4.0,user_2363,7 00から営業しており テラスは解放感があります ワンちゃんもテラスでくつろげます
スターバックス コーヒー ミナモア広島2階店,1.0,user_2364,英語が話せるスタッフがいても 態度が悪ければ意味がありません こんなに老舗のフランチャイズなのに 驚くほどサービスが悪いです
スターバックス コーヒー ミナモア広島2階店,5.0,user_2365,おいしく親切だが駅前だから人が多い 駅前と理解される部分
スターバックス コーヒー 宮島サービスエリア(下り線)店,5.0,user_2366,素晴らしいロケーションで素晴らしい雰囲気 オススメです
スターバックス コーヒー 宮島サービスエリア(下り線)店,4.0,user_2367,店の前が開けていて気分が良いです ただ店内は狭いですね 天気の良い日は テラスも良さそうです
スターバックス コーヒー 宮島サービスエリア(下り線)店,2.0,user_2368,商品渡す店員の男の子が 客をみていない 流れ作業だから商品を違う人に渡しそうになっていた
スターバックス コーヒー 宮島サービスエリア(下り線)店,4.0,user_2369,山陽道の下り 宮島PA の中にあるスタバ 宮島ＳＡ からみる瀬戸内海の景色素晴らしいですよ 是非立ち寄って下さい
スターバックス コーヒー 宮島サービスエリア(下り線)店,5.0,user_2370,すぐ横に結構広い芝生があり 目の前にも厳島がデン と視界一杯に広がります コーヒーを飲みながらリラックスするのに是非どうぞ
スターバックス コーヒー 宮島サービスエリア(下り線)店,3.0,user_2371,よく寄らせてもらってます
スターバックス コーヒー ミナモア広島2階店,2.0,user_2372,ここは 温かい飲み物にスリーブを付けてくれない唯一のお店です 冷たい飲み物を注文すれば きっと満足できると思います 笑
スターバックス コーヒー ミナモア広島2階店,4.0,user_2373,スターバックスの店舗は狭くプライバシーが欠けている
スターバックス コーヒー ミナモア広島2階店,2.0,user_2374,駅のすぐそばですごく便利 フラペチーノと地理シリーズのマグカップを買いに来ました ただし 外国人の方はフラペチーノを受け取るにはレシートを見せる必要があります 店員に呆れられないように 早く済ませた方がいいですよ
スターバックス コーヒー 宮島サービスエリア(下り線)店,5.0,user_2375,わちゃめちゃじゃけえ車企画のナイトドライブで ここの広島県スターバックスドライブスルー宮島店に出会えることが出来ました またわちゃめちゃじゃけえさんが 車企画で来ることが会ったら 宜しくお伝えできればなと思います
スターバックス コーヒー 宮島サービスエリア(下り線)店,4.0,user_2376,宮島サービスエリアに寄ったら偶然知人に会い 高速道路でスタバあるんやと思い行きましたが 夏季休暇中でさすがに混んでたので自販機で缶コーヒー買ってテラス席だけ借りました
スターバックス コーヒー 宮島サービスエリア(下り線)店,5.0,user_2377,スタバってほとんど行ったことなく ワンモアコーヒーのことも初めて知りました 汗 詳細に教えてもらえてありがとうございました
スターバックス コーヒー 宮島サービスエリア(下り線)店,4.0,user_2378,さすがスタバというお店でした トッピング等の提案を頂き 非常に嬉しかったです 山陽道を下る時は いつも利用してます
スターバックス コーヒー ミナモア広島2階店,5.0,user_2379,日本旅行中に初めて訪れた場所 日本のスターバックスのスタッフはみんなこんなに親切ですか 次回日本に行くならぜひまた訪れたい
スターバックス コーヒー ミナモア広島2階店,5.0,user_2380,とてもフレンドリーなスターバックスのスタッフ 妻はここでジャパンジオグラフィックカップを買いました 最高のお土産の一つです
スターバックス コーヒー ミナモア広島2階店,3.0,user_2381,スターバックス 長い行列 同じコーヒー 違うマグカップ
スターバックス コーヒー 宮島サービスエリア(下り線)店,4.0,user_2382,狭い店舗ですが 接客も良いし居心地も良いです 外に出ればSAからの景色も見れて良いですよ
スターバックス コーヒー 宮島サービスエリア(下り線)店,5.0,user_2383,景観が素晴らしい 目の前には芝生ゾーンや展望ゾーンが広がり テイクアウトでピクニックのようにされている方多数 宮島が目の前に見えます
スターバックス コーヒー ミナモア広島2階店,5.0,user_2384,清潔で素敵なインテリア フレンドリーで親切なスタッフ
スターバックス コーヒー 宮島サービスエリア(下り線)店,5.0,user_2385,土砂降りの雨が降り始めて店内に入ると店員さんが 雨大丈夫ですか 落ち着くまでゆっくりしてってくださいね と気遣ってくれて嬉しかったです
スターバックス コーヒー ミナモア広島2階店,4.0,user_2386,お気に入りのコーヒーを選んで 駅構内で軽食をお楽しみください
スターバックス コーヒー ミナモア広島2階店,3.0,user_2387,下手な英語 完全な混乱
スターバックス コーヒー ミナモア広島2階店,5.0,user_2388,こんなに忙しいのにこんなに親切になれるなんて
スターバックス コーヒー ミナモア広島2階店,5.0,user_2389,キウイ風味のチーズケーキをぜひお試しください ohdisisgreat
スターバックス コーヒー ミナモア広島2階店,4.0,user_2390,広島駅のスターバックス
スターバックス コーヒー ミナモア広島2階店,1.0,user_2391,雨の週末よりもサービスが遅い
スターバックス コーヒー 宮島サービスエリア(下り線)店,5.0,user_2392,車中泊をしてカフェです 7時から開店 眺めよく 空気良く 夜明けも最高でした
スターバックス コーヒー 宮島サービスエリア(下り線)店,5.0,user_2393,テイクアウトしたんですが 店員さんもとても丁寧でした
スターバックス コーヒー 宮島サービスエリア(下り線)店,5.0,user_2394,綺麗な店員さんにどこからですか と聞かれて普通に福岡と答えてしまった 声真似で回答すればよかったと後悔 次回は声真似で回答します
スターバックス コーヒー 宮島サービスエリア(下り線)店,4.0,user_2395,小さな子供連れて行きました 鳥居のある大きな芝生のある公園でスタバで買ったコーヒーを飲みながらまったり遊びました 良い休日でした
スターバックス コーヒー 宮島サービスエリア(下り線)店,4.0,user_2396,すぐそばに見晴のいい場所がありました 高台から海を見て清々しくコーヒーを楽しむことが出来ました
スターバックス コーヒー 宮島サービスエリア(下り線)店,5.0,user_2397,週末に家族で行かせてもらっています 子どもを遊ばせながらゆっくり出来るのでお気に入りの場所です
スターバックス コーヒー 宮島サービスエリア(下り線)店,5.0,user_2398,私はジャンケンが強い あなた達よりもすごく強いので 私は男気ジャンケンで皆に奢ることが出来る と自分に言い聞かせ男気ジャンケンに参加しました 結果は敗北 友人から奢ってもらいました
スターバックス コーヒー 宮島サービスエリア(下り線)店,5.0,user_2399,島根 帰る時には 家族で必ずよります 味よし雰囲気最高 又行きますョ
スターバックス コーヒー 宮島サービスエリア(下り線)店,5.0,user_2400,パーキングで一息つける 眺めもよく テラスも晴れた日には気持ち良い 高速に入らなくてもいけるのでオススメ
スターバックス コーヒー 宮島サービスエリア(下り線)店,5.0,user_2401,宮島ＳＡ 下り線 は 宮島や周辺の瀨戸内景色が良い のんびり寛げる空間があり良い
スターバックス コーヒー 宮島サービスエリア(下り線)店,3.0,user_2402,宮島見えるし好きな場所です
スターバックス コーヒー 宮島サービスエリア(下り線)店,5.0,user_2403,テラス席がとても気持ちのいいスターバックス サービスエリア内を少し歩くと 厳島神社の鳥居が小さく見えます
スターバックス コーヒー 宮島サービスエリア(下り線)店,3.0,user_2404,外の景色を見ながらゆっくり飲めるし お店の店員さんも明るい方が多くて良かったです
スターバックス コーヒー 宮島サービスエリア(下り線)店,4.0,user_2405,天気も良く気持ちよかったです
スターバックス コーヒー 宮島サービスエリア(下り線)店,4.0,user_2406,スタバがあるなんて 最高のサービスエリア
スターバックス コーヒー 宮島サービスエリア(下り線)店,5.0,user_2407,宮島SAにあるお店です
スターバックス コーヒー 宮島サービスエリア(下り線)店,5.0,user_2408,眺めがいいSAにあるカフェです 愛想のいい店員さんの帰宅時の表情のギャップが楽しめます
スターバックス コーヒー 宮島サービスエリア(下り線)店,3.0,user_2409,パーキングで気軽に休憩出来て良い ここは バーキングのザワついた感じも無く 落ち着いて休憩出来る
スターバックス コーヒー 宮島サービスエリア(下り線)店,5.0,user_2410,高速宮島サービスエリアの下り 少し贅沢な気分にもなれ展望台から宮島を眺めながら休憩してください
スターバックス コーヒー 宮島サービスエリア(下り線)店,3.0,user_2411,宮島が一望できるＳＡ内にあります 犬を遊ばせたり 小さなお子さまとくつろいだりできる広いスペースが隣接しており 天気のいい日は最高です
スターバックス コーヒー 宮島サービスエリア(下り線)店,5.0,user_2412,江戸から明治にかけての歴史ある建物郡など綺麗に整備されていて良かったです
スターバックス コーヒー 宮島サービスエリア(下り線)店,5.0,user_2413,コーヒーを買います そのまま真っすぐ望遠鏡のある公園に歩いて宮島を眼窩にしながら飲むのはオススメ
スターバックス コーヒー 宮島サービスエリア(下り線)店,4.0,user_2414,広島方面へ行ったら 軽く立ち寄るのもあり 夜になると幻想的ですよ
スターバックス コーヒー 宮島サービスエリア(下り線)店,4.0,user_2415,SAというのもあるし19時台に訪れたのもあると思うが 空いていて店員も慌てず丁寧にドリンクを作ってくれて良かった
スターバックス コーヒー 宮島サービスエリア(下り線)店,4.0,user_2416,外にある喫茶コーナーが良い 犬連れでも ＯＫ
スターバックス コーヒー 宮島サービスエリア(下り線)店,5.0,user_2417,九州に行く時はここでだありんのコーヒーエネルギーをチャージします 笑
スターバックス コーヒー 宮島サービスエリア(下り線)店,5.0,user_2418,景色最高です 店員さんの対応も素晴らしい 今 を作ってますと状況を伝えてくれたのも良かった
スターバックス コーヒー 宮島サービスエリア(下り線)店,4.0,user_2419,店員さんも楽しそうでこっちも笑顔になりました いつも以上に美味しく飲めました
スターバックス コーヒー 宮島サービスエリア(下り線)店,5.0,user_2420,いつも目当てに寄るサービスエリアです もちろん他にも寄りますが 笑 景色も良いし 一息つくにはもってこいです
スターバックス コーヒー 宮島サービスエリア(下り線)店,4.0,user_2421,宮島SA内にあり広くて良かったです 外にテーブルと椅子が沢山あり 次は利用したいです
スターバックス コーヒー ミナモア広島2階店,5.0,user_2422,良いサービス
スターバックス コーヒー 宮島サービスエリア(下り線)店,5.0,user_2423,外の席は いい天気で安らぎます コーヒーも美味しい 眠くなった
スターバックス コーヒー 宮島サービスエリア(下り線)店,4.0,user_2424,SA内にあるが SAの建物とは別棟になっている SAからは宮島がよく見え 無料の望遠鏡が設置されている
スターバックス コーヒー 宮島サービスエリア(下り線)店,5.0,user_2425,たまにフラッとお茶しに行くのに良い場所 景色も良く気分転換に
スターバックス コーヒー 宮島サービスエリア(下り線)店,4.0,user_2426,広島県で人気のサービスエリアに有ります 祝祭日は駐車場が一杯で車を停めるのが大変です
スターバックス コーヒー 宮島サービスエリア(下り線)店,3.0,user_2427,鈴虫が店内にいて癒やされました
スターバックス コーヒー 宮島サービスエリア(下り線)店,5.0,user_2428,SAにスタバがあると嬉しさが段違い スタバがあれば寄ること間違いない
スターバックス コーヒー 宮島サービスエリア(下り線)店,5.0,user_2429,景色もよく ドライバーの皆さんの休憩にもってこいの場所です
スターバックス コーヒー 宮島サービスエリア(下り線)店,5.0,user_2430,景色が良いので休憩によく利用します ペット連れでもゆっくりと休むことができます
スターバックス コーヒー 宮島サービスエリア(下り線)店,5.0,user_2431,僕にとってはホームですね
スターバックス コーヒー 宮島サービスエリア(下り線)店,5.0,user_2432,見晴らしの良い広場が気持ちいいです 瀬戸内海が目の下に広がって気持ちいいです
スターバックス コーヒー 宮島サービスエリア(下り線)店,4.0,user_2433,定番 大型車だとSAに併設されているのはありがたい 通常の店舗だと寄れないので
スターバックス コーヒー 宮島サービスエリア(下り線)店,4.0,user_2434,沢山の人がここで休みます ワンコの水飲み場もあり大きなサービスエリアなのでスタバも便利
スターバックス コーヒー 宮島サービスエリア(下り線)店,3.0,user_2435,ここのSAは広いのでコーヒー買って外でのんびり景色ながめながら休憩できるので良い
スターバックス コーヒー 宮島サービスエリア(下り線)店,5.0,user_2436,飲み物やサンドイッチを購入してテラス席で食べると気分も良くとても解放感が感じられる
スターバックス コーヒー 宮島サービスエリア(下り線)店,3.0,user_2437,景色は良いけど 売店がショボイんよね もう少しなんか工夫が欲しい 観光地としては広島は良いけど 惜しい広島
スターバックス コーヒー 宮島サービスエリア(下り線)店,5.0,user_2438,とてもお店の人がやさしく ノリがとてもよかった そしてなによりもおいしーということで 5
スターバックス コーヒー 宮島サービスエリア(下り線)店,5.0,user_2439,小さなわんちゃん連れが多いので わんちゃんを遊ばせたり 緑が多くて眺めも最高な中で コーヒーが飲めます
スターバックス コーヒー 宮島サービスエリア(下り線)店,5.0,user_2440,瀬戸内海が一望に 愛犬の散歩に適していますので多い
スターバックス コーヒー 宮島サービスエリア(下り線)店,4.0,user_2441,平日に伺うとコーヒーの試飲を紹介されました
スターバックス コーヒー 宮島サービスエリア(下り線)店,5.0,user_2442,朝早い時間にテラス席を利用しました 周りの芝生が気持ちよさそう
スターバックス コーヒー 宮島サービスエリア(下り線)店,4.0,user_2443,高速に在る宮島ＳＡ 下り です見晴らしが良く素晴らしい所です
スターバックス コーヒー 宮島サービスエリア(下り線)店,4.0,user_2444,サービスエリア内 少し歩いた所から宮島が一望出来るスポットにある 休憩にはちょうど良い場所
スターバックス コーヒー 宮島サービスエリア(下り線)店,5.0,user_2445,宮島が見えるお店 高速に乗らなくても 裏から入れるので いいです
スターバックス コーヒー 宮島サービスエリア(下り線)店,5.0,user_2446,SAにあるスタバです 緑が多くて雰囲気の良いカフェです のんびり出来そうです
スターバックス コーヒー ミナモア広島2階店,1.0,user_2447,他に選択肢がなかったので 何年かぶりにスターバックスに行ってみました そして なぜ今までこのチェーン店を避けていたのかを思い出しました ここ最近で一番まずいカプチーノだったんです 二口飲んだだけで捨ててしまいました スターバックスは 本当に美味しいコーヒーが作れないんですね
スターバックス コーヒー 宮島サービスエリア(下り線)店,5.0,user_2448,芝生張りの広場の中にあるお店は解放感があり テラスで頂くのが最高です
スターバックス コーヒー ミナモア広島2階店,1.0,user_2449,世界中どこを旅しても スターバックスで水筒用の水を買っています お湯を出してくれなかったのは初めてです
スターバックス コーヒー 宮島サービスエリア(下り線)店,5.0,user_2450,ガラス張りで店内が見通せました 時間が無かったので店内には入っていません
スターバックス コーヒー ミナモア広島2階店,1.0,user_2451,世界で初めて行ったスターバックスでお湯が出ませんでした 日本の他のスターバックスでは問題ないのですが
スターバックス コーヒー 宮島サービスエリア(下り線)店,5.0,user_2452,犬がいても楽しめる環境がとてもリラックスできて人も犬もリフレッシュ出来るのがとても良かったです
スターバックス コーヒー 宮島サービスエリア(下り線)店,5.0,user_2453,もう飲めないと諦めてたバレンタイン第１段が飲めて大満足
スターバックス コーヒー 宮島サービスエリア(下り線)店,3.0,user_2454,雰囲気のいいお店 店員さんも明るいし親切 ただ 広島に店が少なすぎ
スターバックス コーヒー 宮島サービスエリア(下り線)店,4.0,user_2455,景色も サービスもよいです
スターバックス コーヒー 宮島サービスエリア(下り線)店,4.0,user_2456,朝いち入ってみた 元気に挨拶してくれてこれから運転して帰るのに元気が出た ありがとう
スターバックス コーヒー 宮島サービスエリア(下り線)店,4.0,user_2457,今日は何時もよりコーヒーが苦い用でした 雰囲気は何時もより良いようでした
スターバックス コーヒー 宮島サービスエリア(下り線)店,5.0,user_2458,高速移動中にスタバって いい感じです 普通に旨い
スターバックス コーヒー 宮島サービスエリア(下り線)店,5.0,user_2459,こんな場所にあるなんて 宮島からの帰りにひといき
スターバックス コーヒー 宮島サービスエリア(下り線)店,5.0,user_2460,店員さんが皆さん素敵な方ばかりでいつも和みます
スターバックス コーヒー 宮島サービスエリア(下り線)店,4.0,user_2461,美味しかった 店員さんが可愛かった 景色が良かった たださすが少し高かった
スターバックス コーヒー 宮島サービスエリア(下り線)店,5.0,user_2462,朝 7時からオープン ドライブ 朝ごはんにちょうどいいです
スターバックス コーヒー 宮島サービスエリア(下り線)店,5.0,user_2463,広いし 景色も良い この季節は最高の場所でゆっくりコーヒーが飲める
スターバックス コーヒー 宮島サービスエリア(下り線)店,5.0,user_2464,陽当たりも良いので外でも気持ちよく珈琲が頂けます
スターバックス コーヒー 宮島サービスエリア(下り線)店,4.0,user_2465,お店の先に鳥居があります そこまで歩いて行くと素晴らしい景色が望めます
スターバックス コーヒー 宮島サービスエリア(下り線)店,5.0,user_2466,テラスがよいと思います バリスタさんのホスピタリティーもよかったです
スターバックス コーヒー 宮島サービスエリア(下り線)店,5.0,user_2467,大人数の夕御飯の場所を快く提供いただきました ありがとうございます
スターバックス コーヒー 宮島サービスエリア(下り線)店,4.0,user_2468,犬連れは入れないので 外から眺めるしかない 勿体ない
スターバックス コーヒー 宮島サービスエリア(下り線)店,4.0,user_2469,ロケーションが良いですね
スターバックス コーヒー 宮島サービスエリア(下り線)店,4.0,user_2470,小さめの店舗ですが 珍しくSAにあります ドライブの途中で寄れるのが嬉しい
スターバックス コーヒー 宮島サービスエリア(下り線)店,4.0,user_2471,いつもお客さんが多いです ゆっくり時間が取れる時に寄りたい
スターバックス コーヒー 宮島サービスエリア(下り線)店,3.0,user_2472,宮島SAにある店舗 モーニングサービスもあるので活用するとドリンクのサイズアップになる
スターバックス コーヒー 宮島サービスエリア(下り線)店,5.0,user_2473,ここから見える景色は絶景なので コーヒー片手にリラックス出来ます
スターバックス コーヒー 宮島サービスエリア(下り線)店,5.0,user_2474,目の前に瀬戸内 宮島が一望 ロケーション抜群
スターバックス コーヒー 宮島サービスエリア(下り線)店,5.0,user_2475,スタッフさんの対応が良いので サービスエリアに寄った時は利用させてもらってます
スターバックス コーヒー 宮島サービスエリア(下り線)店,4.0,user_2476,すごく良いのですが 寒い日に外まで行列が出来てたのは辛かったです
スターバックス コーヒー 宮島サービスエリア(下り線)店,4.0,user_2477,宮島を眺めながらテラスで飲むのって最高です
スターバックス コーヒー 宮島サービスエリア(下り線)店,4.0,user_2478,広島だとここのスタバが一番景色も良くてゆっくりできます
スターバックス コーヒー 宮島サービスエリア(下り線)店,5.0,user_2479,朝7時オープンなのがうれしい
スターバックス コーヒー 宮島サービスエリア(下り線)店,1.0,user_2480,店員さんの対応が最悪で行列が出来ていた もっとスマートに対応すればいいのに
スターバックス コーヒー 宮島サービスエリア(下り線)店,4.0,user_2481,とにかくロケーションが良いです テラスで飲むコ ヒ は美味しいです
スターバックス コーヒー 宮島サービスエリア(下り線)店,5.0,user_2482,メインの施設からちょっと離れたところに 独立して建っていてテラス側から厳島を望めます
スターバックス コーヒー 宮島サービスエリア(下り線)店,5.0,user_2483,コーヒーこぼれて袋かえてもらおうとしたら コーヒーまであたらしいのに替えてくださいました
スターバックス コーヒー 宮島サービスエリア(下り線)店,4.0,user_2484,景色も最高
スターバックス コーヒー 宮島サービスエリア(下り線)店,5.0,user_2485,ロケーションも素敵で ペット連れてても外で飲めるのがいい
スターバックス コーヒー 宮島サービスエリア(下り線)店,5.0,user_2486,ペットとテラスで軽食ができサンドイッチもコーヒーも美味しく散歩に最適です
スターバックス コーヒー 宮島サービスエリア(下り線)店,5.0,user_2487,平日の朝は空いていて とても居心地の良い場所です
スターバックス コーヒー 宮島サービスエリア(下り線)店,5.0,user_2488,ゆったりとしていい場所ですよ
スターバックス コーヒー 宮島サービスエリア(下り線)店,5.0,user_2489,愛犬や子供たちとも立ち寄りやすい 子供にも優しいお店
スターバックス コーヒー 宮島サービスエリア(下り線)店,4.0,user_2490,ちょっと外に出れば 宮島の景色を眺めながら楽しめます
スターバックス コーヒー 広島三越店,5.0,user_2491,三越の2階にあります 三越内の他店舗が閉まった後でも ここは開いていて便利です 窓際席は路面電車を眺めながら寛げるので最高です
スターバックス コーヒー 宮島サービスエリア(下り線)店,4.0,user_2492,とにかくオシャレ ただ開店してすぐはけっこう並んでた
スターバックス コーヒー 宮島サービスエリア(下り線)店,4.0,user_2493,最高のロケーションでテラス席で飲むコーヒー ドライブで疲れた身体に最高
スターバックス コーヒー 宮島サービスエリア(下り線)店,5.0,user_2494,安芸の宮島がズームで確認できた
スターバックス コーヒー 宮島サービスエリア(下り線)店,3.0,user_2495,清潔感があり 店員さんも親切でした
スターバックス コーヒー 宮島サービスエリア(下り線)店,5.0,user_2496,他のスターバックスと変わらないけどそこがいい変わらず美味い
スターバックス コーヒー 広島三越店,4.0,user_2497,スターバックス マイストアパスポートスタンプ集めの旅 広島三越店 目の前の人がCV出た鬱
スターバックス コーヒー 宮島サービスエリア(下り線)店,5.0,user_2498,店員さん達がとてもフレンドリーで居心地が良かったです
スターバックス コーヒー 宮島サービスエリア(下り線)店,5.0,user_2499,犬と一緒にくつろげます ロケーションも良いよ
スターバックス コーヒー 広島三越店,4.0,user_2500,広島三越 2階のスタバです 窓から電車通りが見えます 椅子や調度品はさすが三越の中のお店かと思います
スターバックス コーヒー 宮島サービスエリア(下り線)店,5.0,user_2501,サービスエリア内の店舗とは思えない 居心地のよさと眺めのよさ
スターバックス コーヒー 宮島サービスエリア(下り線)店,5.0,user_2502,雰囲気の良いCOFFEEです
スターバックス コーヒー 宮島サービスエリア(下り線)店,4.0,user_2503,のどかな風景の中にあるショップです 昼間は長い列です
スターバックス コーヒー 宮島サービスエリア(下り線)店,5.0,user_2504,景色もよく接客も良いです 最高
スターバックス コーヒー 広島三越店,4.0,user_2505,スタバ巡り28 2023 10 1来店 焼肉の後 コーヒー飲みにスタバへ ここは娘御用達のスタバで 雰囲気がとても良いです 三越の2階にあるので 年配の方が多いかと思いましたが 意外に若い方ばかりでした 娘によると 比較的空いてて 勉強もできるとか なるほど こんな遅い時間でも そういう方たちちらほら居る感じでした この日は ネットでお薦めされてたキャラメルポップコーン プレッツェルを買ってみました 家で食べてみましたが キャラメルポップコーン旨し ネットではプレッツェルが塩気があって アクセントになってるってことだったけど 私的にはもう少し塩っぽい方が良いかな でも 止まらなくなる味です それとドリップコーヒー ミルクラテを飲みましたが 割とお安いのでびっくり いつもフラペチーノなので なんでも700円くらいするのかと思っていましたが 普通のコーヒーは割とコスパが良いんですね トールサイズのマグカップ 結構 量が入ってました たまには 普通の味も良いですね
スターバックス コーヒー 宮島サービスエリア(下り線)店,5.0,user_2506,景色が良いロケーションだからゆったりと楽しめる
スターバックス コーヒー 宮島サービスエリア(下り線)店,5.0,user_2507,ゆったりした雰囲気で晴れた日は最高です
スターバックス コーヒー 宮島サービスエリア(下り線)店,3.0,user_2508,何年ぶりかに スタバ行った 固いイメージがある
スターバックス コーヒー 宮島サービスエリア(下り線)店,4.0,user_2509,コーヒー買って最高の眺望を楽しんで下さい いつものコーヒーが
スターバックス コーヒー 宮島サービスエリア(下り線)店,3.0,user_2510,店員さん とても感じがよかったです
スターバックス コーヒー 宮島サービスエリア(下り線)店,5.0,user_2511,ピクミンを眺めながらフラペチーノを頂けます
スターバックス コーヒー 宮島サービスエリア(下り線)店,4.0,user_2512,店員さんがニコニコ明るくて気持ちがいいです
スターバックス コーヒー 宮島サービスエリア(下り線)店,5.0,user_2513,景色も良いし ワンちゃんも遊べます
スターバックス コーヒー 宮島サービスエリア(下り線)店,5.0,user_2514,眺めが良かった スタッフの対応もとても感じがよかった
スターバックス コーヒー 宮島サービスエリア(下り線)店,5.0,user_2515,テラスは開放的で緑に囲まれ最高でした
スターバックス コーヒー 宮島サービスエリア(下り線)店,5.0,user_2516,宮島も見れてスタバ前に鳥居もあります
スターバックス コーヒー 宮島サービスエリア(下り線)店,5.0,user_2517,街中と違いいいですね 癒やされます
スターバックス コーヒー 宮島サービスエリア(下り線)店,3.0,user_2518,学生 店員同士がおしゃべりしてるスタバは初めて
スターバックス コーヒー 宮島サービスエリア(下り線)店,4.0,user_2519,ワンコとテラス席でお茶できます フックもあります
スターバックス コーヒー 宮島サービスエリア(下り線)店,4.0,user_2520,運転の疲れの癒やし
スターバックス コーヒー 宮島サービスエリア(下り線)店,4.0,user_2521,どこの店舗も親切丁寧な対応をしてくれる
スターバックス コーヒー 宮島サービスエリア(下り線)店,4.0,user_2522,山口方面に行く時には 休憩にもってこいですね
スターバックス コーヒー 宮島サービスエリア(下り線)店,4.0,user_2523,安定のカフェ 目の前の芝生 遠目の海とロケーションは最高
スターバックス コーヒー 宮島サービスエリア(下り線)店,3.0,user_2524,景色の良い所で美味しいコーヒー飲めました
スターバックス コーヒー 宮島サービスエリア(下り線)店,4.0,user_2525,天気も良くて最高のカフェです
スターバックス コーヒー 宮島サービスエリア(下り線)店,5.0,user_2526,毎年旅行に行く途中で抹茶フラペチーノ飲んでます 美味しい
スターバックス コーヒー 宮島サービスエリア(下り線)店,5.0,user_2527,雰囲気良くスタッフｻﾝの対応も気持ちいいーし
スターバックス コーヒー 宮島サービスエリア(下り線)店,4.0,user_2528,前に広がる景色がとても良い 一見の価値あり
スターバックス コーヒー 宮島サービスエリア(下り線)店,5.0,user_2529,朝からの時間をゆっくりと 宮島を見ながらのコーヒータイムがサイコー
スターバックス コーヒー 宮島サービスエリア(下り線)店,4.0,user_2530,ロケ込みの 四つ
スターバックス コーヒー 宮島サービスエリア(下り線)店,5.0,user_2531,店員さんがとても笑顔で丁寧でした ありがとうございました
スターバックス コーヒー 宮島サービスエリア(下り線)店,3.0,user_2532,サービスエリアにあるとは凄いなー でも私はコーヒー飲めないからw
スターバックス コーヒー アーバンサイクルパークス広島店,3.0,user_2533,R8 4 10訪問 宇品海岸の アーバンサイクルパークス広島 内にあり4 1にオープンされた店舗 競輪とアーバンサイクルスポーツが融合する日本最大級の複合施設が誕生したとの事 ここにはサイクリスト向けホテルも併設されていて その隣にスタバもあり 偶然見つけたスタバ 4 8新作THE STARフラペチーノの5種類の内の１つを注文 ここのスタバは THE フラペチーノ of フルーツ オン トップ ヨーグルト with クラッシュ ナッツ だったので挑戦
スターバックス コーヒー 宮島サービスエリア(下り線)店,5.0,user_2534,見た目も綺麗で とても 美味しいです
スターバックス コーヒー 宮島サービスエリア(下り線)店,5.0,user_2535,景色がよい宮島SAに立地してます
スターバックス コーヒー アーバンサイクルパークス広島店,3.0,user_2536,笑顔で接客と丁寧で穏やかな言葉遣いでとても感じがよく カップで提供してもらったのですが 可愛いハートのラテアートをしてくださいました 駐車場が 60分しか無料じゃないのが残念なくらい 明るい店内にゆっくりまったり出来ました
スターバックス コーヒー 宮島サービスエリア(下り線)店,3.0,user_2537,モバイルオーダーが使えるので並ばなくていいのがいいです
スターバックス コーヒー 宮島サービスエリア(下り線)店,5.0,user_2538,愛想の良く手際よく気持ち良い接客でとても素敵
スターバックス コーヒー 宮島サービスエリア(下り線)店,2.0,user_2539,デミタスサイズでゆっくり味わう方が好き
スターバックス コーヒー 宮島サービスエリア(下り線)店,4.0,user_2540,宮島が眺められる場所でお茶できて最高
スターバックス コーヒー アーバンサイクルパークス広島店,5.0,user_2541,有料駐車場がすぐ目の前にあります 無料券を発行していただけるので60分は無料でした ゆっくりされたい方は ちょっと歩きますが向かいに無料駐車場があります
スターバックス コーヒー 宮島サービスエリア(下り線)店,3.0,user_2542,チェーン店のコーヒーショップ 高速道路のサービスエリア内に有ります
スターバックス コーヒー アーバンサイクルパークス広島店,4.0,user_2543,トイレに行くのにわざわざ外に出ないといけないのが不便 駐車場は 1時間無料だけど少なすぎる
スターバックス コーヒー アーバンサイクルパークス広島店,5.0,user_2544,近隣に新しく出来たホテルに宿泊した翌朝 敷地内にあるこちらのスタバへ こちらもオープンして間もないこともあり 店内がまだ新品の空気をまとっていて 木のテーブルもガラス面も清潔感が際立っています 朝8時という時間帯だったので店内はかなりゆったり 席も選び放題で 大きな窓のそばに座ると 外の広い空と整った敷地がそのまま一枚の風景になっていて いい朝だなと自然に思える環境でした スターバックスラテ Ｓ 419円 チキン チーズホットトルティーヤ 519円 温められたトルティーヤの生地は表面が軽く香ばしく 中からはとろけたチーズがしっかり主張 端のほうから少しあふれるチーズは幸せの象徴 見るだけで期待値が上がります 中のチキンはしっとりしていて トマト系のソースが全体をまとめる役割 朝食としてはきちんと満足感があります 片手で食べやすく 食べ進めるほどに中の旨味が増していくタイプで 後半のほうがむしろ美味しく感じました 晴れた朝 大きな窓から光が差し込み まだ人も少なく静かな空間 店員さんたちもにこやかで素晴らしい 一日に少し余白をつくるにはかなり優秀な一軒でした
スターバックス コーヒー 宮島サービスエリア(下り線)店,4.0,user_2545,店員さんの丁寧な接客で満足
スターバックス コーヒー 宮島サービスエリア(下り線)店,4.0,user_2546,ドライブがてらによく寄ってます
スターバックス コーヒー アーバンサイクルパークス広島店,5.0,user_2547,小じんまりしていて 今日は雨の影響か 未だ知られていないか お客さんが少なくて ゆっくりくつろげました 待ち時間無し お勧めです
スターバックス コーヒー アーバンサイクルパークス広島店,4.0,user_2548,開店したてで混雑もなく静かにゆっくりできます いくならお早めに
スターバックス コーヒー 宮島サービスエリア(下り線)店,5.0,user_2549,期間限定商品が売り切れていて残念でした
スターバックス コーヒー 宮島サービスエリア(下り線)店,4.0,user_2550,このSAからの景色が好きで必ず立ち寄ります
スターバックス コーヒー アーバンサイクルパークス広島店,5.0,user_2551,新しく出来たスターバックス たまたま通りかかったらあったので寄ってみることに 安定のスターバックスでした ただ 駐車場の清算の仕方が分からなかったです いただいたQRを照らすタイミングが難しかったです
スターバックス コーヒー 宮島サービスエリア(下り線)店,5.0,user_2552,宮島を観ながらリラックスできた
スターバックス コーヒー アーバンサイクルパークス広島店,5.0,user_2553,2026年4月1日オープン スタバ利用で駐車場60分無料
スターバックス コーヒー 宮島サービスエリア(下り線)店,4.0,user_2554,夜景も奇麗かったです
スターバックス コーヒー 宮島サービスエリア(下り線)店,4.0,user_2555,スイカのフラペチーノが美味しかったです
スターバックス コーヒー 広島三越店,5.0,user_2556,スターバックスがあるのは2階です 三越オープン前より早くお店が開きますか その時間帯の入店は路面電車が走るメインストリートの入口からのみとなります 八丁堀バス停前の入口ですね 路面電車な場合は胡町 もしくは八丁堀です オススメは席数6席のみの奥のソファー席 路面電車を2階から眺めながら飲むスタバのドリンクは各別です また最奥の席だとスタバのロゴも一緒に楽しめます
スターバックス コーヒー 宮島サービスエリア(下り線)店,3.0,user_2557,ホイップゆるかった 楽しみにしてた味だけに残念
スターバックス コーヒー 広島三越店,3.0,user_2558,三越の2Fにあるスタバ 平日12時ごろに利用しました 人も少なく居心地良いところだな と思いながらコーヒー飲みながら本読んでたんですが 12時半には地元の主婦たちの溜まり場になってました 周りを見渡しても客層の年齢もかなり高めです 若い人いないのでは と言った感じの店舗です 何よりコンセントが無いのが辛いです まぁターゲットが高齢だと思うので必要ないですが
スターバックス コーヒー 宮島サービスエリア(下り線)店,5.0,user_2559,ピクミンイベントしてました
スターバックス コーヒー 宮島サービスエリア(下り線)店,4.0,user_2560,ロケーションが良い 景色がいい場所です
スターバックス コーヒー 宮島サービスエリア(下り線)店,5.0,user_2561,ゆっくりとくつろげる場所です
スターバックス コーヒー 宮島サービスエリア(下り線)店,4.0,user_2562,笑顔がいーね 進め方が上手
スターバックス コーヒー 宮島サービスエリア(下り線)店,4.0,user_2563,高速道路で美味しいコーヒーが飲める ありがたい
スターバックス コーヒー 宮島サービスエリア(下り線)店,5.0,user_2564,店員さんの感じのがすごくいい
スターバックス コーヒー 宮島サービスエリア(下り線)店,5.0,user_2565,高速道路を運転して 疲れた体を癒してくれます
スターバックス コーヒー 宮島サービスエリア(下り線)店,5.0,user_2566,借景が素晴らしい ただし 売り切れ注意
スターバックス コーヒー 宮島サービスエリア(下り線)店,4.0,user_2567,とても対応が早く美味しいコーヒーでした
スターバックス コーヒー 宮島サービスエリア(下り線)店,4.0,user_2568,好きなスタバの１つです
スターバックス コーヒー 宮島サービスエリア(下り線)店,4.0,user_2569,眺めがいい場所で居心地いいね
スターバックス コーヒー 宮島サービスエリア(下り線)店,4.0,user_2570,ついつい寄りたくなるSAですね
スターバックス コーヒー 宮島サービスエリア(下り線)店,4.0,user_2571,ピクミンカフェがあります
スターバックス コーヒー 宮島サービスエリア(下り線)店,5.0,user_2572,周辺のパーキングではここしかない
スターバックス コーヒー 宮島サービスエリア(下り線)店,4.0,user_2573,店内スペースがほとんど無いのが辛い
スターバックス コーヒー 宮島サービスエリア(下り線)店,5.0,user_2574,宮島SAに寄った時は 行きます
スターバックス コーヒー 宮島サービスエリア(下り線)店,3.0,user_2575,店の外まで大行列でした
スターバックス コーヒー 宮島サービスエリア(下り線)店,5.0,user_2576,景色が素晴らしいスタバです
スターバックス コーヒー 宮島サービスエリア(下り線)店,5.0,user_2577,モバイルオーダーが早かった
スターバックス コーヒー 宮島サービスエリア(下り線)店,4.0,user_2578,ワンちゃんと一緒に行ける
スターバックス コーヒー 宮島サービスエリア(下り線)店,5.0,user_2579,テラスでゆっくりしたい
スターバックス コーヒー 宮島サービスエリア(下り線)店,4.0,user_2580,ロケーションが良いですね
スターバックス コーヒー 宮島サービスエリア(下り線)店,4.0,user_2581,ワンコの休憩がてらのコーヒーが旨い
スターバックス コーヒー 宮島サービスエリア(下り線)店,3.0,user_2582,可もなく付加もなく普通のスタバ
スターバックス コーヒー 宮島サービスエリア(下り線)店,3.0,user_2583,店舗はあまり広くない
スターバックス コーヒー 宮島サービスエリア(下り線)店,5.0,user_2584,店員さんみんな親切
スターバックス コーヒー 宮島サービスエリア(下り線)店,3.0,user_2585,少し離れた場所にあります
スターバックス コーヒー 宮島サービスエリア(下り線)店,5.0,user_2586,景色も見えて良い場所
スターバックス コーヒー 宮島サービスエリア(下り線)店,4.0,user_2587,なんと言っても場所が良い
スターバックス コーヒー 宮島サービスエリア(下り線)店,4.0,user_2588,景色も良かった
スターバックス コーヒー 宮島サービスエリア(下り線)店,4.0,user_2589,スタッフのファンになります
スターバックス コーヒー 宮島サービスエリア(下り線)店,5.0,user_2590,普通のスタバ 普通に美味しい
スターバックス コーヒー 宮島サービスエリア(下り線)店,3.0,user_2591,わざわざサービスエリアでスタバか
スターバックス コーヒー 宮島サービスエリア(下り線)店,5.0,user_2592,また行きたいです
スターバックス コーヒー 宮島サービスエリア(下り線)店,5.0,user_2593,コーヒ ワッフル美味しかった
スターバックス コーヒー 宮島サービスエリア(下り線)店,1.0,user_2594,立ち寄ったことがない
スターバックス コーヒー 宮島サービスエリア(下り線)店,2.0,user_2595,人気はあるが 高い
スターバックス コーヒー 宮島サービスエリア(下り線)店,5.0,user_2596,トッピングを聞いてくれた
スターバックス コーヒー 宮島サービスエリア(下り線)店,5.0,user_2597,スタッフさんがステキ
スターバックス コーヒー 宮島サービスエリア(下り線)店,5.0,user_2598,犬と一緒にひと休み
スターバックス コーヒー 宮島サービスエリア(下り線)店,3.0,user_2599,サービスエリア内にあります
スターバックス コーヒー 宮島サービスエリア(下り線)店,4.0,user_2600,芝生の中に建つスタバ
スターバックス コーヒー 宮島サービスエリア(下り線)店,5.0,user_2601,美味しいコーヒー ありがとう
スターバックス コーヒー 宮島サービスエリア(下り線)店,3.0,user_2602,サービスエリアにある普通のスタバ
スターバックス コーヒー 宮島サービスエリア(下り線)店,5.0,user_2603,下道から行きました
スターバックス コーヒー 宮島サービスエリア(下り線)店,4.0,user_2604,たまに利用する
スターバックス コーヒー 宮島サービスエリア(下り線)店,5.0,user_2605,景色のが良く落ち着く店
スターバックス コーヒー 宮島サービスエリア(下り線)店,4.0,user_2606,外の風景がとてもいい
スターバックス コーヒー 宮島サービスエリア(下り線)店,4.0,user_2607,感じが良い
スターバックス コーヒー 宮島サービスエリア(下り線)店,5.0,user_2608,見晴らしよいです
スターバックス コーヒー 宮島サービスエリア(下り線)店,5.0,user_2609,宮島が一望できます
スターバックス コーヒー 宮島サービスエリア(下り線)店,4.0,user_2610,抹茶のフラペチーノ最高
スターバックス コーヒー 宮島サービスエリア(下り線)店,5.0,user_2611,対応がとても素晴らしい
スターバックス コーヒー 宮島サービスエリア(下り線)店,5.0,user_2612,コーヒーはスターバックス 美味しい
スターバックス コーヒー 宮島サービスエリア(下り線)店,4.0,user_2613,ロケーションが良いですね
スターバックス コーヒー 宮島サービスエリア(下り線)店,5.0,user_2614,眺めが良い
スターバックス コーヒー 宮島サービスエリア(下り線)店,4.0,user_2615,ロケーションが抜群
スターバックス コーヒー 宮島サービスエリア(下り線)店,2.0,user_2616,普通
スターバックス コーヒー 広島三越店,5.0,user_2617,広島県広島市中区胡町にある スターバックスコーヒー 広島三越店 様 今回の広島への目的はデビューから大ファンの miletちゃん milet live tour stairs 2024 ラスト熊本 福岡 広島3Days参戦する為 リアルファイナルおかわり広島は本日開催 Live開演まで時間があるので広島観光を 宮島口からレンタカー で一度ホテルに戻り 徒歩で広島三越様へ 三越様で次は2つ目のミッションを miletちゃんは us B z様には STARS このカラーに似てるのでファンの間で大人気の スターバックスコーヒー Mela Me la を 期間限定は必ず飲みますがこれは1 2を争う位 私の中では大好きな感じ ファンではない方も是非飲んでほしいです お店はもちろん綺麗で広くて立派です スタッフ様は親切丁寧にご対応してくれました
スターバックス コーヒー 宮島サービスエリア(下り線)店,2.0,user_2618,高い
スターバックス コーヒー 宮島サービスエリア(下り線)店,4.0,user_2619,雰囲気がいい
スターバックス コーヒー 広島三越店,1.0,user_2620,ここの店員は 客のさばき方が下手すぎて ほんと ストレスが溜まる ある日は 私が注文していると 精神病風の女性がきて頼んでる横でずっと大声で自分の考えてることをノンストップで大声で喋り続け 怖いからその場を離れたことがあった 明らかに私も他の客も怖がってるんだから もう1個のレジで対応してくれれば良いものの 私が注文してるすぐ横でずっとギャーギャー言ってる のに普通に対応 その後も彼女は1人でノンストップで席につきながらずっと喋り続けていた とてもホラーな空間で不快だった また違う日も店員が2人 レジも2つあるのに ケーキをあれにするかこれにするか 迷い 挙句話も長い男がいて 2人でたらたらしゃべっている 列を作ってんのにもう1人の店員は何もしない そんなことが2回もあった 私がうんざりして待ってると その対応している店員が嫌な感じで睨んできた もう1人の店員は後ろで何かしらやってる 普通東京だったらそういうふうに混み合ってるなら さっと お次の方注文こちらでどうぞ といってさばいてくれる ほんと 広島は気が利かない店員がおおく イライラしてくる 三越の2階にあって道路を眺められる素敵な間取り 最初はすごく気に入っていたが 店員が気が利かなすぎるし 変なお客さんも 悪めだち 不快で注文できずにかえることがおおく 立地が良いんだから 改善してほしいと思う 最近は久しぶりに来るたびに残念なことばかりです
スターバックス コーヒー 宮島サービスエリア(下り線)店,4.0,user_2621,ゆったりとした所
スターバックス コーヒー 広島三越店,4.0,user_2622,三越二階にあり 友人と食品買い出し後で たまにお茶してます 美味しさと いつも満席ですが 利用しやすい
スターバックス コーヒー 宮島サービスエリア(下り線)店,3.0,user_2623,美味しかった
スターバックス コーヒー 宮島サービスエリア(下り線)店,5.0,user_2624,落ち着いたスタバ
スターバックス コーヒー 宮島サービスエリア(下り線)店,4.0,user_2625,愛犬の散歩
スターバックス コーヒー 宮島サービスエリア(下り線)店,5.0,user_2626,ロケーションが最高
スターバックス コーヒー 広島三越店,3.0,user_2627,三越の中にある店舗です 従業員も若い方が多くて 利用者も若い方が多かったです 私がいたときは 何人かの女性グループが大きな声で話して笑い声もあり 少し困りました 店員さんが少し注意してくれると良かったと思いました ただ 注文して商品をもらうときに 一言話をしてくれたので 良かったと思います デパートの中なので 学生が勉強するようなテーブルがなかったのも良い点ですね
スターバックス コーヒー 宮島サービスエリア(下り線)店,3.0,user_2628,ちょっと狭い
スターバックス コーヒー 宮島サービスエリア(下り線)店,5.0,user_2629,美味しかった
スターバックス コーヒー 宮島サービスエリア(下り線)店,4.0,user_2630,ロケーション抜群
スターバックス コーヒー ゆめタウン広島店,5.0,user_2631,スタバ大好きです ゆめタウンのスターバックスも他の店舗と同様の高いクオリティでおいしいドリンクをいただくことができます 桜フラペチーノをいただいたのですがやはりおいしかったです 接客もいい感じでした
スターバックス コーヒー 宮島サービスエリア(下り線)店,5.0,user_2632,美味しい
スターバックス コーヒー 宮島サービスエリア(下り線)店,4.0,user_2633,定番のスターバックスラテ
スターバックス コーヒー 宮島サービスエリア(下り線)店,4.0,user_2634,眺め最高
スターバックス コーヒー 広島三越店,5.0,user_2635,ここは比較的に品があって良き
スターバックス コーヒー 広島三越店,5.0,user_2636,ドリップコーヒー チョコレートチャンクスコーン 頂きました チョコレートスコーンのバターの風味のサクサク食感と温めて頂き ほんのりチョコレートが溶けて合わさる感じが大好きで ドリップコーヒーが最高の相棒です 広島三越店は窓から路面電車の見える先が特徴的で 至って静かな空間で落ち着きます とても美味しかったです
スターバックス コーヒー 宮島サービスエリア(下り線)店,4.0,user_2637,スタバです
スターバックス コーヒー ゆめタウン広島店,4.0,user_2638,私はグランマスカットフラペチーノ 友人はゆずシトラスティをオーダーしました カウンター越しに店員さんが笑顔でテキパキと接客してくださいました 平日の午後だったせいか 意外と席が空いていてラッキーでした 私はスタバのフラペチーノが大好きです 勿論マスカットのフラペチーノも最高に美味しかったです
スターバックス コーヒー 宮島サービスエリア(下り線)店,4.0,user_2639,スタバです
スターバックス コーヒー 宮島サービスエリア(下り線)店,3.0,user_2640,寛ぎのスペース
スターバックス コーヒー 宮島サービスエリア(下り線)店,5.0,user_2641,眺めよき
スターバックス コーヒー 広島三越店,5.0,user_2642,誕生日はネットクーポンをみんながくれる 仲間とブレイク 限定のフラペチーノ クーポンはドリンクのみ利用可とかあるので きをつけないといけない
スターバックス コーヒー 宮島サービスエリア(下り線)店,4.0,user_2643,気持ち良い
スターバックス コーヒー 宮島サービスエリア(下り線)店,5.0,user_2644,スターバックスコーヒー
スターバックス コーヒー ゆめタウン広島店,4.0,user_2645,イチゴのフラペチーノを購入しました 甘すぎず酸味も少し感じられ とても美味しかったです 見た目もかわいいので良い気分になりました 休日の昼過ぎに行きましたが とても混み合っていました
スターバックス コーヒー 広島三越店,4.0,user_2646,土曜日の正午ごろに行きました 偶然でしょうか まったく並ばずにオーダーできました スターバックスさんで並ばなかったのは これが初めてです ドリンク フードを受け取り 奥のテーブルに座ると 街行く人や自動車 バス 市電などを見下ろすことができます お店に着くやいなや 場所取りに走るお店が多いなかでそんな必要もなく くつろげる時間をいただけました スターバックスさんの支払いはスターバックスカードもしくはアプリがお得だと思います
スターバックス コーヒー 宮島サービスエリア(下り線)店,3.0,user_2647,まあまあ
スターバックス コーヒー ゆめタウン広島店,5.0,user_2648,閉店5分前 お片付けされてるようなのでダメかな と思いましたが 笑顔で まだ9時になってないので大丈夫ですよ と迎えてくださいました どこのスタバに行っても ギリギリでもちゃんも接客してくれるのはさすが人気店です ゆめタウン広島の1階奥にあるスターバックス 駐車場は 無料のゆめタウン駐車場 素敵な接客には毎回頭が下がります
スターバックス コーヒー 宮島サービスエリア(下り線)店,5.0,user_2649,おしゃん
スターバックス コーヒー ゆめタウン広島店,4.0,user_2650,今日から新発売のミルフィーユフラペチーノを飲みました 甘くて美味しい安定のスタバ 注文してから出来上がるまでの時間が結構かかり長い列でした 席数が多いわけではないので平日でも比較的席が埋まっています
スターバックス コーヒー 広島三越店,5.0,user_2651,八丁堀のど真ん中で 繁華街の流川のすぐそば バス停 電停も目の前にあるため 時間合わせに利用するにはとてもいいです デパート三越の2階にお店が入っているので 周りも静かでくつろげる感じでした お邪魔したのは平日の15時頃でしたが 店内は広くお買い物に寄られた複数のグループがお話しに花を咲かせている感じで 席にはまだまだ余裕がありました 店員さんの接客もスターバックスらしくフレンドリーで良い感じでした 穴場なスタバを見つけたなと思いました
スターバックス コーヒー 宮島サービスエリア(下り線)店,5.0,user_2652,ピクミンのコーナーが所々ありとても可愛いです
スターバックス コーヒー ゆめタウン広島店,5.0,user_2653,日曜日のお昼に通りかかり 混んでいなかったので寄りました 店員さんみなさんとても感じが良かったです 娘のような年齢の方ががんばっておられるのを見て なんだか嬉しくなりました ギフトチケットを使用したのですが チケット金額に満たないことに気づいてくれて 金額に合うようなカスタムをおすすめしてくれました ご本人はこちらを見ていないかな 伝わらないかもしれませんが とても美味しかったです ありがとう スタバの中でもお気に入りの店舗になりました また伺います
スターバックス コーヒー 広島三越店,3.0,user_2654,旅行で広島に訪れましたが 各地で少しずつ違うスターバックスで休憩するのも結構好きだったり 意識高い店員さんや客さんを人間観察しながら安定のコーヒーを堪能するのも楽しいです
スターバックス コーヒー 宮島サービスエリア(下り線)店,5.0,user_2655,博多に行くまでのドリンクGETしに寄りました お姉さんかわいい トイレがPA用しかなくて遠いのがダルいかな 土地を贅沢に使った自然とのハーモニーがここでは体験できる
スターバックス コーヒー ゆめタウン広島店,4.0,user_2656,ゆめタウン広島での買い物と併せて来店 他のスターバックスとは特筆するほどの特徴はないが 清掃や座席の数などは整っており ゆめタウン自体のソファーもあるため 休憩するのにはとても良い場所です ゆめタウンの入り口から真反対の店の奥側にあるので 初めての場合は地図をみた方が迷わなくていいです
スターバックス コーヒー 広島三越店,4.0,user_2657,スタバ の穴場的場所 開店は８時で店舗としては小規模 でもゆっくりまったりは他の店舗に負けません 一度お試しを
スターバックス コーヒー 宮島サービスエリア(下り線)店,4.0,user_2658,サービスエリアの敷地の端からは眺めがよいのですが 店内から同じ景色が見られるわけではありません こじんまりした きれいなお店ですが テイクアウト 外を歩いて景色を眺める 車に戻る という人が多かったように思います
スターバックス コーヒー 宮島サービスエリア(下り線)店,4.0,user_2659,一般道にも20台位駐車できるパーキングがあるので便利 天気が良い日は景色がよくお茶ができる
スターバックス コーヒー 宮島サービスエリア(下り線)店,5.0,user_2660,ピクミンテラスが３月末で終了なので行って来ました 店内はあまり広くないですが テラスや広場で飲食できるので気温が良ければ快適です 今日は桜が咲いていて良かったです 宮島も見えますが 今日は曇りなのでうっすらと見えました
スターバックス コーヒー 宮島サービスエリア(下り線)店,1.0,user_2661,こちらはスタバと思って入ってはダメです 商品について聞くとイヤな顔をされ 可愛いマークやコメントをカップに書いてもらえるということはないです
スターバックス コーヒー 宮島サービスエリア(下り線)店,5.0,user_2662,雰囲気が平和で清潔なカフェです カフェの中から景色の良いピクミンテラスを楽しめます 店長に見えるマネージャーの方とスモールトークをしましたが 韓国の方なのかと嬉しかったです 店長さんもソウル聖水を娘さんと一緒に旅行に行ってきたと言ってくれて 宮島SAスターバックス最高 ありがとうございます
スターバックス コーヒー 宮島サービスエリア(下り線)店,4.0,user_2663,宮島の景色が一望できる絶好のロケーション 芝生の広場で遊んだり 休憩したり 犬の散歩をしたりできます 4月上旬には美しい桜が咲きます Wi Fiも良く 屋外席も快適です 特にコロナ禍の今 このカフェの周りにもっと日陰のある屋外席があると嬉しいです vegan ドリンクは StarbucksJapanでもこちらでも全般的にOKですが plantbasedfoods はありません アレルギー表示は日本語のみですが 明確に表示されています 更新 2021年4月現在 vegan サンドイッチとスイーツが一部提供されていますが ポテトチップス以外にはヴィーガンオプションはありません ベジタリアンソイバーガーフォカッチャは美味しかったです 冷たい飲み物やテイクアウトのホットドリンクにはまだ大量のプラスチックが使われています 使い捨てのプラスチックストローと蓋もまだ使われています もっと改善されるべきです 日本のスターバックスは スタバというニックネームで呼ばれていますが 店内は以前よりずっと清潔で 快適に過ごせるようになっているので きっと気に入っていただけると思います これは間違いなくプラスです 飲み物はフォーヒアカップで頼めば 素敵なマグカップがもらえて ゴミも減ります
スターバックス コーヒー 宮島サービスエリア(下り線)店,5.0,user_2664,ピクミンテラスを見に行ったバスを待っている間 休みに行ったスターバックス フレンドリーな上司のおかげでリラックス
スターバックス コーヒー 宮島サービスエリア(下り線)店,5.0,user_2665,休憩所の中にひっそりと佇むスターバックス その隣にはミニチュアの天空の祠まであるなんて 本当に休憩所なのかと疑ってしまうほど この辺りに来ることがあったら ぜひ立ち寄って見てみてください
スターバックス コーヒー 宮島サービスエリア(下り線)店,4.0,user_2666,高速道路を通って訪れることができる休憩所の片側にいました
スターバックス コーヒー 宮島サービスエリア(下り線)店,5.0,user_2667,アメリカのスターバックスよりも良いものがたくさんあり さらに自撮り写真の像があるピクミンストアもありました
スターバックス コーヒー 宮島サービスエリア(下り線)店,5.0,user_2668,楽しく過ごせる場所で スタッフもフレンドリーで親切です
スターバックス コーヒー 宮島サービスエリア(下り線)店,5.0,user_2669,素晴らしいフレンドリーなサービス 美味しいホットチョコレートをいただきました
スターバックス コーヒー 宮島サービスエリア(下り線)店,5.0,user_2670,素晴らしいサービス 素敵な場所 すべてが最高です 美味しいコーヒーとフラペチーノも言うまでもありません
スターバックス コーヒー 宮島サービスエリア(下り線)店,3.0,user_2671,高速道路のサービスエリア内にあるスターバックス 宮島を一望できるのが魅力で サービスエリア自体にも小さな鳥居があり 観光名所となっています もちろん 非常に混雑していて 行列に並ばなければならないこともデメリットです
スターバックス コーヒー 宮島サービスエリア(下り線)店,5.0,user_2672,かなりきれいで抹茶を食べましたが おいしいです
スターバックス コーヒー 宮島サービスエリア(下り線)店,5.0,user_2673,アメリカンサイズのカフェで 品揃えも豊富です 有料道路沿いなのでアクセスも抜群です 美味しいですよ
スターバックス コーヒー 宮島サービスエリア(下り線)店,4.0,user_2674,コーヒーを飲みながらリフレッシュできる素敵な場所です
スターバックス コーヒー 宮島サービスエリア(下り線)店,4.0,user_2675,たくさんのギフトが買えて 温かい飲み物や冷たい飲み物を買える自動販売機もありました
スターバックス コーヒー 宮島サービスエリア(下り線)店,4.0,user_2676,広島限定スターバックスカードが販売開始
スターバックス コーヒー 宮島サービスエリア(下り線)店,5.0,user_2677,休憩エリアが本当によく更新されています
スターバックス コーヒー 宮島サービスエリア(下り線)店,5.0,user_2678,素晴らしい
スターバックス コーヒー 広島三越店,4.0,user_2679,広島三越の2階に入ったスタバです 広々としていて居心地良いと思います 大抵混んでいますが 午前中早い時間ならのんびりできます
スターバックス コーヒー ゆめタウン広島店,5.0,user_2680,コチラの店舗は久しぶりです 私の特殊な注文に機転を利かせてすぐに対応してくれたお姉さんありがとう 話が早いと気持ち良い 美味しいかったです ドリンク待ちの列の方向かおかしかったけと今日たまたまなのかな
スターバックス コーヒー 広島三越店,4.0,user_2681,広島三越2階内にあるので 買い物の休憩に利用しました かなり席もあり ゆったりと寛ぐことができました 客層も年配の方が多いので 店内は静かです 商品はスタバのものと 味がわかっているので 安心して食べることができました
スターバックス コーヒー 広島三越店,5.0,user_2682,朝早い時間から開店しているので とても便利に利用しています 新メニューが出ると１番に行きます
スターバックス コーヒー ゆめタウン広島店,5.0,user_2683,ドリップコーヒー 頂きました こちらゆめタウン広島店はオープンカフェの様にお店の外にも席があり ゆめタウンの座席も多数あるので 店内が多い時でも寛げる感じが良いです 店員さんも明るく丁寧です コーヒーは本日も美味しかったです
スターバックス コーヒー ゆめタウン広島店,4.0,user_2684,スタバ巡り21 2021 10 29来店 皆実町の夢タウンは ほんとにお世話になってて お気に入りの洋服屋さんや靴屋さんがあるので よく行くのですが スタバはこんなにずっと行ってないのですね 今 遡ってみてびっくりしました
スターバックス コーヒー ゆめタウン広島店,3.0,user_2685,日曜日の夕方に伺いました テーブルなど定期的に清掃されていました 伺ったときは比較的 空席がありました オーダーで並ぶ人数よりドリンクの受け取りで並ぶ人数の方が多いのは 他の方のクチコミにありましたが タイミングによってはそうかもしれません オーダーしたのがドリップコーヒーだったので 受け取りに並ぶ必要はありませんでした ドリップコーヒーを登録したスターバックスカードで購入すると その日の営業時間内であれば どの店舗でも2杯目が108円 持ち帰り 110円 店内 になるので 時々利用しています
スターバックス コーヒー ゆめタウン広島店,3.0,user_2686,ショッピングモールの中にあるスターバックスになります 特に特筆する点はるない普通のお店ですね
スターバックス コーヒー ゆめタウン広島店,2.0,user_2687,またストロー入れ忘れ コレで3回目 雰囲気も対応もいいのになぁ 残念 今度から自分で確認するを心がけるべし
スターバックス コーヒー ゆめタウン広島店,4.0,user_2688,限定フラペチーノは やはり美味しいです 流石はスタバ ただ やはりお値段が もっと安かったら良いのにな _ この店は 夕方は割と空いてるので ゆっくり出来ます
スターバックス コーヒー ゆめタウン広島店,4.0,user_2689,皆実町のゆめタウン広島の１階のスタバです 専門店街の奥にあるので比較的静かなお店です
スターバックス コーヒー ゆめタウン広島店,4.0,user_2690,ゆめタウン1階の奥まった所にある小さ目の店舗です 接客は他のスタバと変わらず明るく対応して頂きました いつものカフェ アメリカーノを浅煎りに変更しアイスで注文 浅煎りは酸味が際立つので 苦味が苦手の方にはオススメです
スターバックス コーヒー ゆめタウン広島店,2.0,user_2691,スタバにしてはスタッフの接客が少し残念なお店 何か 清潔感の無いスタッフが多いような
スターバックス コーヒー ゆめタウン広島店,1.0,user_2692,フラペチーノにのってるクリームがゆるかった 緩いのでと一度スプーンですくって捨てられて新たなクリームをのせられたがそれも緩く 今まで数え切れないくらい飲んでいるがこんなのは初めててﾋﾞｯｸﾘです 子どもに購入したが安い飲みものではないので今後このようなことがないようにして頂きたいです
スターバックス コーヒー イオン宇品店,5.0,user_2693,ドリップコーヒー アップルクリームチーズロール 頂きました アップルクリームチーズロールの甘味と風味が優しく彩り ドリップコーヒーの苦味との相性良くて やはり良いお供です イオンモール宇品店は広い店内の席と 外側にもテラス席的な席もあります 落ち着いたトーンの店内と店員の丁寧な対応で ゆっくりと良いひと時を過ごせます とても美味しかったです
スターバックス コーヒー イオン宇品店,5.0,user_2694,店は落ち着いており 店員さんの笑顔が素敵でした また 商品の説明も丁寧にされており 好感度が高いお店です
スターバックス コーヒー イオン宇品店,5.0,user_2695,ここ初めて来ました 空いててサクッと買えて良かったです いつもなら一度は断られるオーツミルクORDERだが ここはなぜか出来ますよ って言われた
スターバックス コーヒー イオン宇品店,4.0,user_2696,メロン が好きなので あんまりスタバには行かないのですが行きました しかし メロンの生クリームがなくて普通の生クリームにメロンのシロップ をかけるとのこと 品切れらしいです なら値段を下げるべきですよね と店員さんと笑いながら話しをしました 店員さんはとても感じの良い方でしたので ついつい スタバはいつも混んでいますが今日は混んでいなくてゆっくり過ごせました
スターバックス コーヒー イオン宇品店,5.0,user_2697,苦味が得意じゃないので 夏はカフェ アメリカーノ アイス の豆浅煎りを注文してます フルーティーな酸味が夏にぴったりです シュガードーナツはモチモチの生地で安定の美味しされ 山梨ぶどうフラペチーノ 甘みの中に酸味がかんじられ美味しい ここのスタバは比較的に並ばずに注文出来ます 平日はさらに穴場です
スターバックス コーヒー イオン宇品店,4.0,user_2698,平日でしたが 人はそんなに多くなくのんびり出来ました
スターバックス コーヒー イオン宇品店,4.0,user_2699,南区のイオン宇品のスタバです １階にあります 店内はそれほど広くありませんが 落ち着いた雰囲気で 平日はお茶できます
スターバックス コーヒー イオン宇品店,1.0,user_2700,ホイップなし 無脂肪ミルク シロップなしでオーダーしたらレジの人が作る人になんか慌てて伝えてて普通にシロップ入ってて最悪だった 確認したらシロップなしのオーダーになってなかった ここではモバイルオーダーにした方が良いかも
スターバックス コーヒー イオン宇品店,5.0,user_2701,久しぶりに行きました イチゴとゼリー入のフラップ頼みました 美味しかったです この場所は本当に落ち着く所です STAFFの方々も 面白くて気配りできる方達で 楽しく語らいました 私が １５年くらい前発行ののスタバカードが使えるか 確認してもらいました しっかり使えることを確認してもらいました 残高も残っていて 楽しめますよとのSTAFF言は素敵な言葉でした
スターバックス コーヒー イオン宇品店,2.0,user_2702,前行った際に 注文が多かったせいか レジの黒髪の女性の店員さんが あまり笑顔がなく塩対応に感じてしまって残念な気持ちになった
スターバックス コーヒー イオン宇品店,1.0,user_2703,店内でモバイルオーダー注文 名前も呼んでくれず受け取り台の奥側に置いていたため無駄に待たされた 名前くらい呼べよ
スターバックス コーヒー イオン宇品店,2.0,user_2704,お客さんが少なくてもドリンク出るまで時間がかかる店舗です 3回中3回とも 時間ある時なら寄りますが
スターバックス コーヒー イオン宇品店,3.0,user_2705,スターバックスコーヒー イオン宇品店さん 近くの取引先に伺う前に時間があり伺いました コールドブリューコーヒー tall を戴きました 真夏の午後 一番暑い時間の アイスコーヒーはとても美味しいです
スターバックス コーヒー イオン宇品店,3.0,user_2706,並ばずに買えるスタバといえばここ 席も比較的空いてる
スターバックス コーヒー イオン宇品店,4.0,user_2707,小さめの店舗で 店員さんはみなさん感じがいいです 買い物帰りに一人でひと息つく時に寄ることが多く ガラスの壁の外側の席がお気に入りです
スターバックス コーヒー イオン宇品店,1.0,user_2708,モバイルオーダーでカスタマイズを間違えられた 甘くないのが飲みたくてノンシロップにしたのに シロップ入り Ventiでやられたのがほんと辛かった この店は持って帰る前に 店頭で一口飲んで確かめないとダメですね
スターバックス コーヒー イオン宇品店,5.0,user_2709,いちご の新作を夫と飲みました 初めてモバイルオーダーしましたが 店員さんも優しくて良かったです
スターバックス コーヒー イオン宇品店,5.0,user_2710,他の店に比べ店員さんに落ち着いた雰囲気があり 寄りやすいスタバでした
スターバックス コーヒー イオン宇品店,5.0,user_2711,1ヶ月１回程度来店しています いつも最高の対応をありがとうございます 笑顔が最高おもてなしの気持ちが伝わってきて いつも来店後気持ちがあたたかくなって 幸せな気分で帰っています
スターバックス コーヒー イオン宇品店,3.0,user_2712,イオンモール内のふつうのスターバックス アクセスには路面電車が便利です
スターバックス コーヒー イオン宇品店,5.0,user_2713,美味しい かわいい オシャレ 雰囲気最高 綺麗 いろんな種類がある
スターバックス コーヒー イオン宇品店,4.0,user_2714,店員さんの接客 笑顔良かったのと壁の絵画が素晴らしかったです
スターバックス コーヒー イオン宇品店,4.0,user_2715,いつもオススメを頂いています 桜シリーズ2つとも美味しかったですよ 今回は ウインナーのパンと エビとアボカドの巻いたのをいただきました パン美味しかったです また行きま す
スターバックス コーヒー イオン宇品店,4.0,user_2716,スタバです 時間も遅く この店舗だからか 全然人が少なかったです
スターバックス コーヒー イオン宇品店,4.0,user_2717,行列必須のスターバックスだけどここは空いていてゆっくり出来ます
スターバックス コーヒー イオン宇品店,4.0,user_2718,土曜日のお昼 結構空いてました 待ち時間なしで利用できました
スターバックス コーヒー イオン宇品店,4.0,user_2719,スタッフがきびきびした対応で良かった カスタマイズのアドバイスも良かった
スターバックス コーヒー イオン宇品店,5.0,user_2720,たくさんのスタバに通ってきましたが この店舗が1番スタッフさんの対応も雰囲気も良く お気遣いも素晴らしいです みなさんのお人柄が素晴らしいなと思います 毎日たくさんの仕事に追われて息をつく間もないですが ここのスタッフさんの笑顔を見るだけで 心が癒されます いつも本当にありがとうございます
スターバックス コーヒー イオン宇品店,4.0,user_2721,自宅で飲むコーヒー豆を買いに行きます 混み合ってない時間帯だと好みを伝えるとオススメの豆を教えてくれ全部ではないけど試飲出来ます さすがスタバと思う位対応はしっかりしています 時間帯にもよりますがとても感じの良い店員さんが居て親切丁寧です 私はやっぱりスタバが安定の美味しさです
スターバックス コーヒー イオン宇品店,5.0,user_2722,平日でもスターバックスってどこも混んでいるイメージですが こちらはかなり空いてました お店は困るでしょうが味は一緒だし使用する側だと席が選び放題のスターバックスはすごく快適でした
スターバックス コーヒー イオン宇品店,5.0,user_2723,今日はチョコに合うコーヒー と店員さんが紹介してくれました
スターバックス コーヒー イオン宇品店,5.0,user_2724,久々に お邪魔をしました ここは現在 施設に入っている母と買い物に来た時 よく 母を１人 ここに残して買い物を済ませるとき お願いをしておりました お忙しいのに 母をお願いさせて頂きスタッフの方々の お心遣いに今でも 感謝を致しております スタッフの皆様の笑顔と伝わってくる優しさにホッっとするスペースです 飲み物も 食べ物も 美味しいです
スターバックス コーヒー イオン宇品店,3.0,user_2725,珈琲やパンはまあまあ美味しいけど 店がいつも混んでいるので あまり来店したことがありません 珈琲は 特にアメリカーノが美味しかったと思います
スターバックス コーヒー イオン宇品店,5.0,user_2726,オシャレひとときを 過ごせます o b
スターバックス コーヒー イオン宇品店,5.0,user_2727,10年ぶりにスタバへ立ち寄りました 少し前にyoutuberさん方が スターバックスの流儀 スターバックスで注文して良い物 わからないけど ｪ こちらのスターバックスさんはイオン宇品店内の1階にあります イオン宇品店の入口付近に イオン宇品で買い物したあとの休憩 待ち合わせのスポット 的な雰囲気感じがしました 店内の広さも大きくない 席に座って 今流行のドリンクを飲みながら 店内併設の無料のwifeを利用しながらYouTubeを見る 店内はコロナウィルス対策もなされております 普段はイオン店内で購入した紙パックのコーヒーを1階の無料休憩所で飲みますが コーヒー専門店で飲む スペシャルな味わいもこれまたうまいと思いました お会計はイオンクレジットでお支払いしました 店員さんもお客さんも不慣れな私に親切にしてもらい感謝するばかりです ありがとうございます
スターバックス コーヒー イオン宇品店,4.0,user_2728,月に3回くらい行きますが いつ行ってもスタッフの笑顔が素敵です お客さんは勉強をしている人 仕事をしている人 おしゃべりしている人と様々ですがマナーが悪い人は少ない印象 イオン入店時に寄って 帰りにワンスモアでもう一杯がパターンです
スターバックス コーヒー イオン宇品店,1.0,user_2729,レジ二つあるのに開けないし 開けたと思ったら現金非対応 二つあるなら両方対応にしろ
スターバックス コーヒー イオン宇品店,5.0,user_2730,イオン 宇品店の1階にあり お買い物終わって ちょっと紅茶で一服したいな と思った時に のんびり出来るのが良いと思います コーヒーは 飲まないので柚子シトラスティーを飲みました 温かくて ほっと癒やされます 私の一服 良し 気合いを入れて 帰宅したら色々な家事をしましょ と オンオフが出来る私の憩いのお店になってます スーパーの中にあるのですが ここは静な雰囲気ですので コーヒー片手にお勉強されている方もチラホラ お仕事等のお話をされている方も 普段コーヒーを飲まないので スターバックス自体には行かないのですが スーパーの中にあるので ふらっと寄ってみようかな と 思えます
スターバックス コーヒー ゆめタウン広島店,4.0,user_2731,こちらのスタバは少し狭めです スイカフラペチーノは 最初はスイカを感じますが 後味はメロンでした でもキウイの果肉も入っていてサッパリ爽やかな味でした
スターバックス コーヒー イオン宇品店,5.0,user_2732,月に1回墓参りしてます お弁当を買います どれも美味しいです 580円位でした
スターバックス コーヒー イオン宇品店,4.0,user_2733,そんなに混雑していない感じ まったり 出来る
スターバックス コーヒー イオン宇品店,1.0,user_2734,アップルパイを温かくて今１でした やっぱりアップルパイは 皮がパリパリして食べる方が美味しいです アップルパイは普通温かくして食べますか それに１個なのに2個になって 温かくしていたときに気が着いた時には もういいやと思った
スターバックス コーヒー イオン宇品店,2.0,user_2735,モバイルオーダー カスタマイズ間違えてるから引き返して それを伝えても憮然とした態度 接客最悪 せめて すみません くらいは言って欲しかった よく行ってるけど もう行きたくなくなった
スターバックス コーヒー イオン宇品店,5.0,user_2736,テイクアウトで利用しました 店員さんの感じも良くて 他の店舗に比べると比較的空いてるので利用しやすいです
スターバックス コーヒー イオン宇品店,5.0,user_2737,ガラス壁の中にあった座席を外側に出して席間隔を開けているので ひろびろ 時間がポッカリ開いたら 珈琲を飲みつつ手帳を広げてノンビリタイム 地域性なのか 密 になろうとすると 譲り合い があって ゆっくり空間が保たれています クルマで立ち寄りますが 広い駐車場があるので 寄りやすいです
スターバックス コーヒー イオン宇品店,4.0,user_2738,雨が降っていて寒かったためか お客が少なかったが接客は良かった その日はフードのみを購入したが サービスで小さめの紙コップにホットコーヒーをサービスでくれた
スターバックス コーヒー イオン宇品店,4.0,user_2739,市内にいくつかあるスタバの中でも 比較的空いていて 長くいても居心地よく過ごせる 天井が高いのも解放感があっていい イオン宇品の１階入口付近なので 冬場は出入りする人がいると風が入ってきて 少し寒い席もある
スターバックス コーヒー イオン宇品店,5.0,user_2740,いつもお客さんが多いですが 比較的 夕方遅めの時間は空いていてゆっくり出来ます 店員さんも皆さん感じが良くていいですね
スターバックス コーヒー イオン宇品店,5.0,user_2741,イオン宇品東側入口に入って直ぐ左手側に店舗が見えます コーヒータイムは勿論ランチタイムにもサンドイッチなどの軽食もあり常にお客さんが居ますが待ち時間無しで座れます 買い物帰りに一息つける場所です
スターバックス コーヒー イオン宇品店,5.0,user_2742,新作のミルクコーヒー 先行でいただきました 豆乳変更も無料になったので早速 カスタマイズしました
スターバックス コーヒー イオン宇品店,5.0,user_2743,東雲のところと違ってそんなに混んでないです スタバ行きたいー 東雲のドライブスルー激混みで近所迷惑だからか並ぶことも許されずーな時はここまで遠征します 勉強してる学生さんなども何人かいます
スターバックス コーヒー イオン宇品店,5.0,user_2744,居心地が良い 地元に密接してるのか ご年配の方もいらして スタバ初心者ですが怖くなく入れます 店員さんも優しいです
スターバックス コーヒー イオン宇品店,4.0,user_2745,他のスタバに比べてお客が少ないです なので待ち時間も少ないです 店員さんの愛想はgoodです
スターバックス コーヒー イオン宇品店,5.0,user_2746,段原店では売り切れていた新作フラペチーノですが こちらの店舗では残っていました 場所柄 他の店舗ほど混んでいないのでゆっくりしたい時など良いです
スターバックス コーヒー イオン宇品店,2.0,user_2747,最近 いいお店が全部なくなっているので 買う物がない 店員さんが いらっしゃいませ さえ言わない
スターバックス コーヒー イオン宇品店,5.0,user_2748,スタバはやはりどこに行ってもサービスが良いですね 買い物ついでや途中休憩で立ち寄ります 休日の落ち着いたひと時が幸せです
スターバックス コーヒー イオン宇品店,5.0,user_2749,とにかく美味しかったです
スターバックス コーヒー イオン宇品店,5.0,user_2750,スタッフさんいつも笑顔でありがとうございます みなさん素敵な笑顔で接客されています
スターバックス コーヒー イオン宇品店,5.0,user_2751,仕事終わりにたまに行きます ホワイトモカしか頼まないけど疲れた体にはあの甘さとホイップクリームがたまりません
スターバックス コーヒー イオン宇品店,4.0,user_2752,イオンの中にあるスタバ 他の店舗よりお客様は少なくて 特に平日はお客様が少なくてゆっくり過ごせる場所
スターバックス コーヒー イオン宇品店,4.0,user_2753,たまーに 家内と 行きます 値段が高い とても美味しい
スターバックス コーヒー イオン宇品店,5.0,user_2754,いつもエクストラホイップ頼んでも少ない時が多く萎えてましたがミヤマさんって方の対応が神すぎてディズニー居る気分でした
スターバックス コーヒー イオン宇品店,5.0,user_2755,よく 利用してます o ベビーカー押して店内で食事を摂る際 席までわざわざ持ってきて下さって とても助かりました ありがとうございます
スターバックス コーヒー イオン宇品店,5.0,user_2756,良くも悪くもどこでもあるスタバです やはりこのお店も店員さんの非常によくできた接客でとても気持ちよく買い物やお茶ができます コーヒー豆を買う時は お世話になりました 色々と試飲をさせてくれたり 選ぶのにもアドバイスをくれました
スターバックス コーヒー イオン宇品店,4.0,user_2757,比較的買いやすい待ちの少ない穴場
スターバックス コーヒー イオン宇品店,3.0,user_2758,行ったことないです 何か圧倒的違和感 何故ここにスタバがって感じ 行ってみたら分かるかな 行ってみよ
スターバックス コーヒー イオン宇品店,5.0,user_2759,いろいろ教えてくださる優しい店員さんのいる解放感たっぷりのお店です 買い物ついでに一息つける場所
スターバックス コーヒー イオン宇品店,4.0,user_2760,レジを担当していた男性の方の対応が 明るくて感じが良かったです
スターバックス コーヒー イオン宇品店,5.0,user_2761,落ち着いて飲み物を頂けます スタッフの方々が 大変気持ちの良い対応をしていただけます
スターバックス コーヒー イオン宇品店,3.0,user_2762,どこでもある普通のスタバ 特に印象もないがイオンの入り口があり新鮮な空気が入ってくるのでCOVID 19も大丈夫かなーーー
スターバックス コーヒー イオン宇品店,4.0,user_2763,スタバは何処も混んでいます しかしここは大丈夫 一人で来てホッと一息ついています お勧めします
スターバックス コーヒー イオン宇品店,3.0,user_2764,行ったのが 全体の開転前ではなかった 本来なら必要商品は営業後だろおが 時間前でもOKと配慮して下さった
スターバックス コーヒー イオン宇品店,4.0,user_2765,ここは 以外と穴場で 待つことが あまりありません 席数は ありませんが 買い物して帰りにテイクアウトには うってつけです
スターバックス コーヒー イオン宇品店,3.0,user_2766,大型店舗内の隅のスペースなので席数は少ないです 商品の品質は間違いなくスターバックス
スターバックス コーヒー イオン宇品店,4.0,user_2767,いつもイオンで買い物をした後で帰りに車の中で飲みながら帰ってます 私はホワイトモカがお気に入りです
スターバックス コーヒー イオン宇品店,5.0,user_2768,いついっても皆さん感じよくて 良いスタバです
スターバックス コーヒー イオン宇品店,4.0,user_2769,スタバでゆっくりくつろいだ後買い物できるので良いのでは
スターバックス コーヒー イオン宇品店,5.0,user_2770,対応も良く 明るく親切にしてくださいました
スターバックス コーヒー イオン宇品店,5.0,user_2771,夕方行くと20 オフやってます 店員さん対応いいですね
スターバックス コーヒー イオン宇品店,4.0,user_2772,店員さん接客 新商品サンプル提供して下さいましてとても満足
スターバックス コーヒー イオン宇品店,5.0,user_2773,あんまり混んでなくて 座り込み安いです 接客もていねいです
スターバックス コーヒー イオン宇品店,4.0,user_2774,スタッフの方のアドバイスが的確でわかりやすかったです ほうじ茶ラテにハマっています
スターバックス コーヒー イオン宇品店,5.0,user_2775,立地的に人も少ないので のんびりできて穴場です
スターバックス コーヒー イオン宇品店,3.0,user_2776,広くてスペースもあり トイレが近くにあって便利です
スターバックス コーヒー イオン宇品店,5.0,user_2777,すごくよかったです _ ありがとうございました また来ますね _
スターバックス コーヒー イオン宇品店,5.0,user_2778,県大も近いし 時間つぶしにピッタリです
スターバックス コーヒー イオン宇品店,5.0,user_2779,余り混んでなくて 並ばずに品物が買えます
スターバックス コーヒー イオン宇品店,5.0,user_2780,イオンに入ると コーヒーの美味しい香りがとても良く コーヒーが飲みたくなりました
スターバックス コーヒー イオン宇品店,5.0,user_2781,どのスタッフさんもとても親切です また行きたい
スターバックス コーヒー イオン宇品店,5.0,user_2782,食品ばかりではなく 日用品雑貨も色々揃うので何か無いかといつもぐるぐる回ってしまいます
スターバックス コーヒー イオン宇品店,4.0,user_2783,比較的空いている事が多くスムーズに購入できます
スターバックス コーヒー イオン宇品店,4.0,user_2784,そんなに混んでないので利用しやすい
スターバックス コーヒー イオン宇品店,3.0,user_2785,昨日の２時にピーチスムジが終了になりました好きだったから残念です
スターバックス コーヒー イオン宇品店,3.0,user_2786,狭くて入り口付近にあり 居心地はあまり良くない
スターバックス コーヒー イオン宇品店,5.0,user_2787,正面入口の近くで分かりやすく 定員さんの対応がいいです
スターバックス コーヒー イオン宇品店,3.0,user_2788,コロナ渦なので 最近は テイクアウトを利用しています
スターバックス コーヒー イオン宇品店,4.0,user_2789,スタッフさんの対応が感じ良くてついつい寄ってしまいます
スターバックス コーヒー イオン宇品店,4.0,user_2790,ストロベリーフラペチーノを飲んだ 味も接客もとてもいい
スターバックス コーヒー イオン宇品店,4.0,user_2791,期間限定のメニューがあるとテンション上がりますね
スターバックス コーヒー イオン宇品店,5.0,user_2792,飲み物を自分好みにカスタマイズするのもいいかもしれません
スターバックス コーヒー イオン宇品店,5.0,user_2793,特に問題もなく感じも良くいいと思う
スターバックス コーヒー イオン宇品店,4.0,user_2794,パルコ前と比べると店員さんが話しやすかった
スターバックス コーヒー イオン宇品店,4.0,user_2795,美味しくいただきました
スターバックス コーヒー イオン宇品店,3.0,user_2796,スタバのコーヒー店で飲んだ事ありません 残念
スターバックス コーヒー イオン宇品店,3.0,user_2797,ちょっと疲れたので一休みのためにコーヒーを飲みました 眠気もスッキリ
スターバックス コーヒー イオン宇品店,3.0,user_2798,良くも悪くもないよね
スターバックス コーヒー イオン宇品店,5.0,user_2799,コーヒーを飲みながら とてもリラックスできる場所です
スターバックス コーヒー イオン宇品店,3.0,user_2800,スタバの中でもかなりゆっくり出来る店
スターバックス コーヒー イオン宇品店,3.0,user_2801,空いていて穴場 落ち着けます
スターバックス コーヒー イオン宇品店,3.0,user_2802,かもなく不可も無くです
スターバックス コーヒー イオン宇品店,2.0,user_2803,ちょっと雰囲気よくない
スターバックス コーヒー イオン宇品店,2.0,user_2804,長居し過ぎで 時間によっては席がない
スターバックス コーヒー イオン宇品店,5.0,user_2805,買い物のついでに ほっとくつろげます
スターバックス コーヒー ゆめタウン広島店,5.0,user_2806,落ち着いた雰囲気です ガヤガヤしていないのでゆっくり出来ます
スターバックス コーヒー ゆめタウン広島店,2.0,user_2807,モバイルオーダーで お持ち帰り Togo にして 取りに行ったらお皿の上に乗ったスコーンが ペーパーバッグのところにチェックがついてないからだそうです いや 自分のエコバッグに入れることもあるでしょ 飲み物は手で持って帰るつもりだったんだよ あまりに唖然としてペーパーバッグにお包しますねっていうから頷いちゃったけど じゃあTogoってなんやねん なんでこっちのミス風に言われたんだよ
スターバックス コーヒー イオン宇品店,3.0,user_2808,スーパーの中だけど 意外と落ち着けるスタバ
スターバックス コーヒー イオン宇品店,4.0,user_2809,買い物ついでに ゆっくりできます
スターバックス コーヒー イオン宇品店,4.0,user_2810,落ち着いた雰囲気です
スターバックス コーヒー イオン宇品店,3.0,user_2811,普通で良い所と今一な所が 有ります
スターバックス コーヒー イオン宇品店,4.0,user_2812,打ち合わせで使わせていただいてます
スターバックス コーヒー ゆめタウン広島店,2.0,user_2813,見た目は いちごーって感じがしたけど いつものいちごの量じゃなくて ほぼミルクの味でした 660円でこれでは 不満足
スターバックス コーヒー ゆめタウン広島店,4.0,user_2814,珍しく 並んで無かったので 主人と私の２人分をテイクアウト レジの女の子も商品を渡してくれる女の子も凄く感じ良くて 桃MOREフラペチーノも とっても美味しかったです 紙のストローは ちょっと嫌い
スターバックス コーヒー イオン宇品店,4.0,user_2815,一時の安らぎの 場所なんだ
スターバックス コーヒー ゆめタウン広島店,5.0,user_2816,レジの順番が来たところで頼みたい商品が売り切れと知り 代わりの注文を迷っていたら迷いますよね とこちらが焦らないように声をかけてくれて 飲みたかった商品のことに触れると 全く同じではないけど近いものならと提案して頂きました 他をおすすめされることはあっても こんなことは初めてで 繊細なホスピタリティと取り扱っている商品への愛を感じました 4 3に ブラックティーにブレべ ホワイトモカ ホイップ ハチミツを追加した一杯を作ってくださった店員さん とってもおいしかったです また頼みます ありがとう
スターバックス コーヒー イオン宇品店,4.0,user_2817,お邪魔しやすいスタバです
スターバックス コーヒー ゆめタウン広島店,4.0,user_2818,ピーチフラペチーノおいしかったです 店内は満席でしたが店の前にベンチがたくさんあってギリ座れました
スターバックス コーヒー イオン宇品店,4.0,user_2819,スタッフの対応が好感持てたから
スターバックス コーヒー イオン宇品店,5.0,user_2820,気分てんかんにひじょにいい
スターバックス コーヒー イオン宇品店,5.0,user_2821,相変わらず美味しいです
スターバックス コーヒー イオン宇品店,3.0,user_2822,利用したことがないので
スターバックス コーヒー イオン宇品店,3.0,user_2823,可もなく不可もなく普通にスタバ
スターバックス コーヒー イオン宇品店,3.0,user_2824,うーん ファミマのほうが うまい
スターバックス コーヒー ゆめタウン広島店,1.0,user_2825,QSCは今まで行ったお店の中で最底辺 一部のクルーのサービスが悪すぎる
スターバックス コーヒー イオン宇品店,4.0,user_2826,最近はスパークリングコーヒーのんでます
スターバックス コーヒー イオン宇品店,4.0,user_2827,買い物ついでにブレイクタイム
スターバックス コーヒー イオン宇品店,1.0,user_2828,わからない ハハハ
スターバックス コーヒー イオン宇品店,5.0,user_2829,良い店です
スターバックス コーヒー イオン宇品店,5.0,user_2830,ゆずシトラスティーが最高です
スターバックス コーヒー イオン宇品店,1.0,user_2831,行ってみたい
スターバックス コーヒー イオン宇品店,4.0,user_2832,ショッピングモールの普通のSTARBUCKSです
スターバックス コーヒー イオン宇品店,3.0,user_2833,高いけど美味しい
スターバックス コーヒー イオン宇品店,5.0,user_2834,待ちわせは スタバ ღ
スターバックス コーヒー イオン宇品店,5.0,user_2835,ゆっくり過ごせます
スターバックス コーヒー イオン宇品店,3.0,user_2836,コーヒー好きには良い場所
スターバックス コーヒー イオン宇品店,3.0,user_2837,普通のお店
スターバックス コーヒー イオン宇品店,4.0,user_2838,スタバ ナンバーワン
スターバックス コーヒー イオン宇品店,3.0,user_2839,普通です
スターバックス コーヒー イオン宇品店,4.0,user_2840,coffee大好き
スターバックス コーヒー イオン宇品店,3.0,user_2841,美味しかった
スターバックス コーヒー イオン宇品店,3.0,user_2842,普通のスタバ
スターバックス コーヒー イオン宇品店,5.0,user_2843,美味しい
スターバックス コーヒー イオン宇品店,2.0,user_2844,値段がたかい
スターバックス コーヒー イオン宇品店,3.0,user_2845,無し
スターバックス コーヒー イオン宇品店,3.0,user_2846,便利な立地
スターバックス コーヒー イオン宇品店,5.0,user_2847,アイスコーヒーうま
スターバックス コーヒー イオン宇品店,4.0,user_2848,ゆったり過ごせる
スターバックス コーヒー イオン宇品店,5.0,user_2849,美味しい
スターバックス コーヒー イオン宇品店,3.0,user_2850,イオン内にあり便利 出入口近くにあるので 雰囲気はやや忙しない
スターバックス コーヒー イオン宇品店,4.0,user_2851,アフォガートのフラペチーノとオレンジのチーズケーキ 仕事で広島に来て買い物の息抜きに オレンジのチーズケーキはホットコーヒーが合いますよ ってサービスして下さいました 本当にケーキの酸味と珈琲の苦味が良く合っていました 仕事で広島には週一は来ているけど なかなか時間が作れなくて 久しぶりにゆっくり珈琲が飲めました 今週はルビーチョコレートケーキとアメリカーノ
スターバックス コーヒー イオン宇品店,5.0,user_2852,広島県宇品町のイオンモール1階 東口を入ってすぐのところにあります 座席数も豊富で Wi Fiも安定しています コーヒー 紅茶 ペストリーなど スターバックスで定番のメニューが揃っています スタッフはとてもフレンドリーで親切です 週に何度も通う常連客も多く アットホームな雰囲気で 駐車場も十分にあります
スターバックス コーヒー イオン宇品店,4.0,user_2853,おいしい食事と飲み物
スターバックス コーヒー イオン宇品店,3.0,user_2854,モール内のオープンスペースでコーヒーを飲むことができます
スターバックス コーヒー イオン宇品店,5.0,user_2855,上品で洗練されている
スターバックス コーヒー ゆめタウン広島店,1.0,user_2856,注文がしやすく 特に小柄な男性の方が 端から見ていても感じが良い ただ ウーバーイーツさんが受け取りに来たら 大柄な女性の店員が愛想もなく 商品を渡していました お客さんは 店員さんの立ち振る舞いを見ていますよ
スターバックス コーヒー ゆめタウン広島店,5.0,user_2857,椅子の配置とリラックス出来る椅子と隣との距離がゆめタウンらしくて寛げます 抹茶のシフォンが美味しくてブラックコーヒーと絶妙なハーモニーです 飾ってあるコーヒーの機械とかも他店にない感じが好きです 並んでもすぐ進む手際の良さもいいし 店員さんが感じが良いです
スターバックス コーヒー ゆめタウン広島店,5.0,user_2858,Mobile Orderで注文後 商品受け取り時 客層もよく 行列でも モバイルオーダー受取カウンターにて 時間通り譲り合って受け取れます 心地よい空間 丁寧で優しい パートナーばかりでした
スターバックス コーヒー ゆめタウン広島店,4.0,user_2859,やはりスタバはドリンク 軽食も旨い
スターバックス コーヒー ゆめタウン広島店,5.0,user_2860,フラペチーノのカスタマイズを紹介していて 試すとそれがとても美味しいことが幾度となくあります 他店でもそのカスタマイズで注文すると 美味しそうですね と言われることもよくあります 研究 熱心な方たちが揃っている店舗なのだと思います
スターバックス コーヒー ゆめタウン広島店,4.0,user_2861,コーヒーを注文する際 少し甘めのコーヒーを好む私は あとでシロップ入れようと店員さんの前で夫と話してたら それならお渡しする前にお入れしましょうか と店員さんが機転を利かせてくださりました 私は幼い子供を抱いていたので 気遣いがとても嬉しかったです 是非また寄りたいと思いました
スターバックス コーヒー ゆめタウン広島店,4.0,user_2862,ランチの後に 空いていたので良かった 甘かった
スターバックス コーヒー ゆめタウン広島店,5.0,user_2863,ここのスタバにはしょっちゅう来てます いつもお世話になってます スタッフさん皆さん感じが良いです 先日 ちょっと大変そうなお客さんに誠実に対応されてる姿を見かけました 大きな施設内なので 特にいろんな方が来られますね
スターバックス コーヒー ゆめタウン広島店,5.0,user_2864,店員さんがみんなフレンドリーで親切で可愛かった ハート作るの練習してるって言われた子 頑張って下さい
スターバックス コーヒー ゆめタウン広島店,5.0,user_2865,商品を作って渡してくれる店員さんのコミニュケーション力が高い 笑顔になれる話し方やその時にあった話題をしながら渡してくれる店員さんもいます
スターバックス コーヒー ゆめタウン広島店,3.0,user_2866,独り身の頃は何度も通ってたが 家庭を持つとやはり庶民的な価格ではない 味も好きだが セブンカフェで妥協したくなる
スターバックス コーヒー ゆめタウン広島店,4.0,user_2867,スタバ好きなので
スターバックス コーヒー ゆめタウン広島店,4.0,user_2868,安定のスタバ 新作美味しい
スターバックス コーヒー ゆめタウン広島店,4.0,user_2869,比較的いつも混んでる印象 お店の区画が狭いため座席数が少なめだと思います 店員さんの接客は文句なし
スターバックス コーヒー ゆめタウン廿日市店,2.0,user_2870,スタバは好き ちょうどお茶の時間でレジは長い列 モバイルオーダーで注文 時間を過ぎても音沙汰なく スタッフに声をかけると順番に作ってるとの事 余りにも遅くどんどん抜かされるので 再度声をかけるとレシートを確認したようで慌てて作り出す始末 2度ほどこんな事があった さらにここでモバイルオーダーするといつも ヘンテコな見た目でなんか納得いかない事が多い またアップルパイの温めと追加のホイップを イートインでオーダー パイの紙皿がそのまま出て来た ホイップがくっ付いてしまうし 他店ではちゃんと外されてきたのに 安くないしちゃんと作って欲しい 他の素晴らしい店舗に研修でも行って欲しい モバイルオーダーの受け渡しも雑 こんな店舗なかなかないかと 改善を強く希望します
スターバックス コーヒー ゆめタウン廿日市店,5.0,user_2871,こちらのお店の常連です お店の雰囲気もスタッフの対応も私達にとっては最高で いつも美味しく頂いてます 今日はカカオ エスプレッソ アフォガート フラペチーノを頂き 気持も体もリフレッシュ出来ました ご馳走様でした
スターバックス コーヒー ゆめタウン廿日市店,5.0,user_2872,ドリップコーヒー クッキー クリームドーナツ 頂きました ふんわりした美味しいドーナツ さらにホワイトチョコのコーティングにサクサクココアクッキー さらにさらにドーナツの中にバニラクリームが入っています コーヒーとの組み合わせは言わずもがなですね 駐車場の心配なく 買い物をして 美味しいコーヒーが飲めるのは嬉しいですね 店員さんも明るくて 丁寧でした とても美味しかったです
スターバックス コーヒー ゆめタウン廿日市店,4.0,user_2873,R7 7 20再訪問 3連休だからか 15 30頃注文して商品受取の列7組位並んでました 大好きなエスプレッソアフォガードフラペチーノと7 9から期間限定のグランマスカットフラペチーノを注文 マスカット果汁を使用したドリンクベースに ぶどう果肉とぷるんとした食感のマスカットジュレを合わせ みずみずしい果実味から広がる上品な甘さが魅力的な一杯に仕上げました とあったのでチャレンジ ホイップもあるので 少し甘めですがぶどうの果肉が引立ちます 期間限定なので多くの方が注文されてましたが 美味しいかったです R6 4 7訪問 毎回注文のエスプレッソアフォガードフラペチーノ そしてマンゴーパッションティーフラペチーノをテイクアウト マンゴ も美味しかったですが エスプレッソアフォガードフラペチーノは 美味しすぎます ゆめタウン廿日市店の訪問は初めてです 住吉堤防桜を見て帰りに立ち寄りました お花見これからですか と声かけをされたり笑顔での対応は好印象です
スターバックス コーヒー ゆめタウン廿日市店,5.0,user_2874,日曜に行ったからなのか非常に人が多かったのですがクオリティはやっぱりスタバ ドリンクがとてもおいしかったです たくさんのお客さんに対してスタッフはめちゃくちゃ頑張っておられました
スターバックス コーヒー ゆめタウン廿日市店,4.0,user_2875,間違いないですね 落ち着きます
スターバックス コーヒー ゆめタウン廿日市店,4.0,user_2876,仕事終わりに疲れが飛ぶような 素敵な接客を受けました マニュアル接客が悪いとは言わないけれど 一人一人に合わせて話してもらえて 珈琲1杯以上の価値を感じます いつも人が多い店ですが 平日夜はこんなにゆったりできるんだな と気付いたのでちょくちょく寄りたいお店になりました
スターバックス コーヒー ゆめタウン廿日市店,1.0,user_2877,昨日 持ち帰りでオーダーしたが紙袋に入れるドリンクを支えるパーツを落とされた上拾ってそのまま中に入れようとした 指摘すると不機嫌そうな顔で睨んできた 衛生的にどうなの 接客が良いとされるブラックエプロンの人だったが残念
スターバックス コーヒー ゆめタウン廿日市店,5.0,user_2878,いつもモバイルオーダーの利用でお世話になってます 提供も早いしいつも商品取って出るだけなのに ありがとうございます と声を掛けて頂きます 店員さんがタマザラシ書いてくれた記念
スターバックス コーヒー ゆめタウン廿日市店,4.0,user_2879,1Fレストラン街にあり正面にはみっちゃん総本店があります 人混みがスゴくお店にも長蛇の列 開放的な造りになっていますので気軽に入れます
スターバックス コーヒー ゆめタウン廿日市店,4.0,user_2880,友達と久しぶりのお茶 シフォンケーキが美味しそうなので注文しました 正直期待していなかったのですが 甘さも控え目で美味しかったです また食べに行きたいな
スターバックス コーヒー ゆめタウン廿日市店,5.0,user_2881,長蛇の列で少し待ちましたが 接客がとても良くフラペチーノが綺麗でした
スターバックス コーヒー ゆめタウン廿日市店,1.0,user_2882,毎回モバイルオーダーしますが 予定の時間を過ぎてもまだ作ってない 時間が来たので店頭で待つが 到着してから しばらく待って ようやく作り出す 他の店で こんなにモバイルオーダーの待ち時間の目安を越えること無いですよ なんでこんなにモバイルオーダー後回しにするんですか 待つのが嫌で わざわざ来る途中に予約してるんだから ちゃんとしてください
スターバックス コーヒー ゆめタウン廿日市店,5.0,user_2883,コーヒー好きの私 色々なお店のコーヒーを飲みましたが 味の安定感 種類の豊富さで やはりスタバかな 今回は 季節限定のクリスマスブレンドと スタンダードのハウスブレンドを購入 暫くは 楽しめそうね
スターバックス コーヒー ゆめタウン廿日市店,5.0,user_2884,たまに立ち寄った時に利用しますが ここの店員さんの接客スキルは高いなといつも感じます 服の色が違う方が１人居たので恐らくリーダー 的な方だったと思いますが自然とお客様を心遣う言葉を投げかけてくれました 例えるならここはディズニーですか と錯覚させられるような感覚でした このような接客を受ける事は皆無に等しい現在でトップクラスのスキルを持ってるお店なんだなと感じました この方に接客されたら 間違いなくまたこのお店に来よう っと思いますね 素晴らしい接客をありがとうございました
スターバックス コーヒー ゆめタウン廿日市店,5.0,user_2885,平日１１時３０分に訪問 新作のストロベリーフラペチーノ 飲みたくて 作って頂きました店員ｻﾝが めちゃめちゃカワイイ 美味しかったので ですー _ 昨年よりも甘さが強いかな もちろんエクストラで また行かなくては
スターバックス コーヒー ゆめタウン廿日市店,5.0,user_2886,廿日市のゆめタウンにあるスターバックスに寄らせて頂きました 色々なメニューがあるので 迷いますが抹茶ラテを頼んでみました これからもコーヒーはもちろんの事こと 他のアイテムも頼みたいと思います 美味しかったです
スターバックス コーヒー ゆめタウン廿日市店,5.0,user_2887,初めて行ったけど感じ良かったです また行きます
スターバックス コーヒー ゆめタウン廿日市店,1.0,user_2888,モバイルオーダーがいつも遅い アプリの目安の時間を超えることがよくある 最初から目安の時間を提供できる時間で案内すべきだと思う 他店舗ではこういうことは無いので
スターバックス コーヒー ゆめタウン廿日市店,5.0,user_2889,とても店内きれいで過ごしやすいです いつもダークモカチップフラペチーノを注文するのですが 今日は一緒にスコーンも とても美味しかったです
スターバックス コーヒー ゆめタウン廿日市店,5.0,user_2890,対応はバッチグー 何と言っても私が店に行った時 メッチャ イケメンのお兄さんがいてお兄さんの対応がとても良かった お客様に笑顔 忘れていませんね これでは また行こうと言う気持ちになれます
スターバックス コーヒー ゆめタウン廿日市店,5.0,user_2891,いつ行ってもスタッフの対応が良いと思います たまにレジの途中で笑顔で気さくに声をかけてくれるスタッフもいて嬉しくなります
スターバックス コーヒー ゆめタウン廿日市店,3.0,user_2892,デパートの店舗では落ち着いた雰囲気は味わえませんが 味はスタバです
スターバックス コーヒー ゆめタウン廿日市店,4.0,user_2893,ご当地のフラペチーノがあるのは 最近知り 買ってみました 凄く爽やかでさっぱりで 美味しかったです
スターバックス コーヒー ゆめタウン廿日市店,5.0,user_2894,店員さんの対応がとても良かった そのためにテイクアウトでオーダーしたメニューもすごくおいしかった また利用したいと思います
スターバックス コーヒー ゆめタウン廿日市店,5.0,user_2895,ゆめタウンの中にあるスタバ パートナーさんが元気が良く 感じが良いです
スターバックス コーヒー ゆめタウン廿日市店,5.0,user_2896,こちらの不注意でドリンクをこぼしてしまったのに新しく作り直してくれました お客さんも並んでいて混んでいる時間帯なのにすみませんでした ありがとうございました
スターバックス コーヒー ゆめタウン廿日市店,4.0,user_2897,廿日市ゆめタウンのスタバです 1Fの奥まった所にあります 週末は混雑してますが 平日はゆっくりできる時間帯も多いと思います
スターバックス コーヒー ゆめタウン廿日市店,5.0,user_2898,ピクミンのイベントがあり家族と来店 受取口から出てきた商品を妻が娘に渡す際 娘が商品を上手く持てずに落下 せっかく買った商品が床に落ちてしまったショック 周りの人に見られる恥ずかしさで私と妻は絶望 折れそうな気持ちに耐えながら床を掃除し 改めて商品を注文するために並ぶ その間にスタッフのお姉さんが落ち込んでいる娘に話しかけてくれてました ありがとうございます さらに こちらが落としたにも関わらず 落とした段階でスタッフのお兄さんが迅速に同じ商品を作成しており すぐに新しい商品提供 支払いをしようとすると 作り直しのお支払は大丈夫です と言って頂きました ご迷惑をお掛けしたにも関わらず この様な対応をしていただき 本当にありがとうございました スタバは日頃利用していますが 本当に素晴らしいスタッフさんが働かれている職場だと思います また伺わせて頂きます
スターバックス コーヒー ゆめタウン廿日市店,2.0,user_2899,抹茶ティーラテのトールとグランデを注文 氷が多いのかいつもより無くなるのが早く残念でした 妻と飲みながら無くなるの早いよね 氷が多いんかねと言いながら帰りました
スターバックス コーヒー ゆめタウン廿日市店,4.0,user_2900,今日は持ち帰りでキャラメルアラソートを注文しました 帰りの車で頂きました
スターバックス コーヒー ゆめタウン廿日市店,4.0,user_2901,バニラフラペチーノ シロップをキャラメルに変更 キャラメルソースを多めにしてもらいました
スターバックス コーヒー ゆめタウン廿日市店,5.0,user_2902,お誕生日リワードもらいに行った 今日のスタッフ全員 めちゃ感じが良い 男の子も女の子もみんな笑顔 コーヒーがいつもより美味しい
スターバックス コーヒー ゆめタウン廿日市店,5.0,user_2903,レジの笑顔の可愛いお姉さんと 感じの良いバリスタのお兄さんがいます 丁寧に接客してくれますが田舎というのもあり対応は少しばかり遅く行列ができますが 許容範囲内 バリスタのお兄さんは ソースの量などきちんと聞いてくれます 都会の様なスムーズさはないですが 宮島に継ぎ 丁寧なスターバックスの方が好感が持てます
スターバックス コーヒー ゆめタウン廿日市店,4.0,user_2904,レジなれしていない店員さんに当たった時に時間がかかり過ぎと思うことがあります 商品のオプションをした際に自分の感覚で入れる人とこちらに聞いて入れてくれる人の差が目立つので統一化してほしいと思います 笑顔の接客と商品自体は良いので改善してくれるともっと良いかと思います
スターバックス コーヒー ゆめタウン廿日市店,3.0,user_2905,平日に伺いましたが とても混んでいるスタバです 注文をする列と持ち帰る列が長蛇の列で 混雑しています ドリップコーヒーを購入しました 広島限定カードも購入しました ありがとうございました FITで日本一周をしています muban ムーバーン です こちらのお店は2023 12 26に行きました お客さんは数組いました YouTube muban ムーバーン Instagram muban japan
スターバックス コーヒー ゆめタウン廿日市店,4.0,user_2906,久しぶりに美味しいコ一ヒ一が飲みたくて寄ってみました いつもなら並んでいるけど今日は平日 だからか並ばずに買えました フラペチーノは少し甘過ぎるので普通のラテを頂きました やっぱり美味しい
スターバックス コーヒー ゆめタウン廿日市店,1.0,user_2907,まじありえん 1 フラペチーノとホットをto goでネットオーダーして 受取時間直前にネットオーダー待ち印に立って待つ 2 ドリンク作ってるコーナーの中から 印のある所まで届かない様な小さい声で 呼びかける しかも ネットオーダーの受取者を探すべきところ なぜか通常オーダー待ちの人達に声かけている 3 まさかと思い to go受取待ち印から離れ カウンターに近づくと 私のオーダー品をアナウンスしていることに気づく 4 受け取り 駐車場に 5 フラペチーノ ストロー入っておらず テッペンに穴一つしか開いていないフラペチーノのカップで ストローなしでどうやって飲めって言うんか 星ひとつもつけたくない
スターバックス コーヒー ゆめタウン廿日市店,2.0,user_2908,めちゃくちゃ混んでるし 注文と引き渡しのどこで順番が入れ替わったりしてしまい スムーズに進みませんでした 引き渡しのところの並ぶ位置が分かりにくいし 並んでたら店内で食べたり飲んだ方のゴミ捨ての邪魔になる もう少し 注文と引き渡しで並ぶところとか工夫しないとと思います
スターバックス コーヒー ゆめタウン廿日市店,3.0,user_2909,12月29日のスタバですがいつも人気ですね
スターバックス コーヒー ゆめタウン廿日市店,1.0,user_2910,この店舗のみモバイルオーダーの意味がありません 商業施設の中にあり 大行列が出来る中 モバイルオーダーのオーダーは後回し 信じられません しかも出来上がっても声も掛けない 本当に接客業を仕事とされているのか疑問に思う態度 大行列の中並んでオーダーした方が早く受け取れます
スターバックス コーヒー ゆめタウン廿日市店,3.0,user_2911,ご当地スタバ682円てたけーのー
スターバックス コーヒー ゆめタウン廿日市店,1.0,user_2912,過去に例をみない最低なスタバ店舗です 注文を間違えたのに声が小さいと逆ギレ 二度と行きません
スターバックス コーヒー イオン宇品店,5.0,user_2913,コーヒータイム
スターバックス コーヒー ゆめタウン廿日市店,5.0,user_2914,たまたま今回の店員さんだけだったのかもしれないが テイクアウトでホットドリンク購入の際に 最初からスリーブをつけて渡してくれたのが嬉しかった スタバはほとんどお店で こちらからお願いしないとつけてくれないので
スターバックス コーヒー ゆめタウン廿日市店,2.0,user_2915,混み過ぎ 待てる余裕のある人じゃないと美味しさよりイライラが勝る いつでもどこでも同じ美味しさなのは素晴らしい品質
スターバックス コーヒー ゆめタウン廿日市店,2.0,user_2916,お客さんが多いときほど コーヒーなどの提供を早くすべきだと思いました お客さんが多くても定員さんはマイペースな作業だと感じました
スターバックス コーヒー ゆめタウン廿日市店,3.0,user_2917,飲食店街と専門店街の境目で角地ながら目立たない印象です 昼頃には並ぶときが多いです 味と品揃えは一般的です 椅子とテーブルはあるのですが コロナ禍のため持ち帰りで利用しています
スターバックス コーヒー ゆめタウン廿日市店,5.0,user_2918,いつも人が多くて敬遠してますがテイクアウトで利用すれば問題ないかなと思いました いつも接客は感じよくていいです
スターバックス コーヒー ゆめタウン廿日市店,5.0,user_2919,土日はお買い物の人でごったがえしていますが午前中や夕方も遅くなるとすいてきてお店の方とも話したりおすすめしていただいたりして違う楽しさもあります ファミリーが多いので街中の店舗とは違って自分の時間を というかんじではありませんがスタッフの方々が感じよく対応してくださるのでつい寄ってしまいます
スターバックス コーヒー ゆめタウン廿日市店,4.0,user_2920,抹茶氷を食べました 抹茶を凍らせて削っているので抹茶そのままの氷でとても美味しかったです 抹茶わらび餅も入っていてわらび餅も抹茶味がしっかりとしていて美味しい
スターバックス コーヒー ゆめタウン廿日市店,4.0,user_2921,テイクアウト利用 タンブラー持ち込みでしたが丁寧にいつもの味と香りを買うことが出来ました
スターバックス コーヒー ゆめタウン廿日市店,4.0,user_2922,スタバは何処も激混みのイメージですが ここは 時間によっては空席があるので テイクアウトが多いのか ゆっくり出来るので好きです _
スターバックス コーヒー ゆめタウン廿日市店,3.0,user_2923,桜のエスカレーターのところのフランフラン隣がスタバです 以前の口コミにある通り ショッピングモールに入っている普通のスタバです ノーマルなコーヒーは個人的には美味しくないです フラペチーノだとかアレンジしてあるものは美味しいですが 接客は笑顔も素敵でとてもいいです 居心地もよく いい感じ チェーン店だから仕方ないとは思いますが コーヒーをもう少し美味しくしてほしいです
スターバックス コーヒー ゆめタウン廿日市店,2.0,user_2924,あまり混んでいなかったので 並んでみたら 20分以上掛かった 腰が痛くなった いつも人気があるから 行列なのかと思ったら スタッフの手際の悪さかもしれないと思った
スターバックス コーヒー ゆめタウン廿日市店,5.0,user_2925,スタバのスタッフさんは いつも笑顔で親切で好き いつもぎこちなく注文するおばちゃんですが面倒くさがらず対応してくれます ありがとうございます
スターバックス コーヒー ゆめタウン廿日市店,2.0,user_2926,ここの店舗はよく利用していました 愛想はとても良かった 最近露骨に態度に出す社員がいます スターバックスでは初めての対応です 気持ちよくオーダー出来ません
スターバックス コーヒー ゆめタウン廿日市店,4.0,user_2927,レジは結構並ぶけど スタッフさんは丁寧にメニューなど教えてくれました 店内飲食スペースはわりといつも空いてるイメージです
スターバックス コーヒー ゆめタウン廿日市店,5.0,user_2928,いつ行っても人気のコーヒーの美味しいお店です 平日はそれほど混まないので ゆっくりできてくつろげます
スターバックス コーヒー ゆめタウン廿日市店,5.0,user_2929,味は間違いないです 店員さんのサービスも笑顔も最高です
スターバックス コーヒー ゆめタウン廿日市店,4.0,user_2930,とっても感じのいいcafeです ゆっくりと寛げました パンケーキも扱って頂けたら もっと嬉しいデス 人 ᴗ
スターバックス コーヒー ゆめタウン廿日市店,4.0,user_2931,平日のティータイムで利用させていただきました 店員さんの接客対応はとても良い印象でした
スターバックス コーヒー ゆめタウン廿日市店,2.0,user_2932,混んでますよね 買うまでに三密ですね 最近は特に甘く感じます オーソドックスな味のも欲しいですね
スターバックス コーヒー ゆめタウン廿日市店,3.0,user_2933,スタバは好きなので良く行っているのですが ここのお店はちょっと レジの定員さんがかなりグイグイデザート系を何度も勧めてくるのが少し鬱陶しく思ってしまいました
スターバックス コーヒー ゆめタウン廿日市店,5.0,user_2934,いつもお婆ちゃんの私に 楽しく親切に接してくれる スタバの店員さんが大好きです 今日も店員さんの笑顔に癒されました ありがとうねm _ _ m 午後のお仕事ガンバルヨ v
スターバックス コーヒー ゆめタウン廿日市店,3.0,user_2935,ゆめタウンの一階にある店舗です お客さんも多くて 時間がない方にはモバイルオーダーを利用したほうが早くて良いと思います
スターバックス コーヒー ゆめタウン廿日市店,4.0,user_2936,ここのスタバは店員さんの教育が行き届いていて とても感じが良いです いつも感心します ただ ほぼほぼ混み合っています
スターバックス コーヒー ゆめタウン廿日市店,5.0,user_2937,フラペチーノが美味しかったですが 座席はまだ感染対策で間引いてますので テイクアウトして3階のフードコートで飲むつもりで行かれると良いですね
スターバックス コーヒー ゆめタウン廿日市店,3.0,user_2938,割とこじんまりしている 席も近く 密集しているが 壁がないので 閉塞感はない いつもの混んでる たまに列が出来てる
スターバックス コーヒー 広島赤十字・原爆病院店,4.0,user_2939,街のスタバとは 雰囲気が違いスタバ初心者でもお気軽な感じで利用できます 病院内ということもあり バリアフリーです 離れている席もありゆったりしていますが 椅子は硬めですね 診察に来た時に頼んで 帰りにワンモアコーヒーが飲めちゃうのもいいです ただ土日祝はお休みなんです 気をつけてください
スターバックス コーヒー ゆめタウン廿日市店,3.0,user_2940,休日に利用したので込み合っていました 道での誘導がちょっと疑問を感じました 店員さんの応対は良かった
スターバックス コーヒー ゆめタウン廿日市店,4.0,user_2941,山梨ご当地フラペチーノ 他の２県はもう売り切れ 残念
スターバックス コーヒー 広島赤十字・原爆病院店,5.0,user_2942,日赤病院の正面玄関入り口から入って左手にある 病院内にあるので他のスターバックスとちょっと雰囲気は違うが人が少なめなのでかなり穴場のスタバ スタバの横には日赤のロビー待合室がありそこにはたくさん診察などを待つ方が座られているが スタバに並んで長い間待つようなことはない 通常のスタバ店舗のようにのんびり座って時間を過ごすと言う感じの店舗ではないが 多少座る場所があるので ちょっと座って飲んだりテイクアウトする人には何の問題もない 自転車は日赤の駐輪場に停めることができる
スターバックス コーヒー 広島赤十字・原爆病院店,5.0,user_2943,ドリップコーヒー 頂きました 赤十字病院の中に位置するスタバは 高天井に大きな木があり まるで公園のテラスの前に位置するかのようです どの場面でも 美味しいコーヒーは落ち着きます 病院の中にありますので 独特の雰囲気はありますが 周りにはベンチなどありますので ゆっくりとカフェタイムを過ごす事はできます とても美味しかったです
スターバックス コーヒー ゆめタウン廿日市店,5.0,user_2944,素敵な接客をされる店員さんがいらっしゃいました
スターバックス コーヒー ゆめタウン廿日市店,2.0,user_2945,対応が丁寧なのはいいが待たせすぎ コーヒーショップでレジ待ち30分以上はさすがにさばけなさすぎじゃあないかな
スターバックス コーヒー ゆめタウン廿日市店,5.0,user_2946,対応すごくよかった
スターバックス コーヒー ゆめタウン廿日市店,5.0,user_2947,限定のバナナフラペチーノいただきました
スターバックス コーヒー ゆめタウン廿日市店,3.0,user_2948,見た目は清潔感有ります しかし 人流によるホコリの浮遊はどうやって抑えるのかな
スターバックス コーヒー ゆめタウン廿日市店,4.0,user_2949,平日の昼間しか行ったことないけど いつも感じの良い店員さんばかりで気持ちよく買えます
スターバックス コーヒー ゆめタウン廿日市店,5.0,user_2950,他のスタバと同じく過ごしやすいですが やばりSCの中は騒々しい 集中して読書なりしたいときは路面店をオススメします
スターバックス コーヒー ゆめタウン廿日市店,5.0,user_2951,店員さんの対応素晴らしいです 回転も早く言うことなしです
スターバックス コーヒー ゆめタウン廿日市店,4.0,user_2952,店員さん教育行き届いて対応良いと感じました 奥ーの方にあるので あまりひんぱには行かないけども
スターバックス コーヒー ゆめタウン廿日市店,4.0,user_2953,平日の夕方で 並ぶ人も少なく ゆっくり注文も出来ました
スターバックス コーヒー ゆめタウン廿日市店,5.0,user_2954,やっぱりお金払う価値ありますね コーヒーおいしいし 店員さん親切だし
スターバックス コーヒー ゆめタウン廿日市店,5.0,user_2955,居心地いいです 席と席も程よく離されておりゆっくり安心してコーヒーが飲めます
スターバックス コーヒー ゆめタウン廿日市店,3.0,user_2956,スタバの定員さんはどこもよい感じ 限定メニュー最近は好みのがないからちょっと遠退いています
スターバックス コーヒー ゆめタウン廿日市店,5.0,user_2957,時間帯によっては行列が出来ています 店員さんが親切でフレンドリー
スターバックス コーヒー ゆめタウン廿日市店,4.0,user_2958,お店の人の応対も良くて 並ばず すぐに注文できました
スターバックス コーヒー ゆめタウン廿日市店,4.0,user_2959,平日でも結構混んでいて注文するまでそこそこの行列ができていた
スターバックス コーヒー ゆめタウン廿日市店,1.0,user_2960,氷でめちゃくちゃ傘増しされてるので他店と比べるとダントツでマズイです
スターバックス コーヒー ゆめタウン廿日市店,5.0,user_2961,感染不安のピリピリ顔に反して スタッフの方はニコニコ笑顔で対応されていました
スターバックス コーヒー ゆめタウン廿日市店,4.0,user_2962,今は各都道府県のスターバックスメニューが販売されているから いろいろな種類を試したいけど コロナなんで我慢しないとね
スターバックス コーヒー ゆめタウン廿日市店,4.0,user_2963,持ち帰りが無難ですね 席は 勉強 してる人が多いですね
スターバックス コーヒー ゆめタウン廿日市店,5.0,user_2964,場所柄購入しやすく 座る場所もかなりあるので 休憩でも持ち帰りでもOKです
スターバックス コーヒー ゆめタウン廿日市店,3.0,user_2965,落ち着いて コーヒータイムを楽しめる雰囲気ではないかな 出入口 エスカレーター近くで 通行人の目線が
スターバックス コーヒー ゆめタウン廿日市店,4.0,user_2966,奥まってて判りにくい場所ですが 品質 接客は安定
スターバックス コーヒー ゆめタウン廿日市店,4.0,user_2967,安定の安定 たくさんコーヒー売ってる店あるけど ここは相変わらずの多さ
スターバックス コーヒー ゆめタウン廿日市店,3.0,user_2968,モモのフラペチーノのいただきました まだ カードの残高が残ってたので モモの果肉も入っており うましです ありがとうございました
スターバックス コーヒー ゆめタウン廿日市店,3.0,user_2969,ゆめタウン内にあるお店です 席数が少ないので あまり長居は出来ないかも
スターバックス コーヒー ゆめタウン廿日市店,5.0,user_2970,スタッフの皆さんは教育されてますね
スターバックス コーヒー ゆめタウン廿日市店,3.0,user_2971,いつものスターバックス 休日に行った為か賑わっていたが スターバックスは大概何処も接客が良いと思う
スターバックス コーヒー ゆめタウン廿日市店,4.0,user_2972,テイクアウトで美味しくいただきました マンゴージュースは最高です
スターバックス コーヒー ゆめタウン廿日市店,4.0,user_2973,段原店よりは空いてる 土日はこちらも混みそう
スターバックス コーヒー ゆめタウン廿日市店,3.0,user_2974,店員さんの応対はとても良いがショッピングセンター内の店舗なので騒々しいく 落ち着かない
スターバックス コーヒー ゆめタウン廿日市店,3.0,user_2975,スタッフの質が落ちたように思う 接客が雑
スターバックス コーヒー ゆめタウン廿日市店,4.0,user_2976,定員さんが親切に色々教えてくれました
スターバックス コーヒー ゆめタウン廿日市店,4.0,user_2977,比較的空いてて 従業員の感じも良い
スターバックス コーヒー ゆめタウン廿日市店,5.0,user_2978,ドリンクも勿論ですが ケーキやサンドも最高に美味です
スターバックス コーヒー ゆめタウン廿日市店,4.0,user_2979,店員さんは丁寧に接客してくれます
スターバックス コーヒー ゆめタウン廿日市店,4.0,user_2980,週末は特にお昼頃の時間帯は混んでいます
スターバックス コーヒー ゆめタウン廿日市店,5.0,user_2981,スタッフの皆さん 気持ちの良い対応してくれます
スターバックス コーヒー ゆめタウン廿日市店,1.0,user_2982,今回飲んだピーチピンクフラペチーノ 甘味料の味がきつくて 残念です
スターバックス コーヒー ゆめタウン廿日市店,4.0,user_2983,ミルククリームフラペチーノ ストロベリーフラペチーノ売切れ
スターバックス コーヒー ゆめタウン廿日市店,4.0,user_2984,とてもフレンドリーで良い接客なお店です
スターバックス コーヒー ゆめタウン廿日市店,4.0,user_2985,ドライブや旅行なので スタバ は利用します
スターバックス コーヒー ゆめタウン廿日市店,3.0,user_2986,土日は密になる位 並んでいます
スターバックス コーヒー ゆめタウン廿日市店,5.0,user_2987,娘と行きました 疲れてたのでコーヒー飲んだら疲れがぶっ飛びました
スターバックス コーヒー ゆめタウン廿日市店,4.0,user_2988,気軽に 休憩が出来て良いと思います
スターバックス コーヒー ゆめタウン廿日市店,4.0,user_2989,水出しアイスコーヒーがおいしい コーヒーの風味が良く 又飲みたい
スターバックス コーヒー ゆめタウン廿日市店,4.0,user_2990,平日の午前中は人も少なくゆっくりくつろげました
スターバックス コーヒー ゆめタウン廿日市店,4.0,user_2991,美味しいコーヒが適正な価格で買うことが出来る
スターバックス コーヒー ゆめタウン廿日市店,4.0,user_2992,時短でも 結構人は来てますね
スターバックス コーヒー ゆめタウン廿日市店,5.0,user_2993,新商品クリスマスストロベリーケーキフラペチーノは美味しい
スターバックス コーヒー ゆめタウン廿日市店,3.0,user_2994,美味しいサンドイッチ置いてあります
スターバックス コーヒー ゆめタウン廿日市店,4.0,user_2995,雰囲気変わった 男性清潔感なしでした
スターバックス コーヒー ゆめタウン廿日市店,4.0,user_2996,定員の態度良いですね
スターバックス コーヒー ゆめタウン廿日市店,3.0,user_2997,空いてます
スターバックス コーヒー ゆめタウン廿日市店,5.0,user_2998,店員さんの接客レベルがたかい
スターバックス コーヒー ゆめタウン廿日市店,5.0,user_2999,食べ物とかがおいしい飲み物はどれも美味しい
スターバックス コーヒー ゆめタウン廿日市店,5.0,user_3000,流石です 久しぶりに美味しく頂きました
スターバックス コーヒー ゆめタウン廿日市店,3.0,user_3001,スイーツも充実 気軽によれて
スターバックス コーヒー ゆめタウン廿日市店,4.0,user_3002,福フラペチーノうまかった
スターバックス コーヒー ゆめタウン廿日市店,4.0,user_3003,気持ちの良い接客
スターバックス コーヒー ゆめタウン廿日市店,4.0,user_3004,人が多いがまーまーいい
スターバックス コーヒー ゆめタウン廿日市店,5.0,user_3005,美味しかったです
スターバックス コーヒー ゆめタウン廿日市店,3.0,user_3006,ショッピングの途中一休みに利用するといいです
スターバックス コーヒー ゆめタウン廿日市店,4.0,user_3007,高いけどまぁ接客がいいので
スターバックス コーヒー ゆめタウン廿日市店,4.0,user_3008,お客さんへの立ち寄り帰りに行きました
スターバックス コーヒー ゆめタウン廿日市店,5.0,user_3009,色々あって美味しい
スターバックス コーヒー ゆめタウン廿日市店,5.0,user_3010,憩いの場所です ӦｖӦ
スターバックス コーヒー ゆめタウン廿日市店,4.0,user_3011,休日だから 長蛇の列にびっくり
スターバックス コーヒー ゆめタウン廿日市店,2.0,user_3012,バニラ買ったら抹茶来ました
スターバックス コーヒー ゆめタウン廿日市店,2.0,user_3013,カップの縁にクリームがついてベタベタした
スターバックス コーヒー ゆめタウン廿日市店,4.0,user_3014,安定です
スターバックス コーヒー ゆめタウン廿日市店,4.0,user_3015,まぁ いつものスタバですが
スターバックス コーヒー ゆめタウン廿日市店,4.0,user_3016,季節限定が 素晴らしい
スターバックス コーヒー ゆめタウン廿日市店,3.0,user_3017,利用客多い 人気
スターバックス コーヒー ゆめタウン廿日市店,5.0,user_3018,廿日市市のゆめタウン内にあるスターバックスです
スターバックス コーヒー ゆめタウン廿日市店,4.0,user_3019,居心地のいい場所です
スターバックス コーヒー ゆめタウン廿日市店,3.0,user_3020,いつも混んでます
スターバックス コーヒー ゆめタウン廿日市店,5.0,user_3021,注文が早い o
スターバックス コーヒー ゆめタウン廿日市店,5.0,user_3022,くつろぎと安らぎの場です
スターバックス コーヒー ゆめタウン廿日市店,4.0,user_3023,いわゆるショッピングモールのSTARBUCKSです
スターバックス コーヒー ゆめタウン廿日市店,3.0,user_3024,普通ですね
スターバックス コーヒー ゆめタウン廿日市店,4.0,user_3025,いつも人が多い
スターバックス コーヒー ゆめタウン廿日市店,5.0,user_3026,スターバックスは いつも美味しい
スターバックス コーヒー ゆめタウン廿日市店,3.0,user_3027,可もなく不可もなく
スターバックス コーヒー 広島パルコ店,4.0,user_3028,マイストアパスポートスタンプ集めの旅 広島 昼夜ここからの眺めが最高でした
スターバックス コーヒー ゆめタウン廿日市店,3.0,user_3029,人がばり多いっス
スターバックス コーヒー 広島パルコ店,4.0,user_3030,とても綺麗で 近所にある本通店より空いているイメージです 今回は友人と2人で行きました パルコ自体は８時半くらいに閉まってしまいますが ここは10時まで空いているのでゆっくりできます トイレは少し離れたところにあるのと パルコが閉まると行けないような気がします 未確認です 会計はクレジット 交通系 バーコード決済などなんでも使えます
スターバックス コーヒー ゆめタウン廿日市店,2.0,user_3031,いつも混んでいる
スターバックス コーヒー ゆめタウン廿日市店,3.0,user_3032,狭いかなー
スターバックス コーヒー 広島パルコ店,5.0,user_3033,ドリップコーヒー 3種のきのことチキン石窯フィローネ 頂きました フィローネは外はサクッと中はしっとりで小麦香る優しい味わいです きのこ好きには嬉しい仕上がりになっていました ボリュームはありました コーヒーもバッチリ相まって良い感じ 広島パルコ店ではいつもの落ち着く雰囲気にさらに景色の良い席もありますので 特に好きな店舗の一つです 日差しが強い時は厳しいですが 時間帯によっては最高の席で 至福の時を過ごせます とても美味しかったです
スターバックス コーヒー ゆめタウン廿日市店,4.0,user_3034,人気の定番カフェチェーン店
スターバックス コーヒー 広島パルコ店,5.0,user_3035,こちらのお店は広島の中心部にあるPARCO新館の５Ｆでお若い方が多い印象です ベビーカーなどお子さま連れでも大丈夫かと思います この日の目的は 初マイタンブラーを購入 で市内のスタバを何か所か周りました 持ってなくて欲しかったんです こちらのお店で出会った女性スタッフ２名の方に感謝の気持ちを伝えたくて 他のお客様もいながらフォローしあいつつ 私のタンブラー選びとアプリ操作のお手伝いをありがとうございました メガネを忘れてアプリのチケットが見えなくて謝ってばかりいた私に わたしも目が悪いのでお気持ちわかります と笑顔で安心させてくださいました タンブラーの種類や色も丁寧な説明で カラーはお姉さんに無茶ぶりしちゃいまして選んでいただきました 大切にします その上 席まで届けてくださった時 見えてなかったメッセージが 嬉しくて写真撮っちゃいました 当分ニコニコしてたので紙袋と微笑みあってるように見えたかもしれません お二人に癒しのBirthdayプレゼントいただきました ワガママ聞いてくださってありがとうございます また伺いますね スターバックスさんは店舗や地域によって接遇の振り幅が全く違うので 個人的主観です 入店時の雰囲気でゆっくりしたくてもテイクアウトにする時もあります ステキなお店で良かったです 全国出張が仕事なのでアプリを楽しみつつ初のタンブラーがお供になりました
スターバックス コーヒー ゆめタウン廿日市店,3.0,user_3036,価格が高すぎる
スターバックス コーヒー 広島パルコ店,4.0,user_3037,広島パルコ新館のスタバです 買い物後や途中に休みたい時に良いかと思います 窓側の席からは広島中心部が見渡せていい感じです
スターバックス コーヒー ゆめタウン廿日市店,4.0,user_3038,まあまあです
スターバックス コーヒー 広島パルコ店,5.0,user_3039,男の店員さんにおすすめを聞くと一つ一つ味の特徴や作り方を教えてくれてすごく親切だし 聞いていて楽しかった はちみつを入れたら美味しいですよ と持って来てくれてすごく気分が良かったです
スターバックス コーヒー ゆめタウン廿日市店,4.0,user_3040,子連れが良い
スターバックス コーヒー ゆめタウン廿日市店,4.0,user_3041,コーヒーは いいネ
スターバックス コーヒー 広島パルコ店,5.0,user_3042,広島中心部のビル群を眺められる5階からの眺めを楽しむことができました 新館にあるので 本館と間違えないように注意が必要です パルコのスターバックスながら 眺望を楽しめるロケーションは最高です
スターバックス コーヒー ゆめタウン廿日市店,3.0,user_3043,行ってない
スターバックス コーヒー 広島パルコ店,5.0,user_3044,広島パルコ内にあるスタバです パルコがまだオープンしていなかったのですが エレベーターで5Fに上がると スタバのみ入れます 土曜日の朝の9時頃だったのですが チラホラとお客さんがいました 道路のガラス張りの所が景色が良さそうだったのですが 日差しが強く断念 パルコもオープン前だったので とても静かでゆっくりできました
スターバックス コーヒー ゆめタウン廿日市店,5.0,user_3045,定番だろー
スターバックス コーヒー 広島パルコ店,5.0,user_3046,土日祝日は満席状態ですが 安定のおいしさ 電源がないので充電はできませんが お1人席も多くパーテーションでしっかり仕切られてます ソファ席もありお友達と過ごすにも適してます
スターバックス コーヒー ゆめタウン廿日市店,4.0,user_3047,接客が良い
スターバックス コーヒー ゆめタウン廿日市店,5.0,user_3048,混んでた
スターバックス コーヒー 広島パルコ店,4.0,user_3049,平日の昼前だったので人も少なく静かで良い時間でした 2022 4 午後は人多いです スタバのケーキは美味しい
スターバックス コーヒー ゆめタウン廿日市店,4.0,user_3050,普通のスタバ
スターバックス コーヒー ゆめタウン廿日市店,5.0,user_3051,気分転換の場
スターバックス コーヒー 広島パルコ店,5.0,user_3052,スターバックスでは普通のこと なのかもしれませんが 此方の店員さんがとても対応が丁寧です ジンジャーブレッドラテをいただきましたが 香辛料が強すぎることもなく美味しい 店内からは通りが見下ろせるよう そちら側がガラス壁になっていて気分転換にとても良いと思います
スターバックス コーヒー ゆめタウン廿日市店,5.0,user_3053,くつろげる
スターバックス コーヒー ゆめタウン廿日市店,3.0,user_3054,並ぶ並ぶ
スターバックス コーヒー 広島パルコ店,4.0,user_3055,いつも混んでますが パートナーの皆さんは優しくて気配りがあります 学生だったりがたまに占領しているので
スターバックス コーヒー 広島パルコ店,3.0,user_3056,狭い空間に人が溢れかえって トイレも数字入力しないと入れない 席も狭く数が足らず奪い合いになる 何でここが人気なのかおっさんにはどうしても理解できない 同じ値段で落ち着いた環境で美味しい珈琲が飲める純喫茶が近くに沢山あるのにと思ってしまう 恐らく二度と行かない
スターバックス コーヒー ゆめタウン廿日市店,4.0,user_3057,小さなオープンカフェ
スターバックス コーヒー 広島パルコ店,1.0,user_3058,トリュフのスープを頼みましたが 味が薄く作り方間違えたのかと思うほど不味かったです
スターバックス コーヒー ゆめタウン廿日市店,4.0,user_3059,憩いの場所
スターバックス コーヒー 広島パルコ店,4.0,user_3060,パルコが開店前から営業してるので人も少なく過ごしやすかったです 友達はご当地フラペチーノが美味しかったと言ってました 店員さんも親切でした
スターバックス コーヒー ゆめタウン廿日市店,4.0,user_3061,復刻フラペチーノ 甘い物を求めるならやっぱり メロンかと 果肉も沢山入っていて美味しい でも期待していたのは いちごのシュワッとの復刻だった
スターバックス コーヒー 広島パルコ店,4.0,user_3062,広い空間で 平日の朝は静かに過ごせる時が 多いと思います 昼前の窓際席は陽が入るので 入店時間や天候を考えて窓際選ぶ席をおすすめします
スターバックス コーヒー ゆめタウン廿日市店,3.0,user_3063,安定のスタバ 廿日市市なのに 何故か並ぶほどの賑わい
スターバックス コーヒー ゆめタウン廿日市店,5.0,user_3064,いつもかなり混雑していますが 品質は安定していて良いです コーヒーはいつも美味しいですが スターバックスのペストリーと食べ物は当たり外れがあります ここはとても素敵な場所だと思います
スターバックス コーヒー ゆめタウン廿日市店,4.0,user_3065,1階の一番端にあるStatbucksはそれほど広くなく オープンな空間なのでプライバシーが欠けているように感じます
スターバックス コーヒー ゆめタウン廿日市店,5.0,user_3066,このお店を知っている人はあまりいないかもしれませんね 1970年代にシアトルで創業し その後少しずつ店舗を拡大していきました 小さなチェーン店が日本に進出するなんて 素晴らしいですね
スターバックス コーヒー ゆめタウン廿日市店,5.0,user_3067,スタッフはとても気配りがあり いつも温かい笑顔と優しい声で対応してくれます また 料理の種類も豊富で値段に見合う価値があります
スターバックス コーヒー ゆめタウン廿日市店,5.0,user_3068,居心地の良いスターバックスで スタッフもとてもフレンドリーでした アイスアメリカーノをいただきました 全体的に気持ちの良い体験でした
スターバックス コーヒー 広島パルコ店,5.0,user_3069,コーヒーホットのアメリカーノとワッフル頼みました ワッフル美味しい
スターバックス コーヒー ゆめタウン廿日市店,4.0,user_3070,お店は良いのですが 車で行くには遠すぎます 岩国にも店舗ができたらいいなと思います
スターバックス コーヒー ゆめタウン廿日市店,5.0,user_3071,ビーチでピーチ料理を試してみました 最高でした このお店は誰にでも絶対におすすめします
スターバックス コーヒー イオンモール広島府中 1階店,5.0,user_3072,忙しいお昼時にカスタム多めのめんどくさい注文をしてしまったのにとても丁寧に暖かく接してくださって仕事の疲れが吹っ飛びました 接客業辛いことたくさんあると思いますが無理をせず頑張って欲しいです 以前同じカスタムを頼んだのですがある店員さんがその事を覚えてくださっていて 仕事に一生懸命な方なのだと思いました くまさんのイラスト書いてくださってありがとうございます とても元気でました ﾋﾟｹﾓｺ美味しかったです
スターバックス コーヒー イオンモール広島府中 1階店,4.0,user_3073,イオンモールのオープン当初からあり モール内に2店舗あるひとつ 一階のエスカレーター付近に位置するので エスカレーターを上がるお客様に見られ易いのは少し気になるところ そんな事は他所にスタバならではの開放感についつい店の中に吸い込まれてしまう スタッフの方々は感じは良いし 飲み物の作り方もキレイ 朝はバイトの学生ではなく主婦らしき年齢層の店員さんが多いので気配りが嬉しい 大好きなメリークリームはコーヒーにもティーにもよく合う 今日はジョイフルメドレーティーラテにトッピング めちゃくちゃ美味しい ホットは紙のカップでは無く程よく温められた陶器カップに入れてもらいゆっくり飲むのがお気に入り ほっと出来る時間が過ごせます
スターバックス コーヒー ゆめタウン廿日市店,5.0,user_3074,いつも迅速で 注文も正確に処理してくれます 英語でも注文を受け付けてくれます
スターバックス コーヒー イオンモール広島府中 1階店,4.0,user_3075,イオンモール広島府中にあるスターバックスは 快適な時間を過ごせます 休憩スペースが多く設けられているので 一休みしたいときに最適です ショッピングの後に期間限定のラテを注文して飲んだことがあります 甘みのある味だったので自然と疲れが体から抜けていきます また メニューの種類が豊富なので好みに合わせて選択ができるのもうれしいです スターバックスのドリンクは安定した美味しさなので 不思議と安心感があります
スターバックス コーヒー 広島パルコ店,3.0,user_3076,いつも利用させていただいております 先日エスプレッソアフォガートフラペチーノをモバイルオーダーで注文したところ 完全に溶けた感じ のものが提供されました 店員さんに確認したところすぐに変えますと迅速な対応をしていただきました ですが 次に出てきたものも完全にフラペチーノ感がないもの 作り方のミスか 味が変わったのでしょうか 笑
スターバックス コーヒー イオンモール広島府中 1階店,4.0,user_3077,何人の方のクチコミにありますが 伺った時にはオーダーの列が外まで並んでいました ドリンクの受け取りも並んでいました オーダーの列に並んでからドリンクを受け取るまでに１0分以上並びました それほど並んでいる割には席が空いていましたので ほとんどの方はテイクアウトされているのでしょうか 先に席を取らなくても座れました 新型コロナウィルス対策でしょうか 衛生上でしょうか テーブルやレジ周辺は定期的に店員の方が拭いていました
スターバックス コーヒー ゆめタウン廿日市店,4.0,user_3078,とても広々としていて 風通しの良い場所です
スターバックス コーヒー ゆめタウン廿日市店,5.0,user_3079,とても親切でフレンドリー サービスは素晴らしいです
スターバックス コーヒー 広島パルコ店,4.0,user_3080,2023 5 9のお昼頃マグカップを購入するために立ち寄りました 展示品は1つしかなかったのでそれを持ってレジに行くと感じの良いお姉さん店員さんがひとりで先約のお客さんを対応しており 私は後から出てきたお兄さん店員さんに当たりました まだ新人 なのかまごまごしてそれを横目でお姉さん店員が気にしていました 展示品でしたが傷もなかったのでそれで全然良かったのですがわざわざふたりで在庫品があるか探してくれました お兄さん店員さんは商品棚をちゃちゃっと見てレジに戻ってきましたがお姉さん店員さんも同じところをしっかり探してくれて笑顔で 新しいのがあったのでこちらにしますねー と こちらが何か要求した訳でもないのに神対応してくれる良い店員さんがいるお店です
スターバックス コーヒー イオンモール広島府中 1階店,1.0,user_3081,8月28日 木 の15時頃 アイスアメリカーノを頼んだら 紙カップに入ったアイスアメリカーノを渡されました 店員さんが ストローは入りますか と聞いてきたので え アイスアメリカーノってなんで紙のカップに入っているんですか と尋ねたところ 店員さんが はい もともと紙のカップに入っていますよ と答えました おもしろいなと思いました
スターバックス コーヒー 広島パルコ店,5.0,user_3082,妊娠9ヶ月だったのですが スタッフさんのご配慮で 席までお食事を持ってきて下さいました お腹が大きく動きづらいので 大変助かりました ありがとうございました
スターバックス コーヒー イオンモール広島府中 1階店,4.0,user_3083,2024年6月 このイオンモールにはスターバックスが２店舗ありますが ここはいい感じに入りやすい店です スペースがゆったりとしていてしかも年中満員の店舗と違ってそこそこの人入りです 今日もとても蒸し暑いので夏に食べたくなる 飲みたくなる フラペチーノシリーズを堪能しました
スターバックス コーヒー 広島パルコ店,3.0,user_3084,焼き芋フラペチーノが売り切れだった為 女性スタッフのオススメをいただきました
スターバックス コーヒー 広島パルコ店,2.0,user_3085,ティーラテをいただきましたが 茶葉の味が感じられませんでした 今までで1番 接客は丁寧にされますが 休日はとても混んでます 午前中は比較的ゆっくりできますよ
スターバックス コーヒー 広島パルコ店,5.0,user_3086,PARCOの中にあるスタバです 日曜日に利用しましたが 店内はそこそこ混んでいました 座れないかなと思って並んでいたのですが 店員さんが席を取って下さって無事座れました ホスピタリティ溢れる接客が最高でした また利用したいと思います
スターバックス コーヒー 広島パルコ店,4.0,user_3087,買い物の合間に一息つけるのはありがたいです ガラス越しの景色も素敵です
スターバックス コーヒー イオンモール広島府中 1階店,5.0,user_3088,更新 嫌な接客があった このスタバ店は今日が最後になるだろう 本場アメリカでは信用されてないし株価落ち続けてるし もうスタバ卒業しようかな イオンモール府中の中でも最もベストポジションで常に列を絶やさないスタバ 今日もお決まりのエスプレッソアフォガードフラペチーノ オーツミルクに変更の下痢対策特別仕様 エクストラホイップ追加 エクストラチョコレートソース追加 バニラシロップに変更 プラストロー 825円
スターバックス コーヒー 広島パルコ店,1.0,user_3089,注文する時 レジに誰もいない時は声をかけないとずっと待たされます いたたまれない気持ちになりました
スターバックス コーヒー イオンモール広島府中 1階店,5.0,user_3090,いつも天神川駅から歩いて行きます メッセージカードをもらったりしました お店は普通のスタバです メッセージカード貰うと嬉しい気持ちになりますよね
スターバックス コーヒー 広島パルコ店,5.0,user_3091,いつも美味しく頂いてます
スターバックス コーヒー イオンモール広島府中 1階店,5.0,user_3092,店内はシックに統一されています いつ行っても人が多いですが 平日の午後2時は空いていました スターバックスの店舗はどこも そうですが ここも店員さんの 対応がとても感じが良かったですね 3階にもスターバックスがあるのですが こちらの方がよく混んでますね
スターバックス コーヒー 広島パルコ店,5.0,user_3093,パルコ内とあって 客の雰囲気もおしゃれ テーブルもたくさんあるので座れやすかったです
スターバックス コーヒー 広島パルコ店,4.0,user_3094,広島パルコ内にオープンしたスターバックス 八丁堀中心部のパルコ内ということでアクセスは抜群 パルコ5階の角にあり 大きな窓から外の景色がみえる ただ位置の関係上 他のビルの様子しか見えないためあまり良い景色ではない フロア内の席数が少ないため休日はほとんど座ることはできないのが残念
スターバックス コーヒー 広島パルコ店,5.0,user_3095,感じのいい店員さんで オープン直ぐに対応していただきましたが 常に笑顔で清々しかったです
スターバックス コーヒー イオンモール広島府中 1階店,5.0,user_3096,車いすでうかがいました 南棟1階屋内駐車場 イオンスタイル ムーンギャラリー サンギャラリー スタバ 経路バリアフリーです 車いすの走行に問題ありません この経路途中に車いす対応のバリアフリートイレ 多目的トイレ はムーンギャラリーそばにあります スタバの注文カウンターは車いすからだとちょっと目線高くなりますが 店員さんはとても親切で メニューがよく見えるように広げてくれたり スマホ決済の際にはカウンターからわざわざ出て来て対応してくれたり スマホを持つ手がカウンターに届かなかった ありがとうございました この度はテイクアウトでしたが イートインの際にはテーブルまでコーヒーを運んでくださいます いつもありがとうございます 2023年5月24日17時06分ごろ
スターバックス コーヒー イオンモール広島府中 1階店,5.0,user_3097,ドリップコーヒー チョコレートスコーン 頂きました 本日のコーヒーもチョコレートスコーンにあったました 本日の甘さとコクのベストでした いつも笑顔で丁寧な接客は嬉しいです こちらは オープンテラス的な席があれば良いと来るたび思います 個人の希望です とても美味しかったです
スターバックス コーヒー 広島パルコ店,5.0,user_3098,友人の話では めっちゃ可愛い店員さんが居るらしい 珈琲と一緒で好みは人其々やし どうやろうか
スターバックス コーヒー 広島パルコ店,2.0,user_3099,朝一の店員がポンコツ 声をかけても気付かない オーダーミスも 一人で店に立たせるレベルでは無い
スターバックス コーヒー 広島パルコ店,3.0,user_3100,座席が少なく人が行き交うなかでの飲食です 落ち着かないです 商品の提供は早いです
スターバックス コーヒー イオンモール広島府中 1階店,4.0,user_3101,午前中は比較的座れる状況 午後のティータイム前になると長蛇の列で 空いている席も見つかりません でも並びますよね 店員の方もとても対応良く 並んだ甲斐もあります
スターバックス コーヒー 広島パルコ店,5.0,user_3102,大好きな場所 スタッフの方々がとてもいいです スタバもどの店舗も
スターバックス コーヒー イオンモール広島府中 1階店,5.0,user_3103,3階で売り切れのものがあっても 一階である場合もあります もちろんその逆も 店員さんもさすがスタバという丁寧な接客です
スターバックス コーヒー 広島パルコ店,5.0,user_3104,ソファーも椅子もある 落ち着きます ᕷ 近くにある Francfrancもつい入ってしまう
スターバックス コーヒー イオンモール広島府中 1階店,4.0,user_3105,買い物のついでに寄れるので便利です 15時頃はいつもお客さんがいっぱいですが13時頃はわりと空いてます
スターバックス コーヒー 広島パルコ店,5.0,user_3106,広島のスターバックスで 比較的空いているお店 特に 午前中は ゆっくり過ごせます
スターバックス コーヒー イオンモール広島府中 1階店,3.0,user_3107,とにかく並んでるイメージです いつも混んでいて 席も探すくらい 店員さんはそれなりの人数いるんですが 並んでないのは見たことない気がします スコーン は温めてもらえます チョコが溶けないので温めてもらうのがお気に入り
スターバックス コーヒー 広島パルコ店,5.0,user_3108,とっても素敵な空間です
スターバックス コーヒー イオンモール広島府中 1階店,4.0,user_3109,期間限定のめろんフラペチーノ 果肉も入ってて美味しかったです どこのスタバもそうですが 標準のストローが紙なのはいただけない 口当たりが良くないのでそのせいでおいしさが下がる
スターバックス コーヒー イオンモール広島府中 1階店,5.0,user_3110,職場近くなので たまに仕事の休憩中に利用するのですが 顔を覚えていただいているようで 今回の新作飲まれました とか こういうカスタムもオススメですよ など声をかけてくれるスタッフさんがいます 月に2回程度しか利用しないのに よくお客さんのことを見ておられるんだなあと感心しました
スターバックス コーヒー イオンモール広島府中 1階店,5.0,user_3111,3階にある店舗より小さいのですが 3階では売り切れていた期間限定メニューを飲むことが出来ました イオンモール広島府中店の中で 1階と3階に2店舗あるので メニューが売り切れていても相互で見てみるのも良いかもしれません 22時までテイクアウト出来るので 映画を観終わった後にもオススメです
スターバックス コーヒー 広島パルコ店,5.0,user_3112,新館5階にあります
スターバックス コーヒー 広島パルコ店,3.0,user_3113,PARCOの中で便利がいいのですが お客が多く席を取るのが困難
スターバックス コーヒー 広島パルコ店,5.0,user_3114,照明が丁度良く落ち着いた雰囲気です
スターバックス コーヒー イオンモール広島府中 1階店,4.0,user_3115,夏限定の2種類どちらもおススメですね 冬の限定もおすすめです
スターバックス コーヒー 広島パルコ店,3.0,user_3116,若い人たちで賑わっているので 私のようなおっさんには厳しいかな
スターバックス コーヒー 広島パルコ店,1.0,user_3117,まだ本通り店のほうがマシだ
スターバックス コーヒー 広島パルコ店,5.0,user_3118,お店の方の対応がすごく良いです
スターバックス コーヒー イオンモール広島府中 1階店,5.0,user_3119,定員さんがとても優しかったのが嬉しかったです バターミルクビスケットが美味しすぎて感動しました ここは一人でも 初めてでも来れる良いところです
スターバックス コーヒー 広島パルコ店,3.0,user_3120,土日は混んでいて入れない
スターバックス コーヒー イオンモール広島府中 1階店,5.0,user_3121,映画の後にふらりと立ち寄りました 対応してくれた店員さんの接客がとても親切で笑顔も素敵で帰り道がちょっと幸せな気分になりました カフェモカ美味しかったです オススメしてくれたチョコレートムースラテ今度飲んでみます
スターバックス コーヒー 広島パルコ店,5.0,user_3122,広島パルコ新館5階です
スターバックス コーヒー イオンモール広島府中 1階店,4.0,user_3123,一階と三階にもあるけど どちらも同じ くらいの人数並んでます 特に土日祝日は 期間限定の商品の売り切れがあるため どうしても期間限定新商品をゲット したい方は 朝早く並ぶといいと思います
スターバックス コーヒー 広島パルコ店,2.0,user_3124,混みすぎている
スターバックス コーヒー イオンモール広島府中 1階店,1.0,user_3125,スタッフさんにわざわざeTicketを使えるか確認したのにチケット交換後に 使えません と言われました 謝罪の言葉もなく大変不快な思いをしました どこのスタバも店員さんの雰囲気がとてもよく大好きなだけに残念です こんな対応初めてされました
スターバックス コーヒー イオンモール広島府中 1階店,1.0,user_3126,モバイルオーダーで注文後来店 レジに行列ができていたので 少し時間がかかるのは覚悟していましたが こちらの注文に取り掛かったのは その列がほぼはけてから また モバイルオーダーの受け取り場所で待っていても 何の声掛けもなく そもそも注文が通っているのかどうかわからない 作ってもらったフラペチーノはほぼ液体 これなら普通のドリンクと変わらないね と同行者も話していました ここ最近飲んだフラペチーノの中で1番残念でした 忙しいからか あまり丁寧に作っていないのかなという印象です 他の店舗であれば モバイルオーダー受け取り場所で待っていたら声を掛けてもらえるし 少なくともこちらの注文よりあとに並んだお客さまよりは早く作ってくれますが こちらの店舗はモバイルオーダーの方が遅く 行列に並んだ方がマシです
スターバックス コーヒー 広島パルコ店,4.0,user_3127,安定のスタバ
スターバックス コーヒー イオンモール広島府中 1階店,5.0,user_3128,1年か2年くらい前かな 改装してすごく大人っぽい 落ち着いた雰囲気の店舗になりました とても落ち着くので今の雰囲気がとっても好きです 机と椅子の高さもちょうど良くて ノマド作業とかにも向いてるお店だと思います ただ人はめちゃめちゃ来るので 集中できる感じではないと思います 土日のお昼や3時ぐらいは学生っぽい感じから ファミリーまで めちゃめちゃ並んでいます お店の外まで並んでいることもしばしば 土日には絶対行きません
スターバックス コーヒー イオンモール広島府中 1階店,4.0,user_3129,味は美味しいのですが ちょうど連休中に行ったので人が多く なかなか座る場所がなく ちょっと休憩しようと思っても席の確保に苦労しました 初めてレモンヨーグルトを飲んだのですが レアチーズのような味で サクサクした食感もあり とても美味しかったです もうすぐ60歳になる母もスタバ自体が初めてだったようですが これは人気なはずだわ と大絶賛でした _
スターバックス コーヒー 広島パルコ店,2.0,user_3130,何も用がないのに机を拭きにくるのをやめて欲しいと感じました そのせいで読書に集中できませんでした
スターバックス コーヒー イオンモール広島府中 1階店,4.0,user_3131,時間帯によっては店外までの ながーい列 ただ列に怯まず並べば さほど待ち時間は無い印象 店員さんがテキパキと動かれてるんでしょうね 接客はさすがスタバという丁寧さです 場所的にガヤガヤしてるので ゆっくりコーヒーが飲める雰囲気ではありません
スターバックス コーヒー イオンモール広島府中 1階店,4.0,user_3132,安定の味 ここの店員さんはとても親切丁寧です 忙しくしてても笑顔で接客されて 見習いたいです
スターバックス コーヒー イオンモール広島府中 1階店,1.0,user_3133,エスプレッソ ソロを注文しましたが スタバ他店舗のエスプレッソと比較して味が薄くて美味しくありませんでした 一緒にいた人はラテを飲んでいましたが 同じエスプレッソを使っているので当然コーヒーの味が薄いミルク風味のドリンクになっていました スタバも店舗で味の差があるんですね
スターバックス コーヒー イオンモール広島府中 1階店,5.0,user_3134,贈り物を探していたら 店内は混んでいたにもかかわらず すぐに声をかけて頂き 希望の物を購入することが出来ました 包装もお願いしたら 快く応じて頂き 気持ちよくお買い物することが出来ました 気持ちのこもった丁寧な応対でした
スターバックス コーヒー 広島パルコ店,5.0,user_3135,スタッフも親切で5階から眺める広島中心街の市内が良いです
スターバックス コーヒー イオンモール広島府中 1階店,4.0,user_3136,47都道府県 限定 瀬戸内レモンシトラスなんとか 賛否両論あると思いますが 私は美味しくないと思いました
スターバックス コーヒー イオンモール広島府中 1階店,3.0,user_3137,オススメのスコーンをいただきました 混んでいるときに少し対応が雑になっていたのが残念でした
スターバックス コーヒー 広島パルコ店,3.0,user_3138,パルコ5階にあります とても混雑していました 75席ほど空いていましたが 私たちが到着した時にはテーブル席はほとんど埋まっていました でも カフェからの眺めは素晴らしく 街を一望できます サービスは親切で レジのスタッフは英語が上手です
スターバックス コーヒー イオンモール広島府中 1階店,5.0,user_3139,誕生日で LINEギフトチケットをもらい 利用しました 店員さんも 笑顔が素敵でとてもよい雰囲気でした また 利用したいと思います
スターバックス コーヒー 広島パルコ店,5.0,user_3140,あまり混んでいません 1週間滞在していますが サービスは最高です
スターバックス コーヒー イオンモール広島府中 1階店,2.0,user_3141,土日の人の多さ 独立した店舗でないので落ち着かない フード類は添加物まみれで 子どもとは一緒に行けない 座ると顔が見えなくなる仕切りがあればいいけど オープン過ぎて落ち着かない
スターバックス コーヒー イオンモール広島府中 1階店,3.0,user_3142,ショッピングモールの中にあるため 混んでいることが多い印象です またエスカレーター前や出入り口に近いので 人通りが多く 店内もオープンなので あまり居心地は良くないです
スターバックス コーヒー イオンモール広島府中 1階店,4.0,user_3143,なぜか同じモール内に2店舗ある中の1階の店舗 3階の店舗と違い気楽にふらっと入ることができる雰囲気の店舗です 人通りの多い通りですので静かにしたい方は3階の店舗を利用することをお勧めします
スターバックス コーヒー 広島パルコ店,5.0,user_3144,とても素敵な景色でリラックスできました 混雑も全くありませんでした
スターバックス コーヒー イオンモール広島府中 1階店,1.0,user_3145,驚くことにモバイルオーダーの方が凄く遅くてびっくりした しかも モバイルオーダーの引渡し場所にちゃんと立ってたのに今気づきましたと言うテイで モバイルオーダーですか とか聞いてきた ずっと待ってたわ 普通に並べば良かったわー
スターバックス コーヒー イオンモール広島府中 1階店,4.0,user_3146,メニューが充実してますが 頼むのはいつもマグカップでショートのホットラテ 今日は バニラシロップを加えてみました 広いソレイユ内の真ん中にあるので待ち合わせに便利かもしれませんが 休憩するには落ち着きがない
スターバックス コーヒー イオンモール広島府中 1階店,2.0,user_3147,休日はお客さんが多くて並ぶのも邪魔になってます 席に座っていてもすぐ横にはドリンク待ちのお客さんがいて気になります
スターバックス コーヒー イオンモール広島府中 1階店,4.0,user_3148,息子夫婦にご馳走になりました 実はスタバデビューで何を注文していいのか分からずスマホで調べて人気メニューを注文しました 美味しいのは当たり前ですがストローが紙でビックリしました
スターバックス コーヒー 広島パルコ店,2.0,user_3149,客同士が隣同士で密集し 窮屈な空間が広がっています 本当に醜い光景です 個人のスペースなど全くありません
スターバックス コーヒー イオンモール広島府中 1階店,4.0,user_3150,ゆっくり出来ます コーヒーも美味しいです
スターバックス コーヒー イオンモール広島府中 1階店,5.0,user_3151,だいたい何処のスタバも行列が有るけど 今日は並ばずにすんなり注文が出来ました 味はさすがに美味しいし 豆の違いも教えてもらって した気分になりました
スターバックス コーヒー 広島パルコ店,5.0,user_3152,海外のスターバックスは最高 日本にあるものと同じものが しかも安い
スターバックス コーヒー 広島パルコ店,4.0,user_3153,とてもおしゃべりで安全 リラックスできる環境
スターバックス コーヒー イオンモール広島府中 1階店,5.0,user_3154,神店員がいました ワッフルを買ったらサービスでチョコソースと小さなコーヒーをミルク入りでつけてくれました
スターバックス コーヒー 広島パルコ店,4.0,user_3155,広島でコーヒーを飲むのに最適な場所
スターバックス コーヒー イオンモール広島府中 1階店,5.0,user_3156,6 30本日から発売の JIMOTO Frappuccino 広島は 広島瀬戸内レモン シトラスじゃけえフラペチーノ と言うメニュー名 飲んだ感想 ハイビスカスベースのハーブティーに レモン果汁 シトラス果肉入りで ホイップクリームにハチミツがトッピングされている 最近のフラペチーノシリーズと比べてもなかなか美味しい
スターバックス コーヒー イオンモール広島府中 1階店,4.0,user_3157,土日祝休みは 午後3じ頃から混む事がありますが メニューを 決めていると時間が立つのが早いですね
スターバックス コーヒー イオンモール広島府中 1階店,3.0,user_3158,左手不自由な私は 支払いとか 注文したカフェオレを持って独りで 移動できないのを注文受け付けてくれた店員さんが 注文した カフェオレを席に座って待つよう言うてくれて 察知してくれてて ストロー刺してカウンター席に持って来てくれた サービス万全でした 感動的でした
スターバックス コーヒー イオンモール広島府中 1階店,5.0,user_3159,気軽に立ち寄ってゆっくり出来ます
スターバックス コーヒー イオンモール広島府中 1階店,3.0,user_3160,一階と三階に２つあります 接客は普通かなぁー イオンモールのテナントはイオンカードのポイントが付かない店舗がありますがここも付きません
スターバックス コーヒー イオンモール広島府中 1階店,1.0,user_3161,持ち帰り用のドリンクの蓋が閉まっていなくてひどい目にあいました クリーニング代請求していいですか
スターバックス コーヒー イオンモール広島府中 1階店,3.0,user_3162,美味しいコーヒーが飲めて オシャレで良いのですが 味やサービスの割にお値段が高いと思います なので普通の星3つです
スターバックス コーヒー イオンモール広島府中 1階店,4.0,user_3163,接近が丁寧で気持ち良かった
スターバックス コーヒー イオンモール広島府中 1階店,4.0,user_3164,注文は常連が多いので発注はスムーズですが受け取りに時間がかかるのは少し残念です
スターバックス コーヒー イオンモール広島府中 1階店,2.0,user_3165,店員さんの接客態度にかなり差があります とくに男性の店員さんはありえないくらい感じ悪かったです
スターバックス コーヒー イオンモール広島府中 1階店,5.0,user_3166,ショッピングモールの中ということもあり 時間帯や曜日によってはかなり混雑しますが 店員さんはいつも笑顔でその時期のオススメや 美味しいカスタマイズを教えてくれます _
スターバックス コーヒー イオンモール広島府中 1階店,5.0,user_3167,定員さんはいつも優しくてフレンドリーに話してくれます 丸いテープル席がわたしはお気に入りです
スターバックス コーヒー イオンモール広島府中 1階店,2.0,user_3168,多くて 座る席あくまですこしまったので じかんたいずらしていこうとおもいましたっ
スターバックス コーヒー イオンモール広島府中 1階店,4.0,user_3169,スターバックスは久しぶりに行ってお客様も多かったので 今回は迷惑をかけないためにも ほうじ茶ラテを頼みました
スターバックス コーヒー イオンモール広島府中 1階店,5.0,user_3170,休日はとても人が多い 3階にもあるから 多い時はそっちを使ったらいい
スターバックス コーヒー イオンモール広島府中 1階店,4.0,user_3171,この1F店よりも3F店の方が落ち着きます 人混みも少ないしね
スターバックス コーヒー イオンモール広島府中 1階店,5.0,user_3172,何もかも値上げの中で 唯一の贅沢ですwww
スターバックス コーヒー イオンモール広島府中 1階店,4.0,user_3173,変わらず美味しく 店舗も清潔感あり 混み合うが丁寧な対応
スターバックス コーヒー イオンモール広島府中 1階店,4.0,user_3174,店員さんは忙しくても笑顔で対応しています 丁寧な接客です
スターバックス コーヒー イオンモール広島府中 1階店,3.0,user_3175,可もなく不可もなく普通のスタバです 但し休日はたいへん混み合います
スターバックス コーヒー イオンモール広島府中 1階店,5.0,user_3176,美味しい いつでも お客さんが多くて 待ち時間があるが 美味しいので 許せる
スターバックス コーヒー イオンモール広島府中 1階店,5.0,user_3177,キャストの対応がよく 居心地の良いスペースです もちろん どれも美味しい
スターバックス コーヒー イオンモール広島府中 1階店,4.0,user_3178,桜フラペチーノ美味しかったんだけど 途中から紙ストローがフニャフニャになって クラッシュチョコが詰まって飲みづらくなってしまった 汗
スターバックス コーヒー イオンモール広島府中 1階店,4.0,user_3179,店員さんのお疲れ様ですと言う言葉と笑顔で幸せな気分になれた
スターバックス コーヒー イオンモール広島府中 1階店,3.0,user_3180,いつも混雑しており なかなか利用することが出来ません 美味しいんでしょうが
スターバックス コーヒー イオンモール広島府中 1階店,3.0,user_3181,連休や土日 祝日はいつも並んでいて行ったことがありません
スターバックス コーヒー イオンモール広島府中 1階店,5.0,user_3182,並ぶ人は多いけど 注文を受けるレジを３箇所にするなど 待ち時間は少ないですよ
スターバックス コーヒー イオンモール広島府中 1階店,4.0,user_3183,店員さんの対応が良く 待ち ましたが 大変満足しました
スターバックス コーヒー イオンモール広島府中 1階店,3.0,user_3184,SOULOUTの商品のたて看板は早目に撤去した方が良いかもね
スターバックス コーヒー イオンモール広島府中 1階店,4.0,user_3185,コーヒーもケーキやパンなども全部美味しいです ゆっくりくつろげます
スターバックス コーヒー イオンモール広島府中 1階店,4.0,user_3186,ショッピングモール内なので騒々しいですが 店員さんが親切で良いですね
スターバックス コーヒー イオンモール広島府中 1階店,5.0,user_3187,コーヒーは勿論美味しいですが 接客が良いのでまた行きたくなるお店です
スターバックス コーヒー イオンモール広島府中 1階店,5.0,user_3188,店員さんの対応が とても良くて 朗らかになりました
スターバックス コーヒー イオンモール広島府中 1階店,5.0,user_3189,店員さんが とても感じよく話しかけてくれて とても良かったです
スターバックス コーヒー イオンモール広島府中 1階店,5.0,user_3190,美味しかったです
スターバックス コーヒー イオンモール広島府中 1階店,1.0,user_3191,店員さんが暖かい人ばかりなので入りやすいです
スターバックス コーヒー イオンモール広島府中 1階店,5.0,user_3192,ゆったりできる椅子もあり開店と同時でいくとゆっくりできます
スターバックス コーヒー イオンモール広島府中 1階店,3.0,user_3193,初めてスターバックスに行ったのはサンフランシスコで 何処のスターバックスに行っても注文のしかたが良くわからないので結局あれこれになる
スターバックス コーヒー イオンモール広島府中 1階店,5.0,user_3194,店内は少し狭いけど 店員さんの感じ良き
スターバックス コーヒー イオンモール広島府中 1階店,3.0,user_3195,とても感じの良い男の店員さんが 忙しくても丁寧に 対応してくださいます
スターバックス コーヒー イオンモール広島府中 1階店,5.0,user_3196,スターバックスです 混んでました ソーシャルディスタンスはとれません
スターバックス コーヒー イオンモール広島府中 1階店,5.0,user_3197,美味しかったです 店員さんが 皆優しいです
スターバックス コーヒー イオンモール広島府中 1階店,4.0,user_3198,１階店と３階店があるので モバイルオーダーする場合 間違わないよう注意
スターバックス コーヒー イオンモール広島府中 1階店,3.0,user_3199,土日は混んでる事が多いのでモバイルオーダーがお勧めです
スターバックス コーヒー 広島パルコ店,5.0,user_3200,とても親切で日本語がわからなくても できるだけ助けてくれて ハングルでかわいい挨拶も書いてくれましたㅎㅎありがとうございます
スターバックス コーヒー イオンモール広島府中 1階店,5.0,user_3201,美味しかったです
スターバックス コーヒー 広島パルコ店,5.0,user_3202,迅速で親切なサービス
スターバックス コーヒー イオンモール広島府中 1階店,5.0,user_3203,とても丁寧な接客でした
スターバックス コーヒー イオンモール広島府中 1階店,3.0,user_3204,オペラフラペチーノ売切れでした 残念です
スターバックス コーヒー イオンモール広島府中 1階店,4.0,user_3205,スタバのホワイトモカが一番好きです
スターバックス コーヒー イオンモール広島府中 1階店,4.0,user_3206,とにかく混雑してる事が多いです
スターバックス コーヒー イオンモール広島府中 1階店,3.0,user_3207,ジジイでも簡単に注文出来た
スターバックス コーヒー イオンモール広島府中 1階店,3.0,user_3208,店内を歩き回って疲れたときについつい立ち寄ってしまう
スターバックス コーヒー 広島パルコ店,5.0,user_3209,美咲さんと同僚の方に大変お世話になりました
スターバックス コーヒー イオンモール広島府中 1階店,5.0,user_3210,待ち時間も少なく直ぐ飲める
スターバックス コーヒー 広島パルコ店,5.0,user_3211,ショッピングモール5階にあるスターバックス スタッフはフレンドリーでスペースが広く キャリアを持って入場するのに最適です 旅行の最後の日にゆっくりとコーヒーを飲み 新しく出たピンク色のゼフェンマグカップも一つ買った
スターバックス コーヒー イオンモール広島府中 1階店,4.0,user_3212,必ず寄ります ちょっと高いけどね
スターバックス コーヒー イオンモール広島府中 1階店,5.0,user_3213,イオンモール行ったらだいたい寄ります
スターバックス コーヒー イオンモール広島府中 1階店,3.0,user_3214,スタバはスタバです と書くと 金太郎飴
スターバックス コーヒー イオンモール広島府中 1階店,5.0,user_3215,子供がお店に行くのをたのしみにしている
スターバックス コーヒー イオンモール広島府中 1階店,5.0,user_3216,買い物途中 ちょっと休むのに最適
スターバックス コーヒー イオンモール広島府中 1階店,4.0,user_3217,一息つくのにちょうどよい場所です
スターバックス コーヒー イオンモール広島府中 1階店,5.0,user_3218,ホイップ特盛にしてくれました
スターバックス コーヒー イオンモール広島府中 1階店,1.0,user_3219,焦げた臭いが苦手
スターバックス コーヒー イオンモール広島府中 1階店,4.0,user_3220,追加ショットの存在を今更ながらに知った
スターバックス コーヒー イオンモール広島府中 1階店,5.0,user_3221,ホワイトモカの甘さにホッとします
スターバックス コーヒー イオンモール広島府中 1階店,2.0,user_3222,スタバにしてはあまり親切ではない
スターバックス コーヒー イオンモール広島府中 1階店,5.0,user_3223,対応もいい
スターバックス コーヒー イオンモール広島府中 1階店,1.0,user_3224,行ってない
スターバックス コーヒー イオンモール広島府中 1階店,5.0,user_3225,接客が素晴らしい
スターバックス コーヒー イオンモール広島府中 1階店,4.0,user_3226,ちょこっと休憩にいい
スターバックス コーヒー イオンモール広島府中 1階店,3.0,user_3227,高いです
スターバックス コーヒー イオンモール広島府中 1階店,5.0,user_3228,コーヒーがおいしいです
スターバックス コーヒー イオンモール広島府中 1階店,3.0,user_3229,普通
スターバックス コーヒー イオンモール広島府中 1階店,4.0,user_3230,安定のスタバ
スターバックス コーヒー イオンモール広島府中 1階店,5.0,user_3231,おいしい
スターバックス コーヒー イオンモール広島府中 1階店,5.0,user_3232,最高
スターバックス コーヒー イオンモール広島府中 1階店,4.0,user_3233,おしゃれ
スターバックス コーヒー イオンモール広島府中 1階店,5.0,user_3234,大きなイオンモール 買い物帰りに家族や友達と活気の中で過ごす楽しいひとときを 家に帰る前に今日がんばった自分にちょっと元気になれる瞬間を 開放的な空間と賑やかなパートナーと共にこの時間 ここにあり続ける安心感とこのつながりひとつひとつにお客様がエクスペリエンスを感じられますように いつもご来店お待ちしております とのことだそうですよ
スターバックス コーヒー イオンモール広島府中 1階店,5.0,user_3235,ギフトでいただいたドリンク フードチケットを使うために立ち寄りました あまり購入することがないのでレジでもたつき しかもチケットと現金の併用で面倒だったと思いますが丁寧に応対してくださいました チケットの金額よりだいぶ低い金額になることを気にしてサイズやミルクの変更も提案してくださったので オススメされたアーモンドミルクに変更してみました チケットでの購入だと店側が損をするのではと思いましたがこちらへ気遣いを出来るのは素敵だなと思いました キャラメルマキアートのアーモンドミルク 口当たりがスッキリして美味しかったです 一緒に購入したサラダラップも好きな味だったので来店して良かったです
スターバックス コーヒー イオンモール広島府中 1階店,5.0,user_3236,混んでる時はモバイルオーダーがオススメ
スターバックス コーヒー イオンモール広島府中 1階店,4.0,user_3237,サービスも素晴らしく コーヒーも美味しいです 席を見つけるのが少し難しい時もありますが コーヒーはテイクアウトできますよ
スターバックス コーヒー イオンモール広島府中 1階店,4.0,user_3238,新しいアーモンド入りチョコレートを食べたけど美味しかった
スターバックス コーヒー イオンモール広島府中 1階店,5.0,user_3239,とても良いです
スターバックス コーヒー イオンモール広島府中 1階店,5.0,user_3240,私にとっては最高です
スターバックス コーヒー ゆめタウン廿日市店,1.0,user_3241,ありえない 最悪だ あの変な店員が テイクアウトしたホットラテをスリーブなしで渡そうとしたんだ
スターバックス コーヒー 厳島表参道店,5.0,user_3242,イートイン価格で購入している人にはお手洗いを使用する権利があるようです 鍵の開け方の暗証番号を教えてくれます 店内の壁にはしゃもじがあり この土地ならではと感銘を受けました サンセットを見ながらゆったりとした時間でした 2026 02 07 17 30
スターバックス コーヒー 厳島表参道店,4.0,user_3243,大聖院を観てから帰り道 フェリー迄の時間があるので休憩がてら立ち寄りました 商店街参道が正面入り口ですが 海岸沿いの入り口からも入る事が出来ます 店内は洗練されていて雰囲気も良く 特に2階の窓からの眺望は素晴らしいです 瀬戸内海を眺めながら 観光で疲れた体を癒すのにも良い空間かと思います
スターバックス コーヒー 厳島表参道店,5.0,user_3244,なんでしゃもじ って思って写メしてたら 料理人の親父が日本料亭では 宮島持って来い って言ったらしゃもじ持って来い って言うんばい とドヤ顔されましたwww スタバ 洒落とんしゃ 家族旅行の素敵なワンシーンになりました あっ 観光地はモバイルオーダーがお勧め
スターバックス コーヒー 厳島表参道店,5.0,user_3245,参道店ってやっぱり行っておきたい でも混むかも 厳島神社へ朝早いフェリーで渡っていたので お参りのあともスタバ開店まで待つくらい早い時間でした 空いていて眺めも良かった
スターバックス コーヒー 厳島表参道店,5.0,user_3246,弥山登山をして 充電がなくなくなってしまったので こちらで休憩がてら 充電を 助かります １階で購入 席は２階になります トイレの利用は １階で暗証番号を聞いてから 鍵を開けるパターン
スターバックス コーヒー 厳島表参道店,5.0,user_3247,スタバスタンプ巡礼 紅葉スタンプ可愛い 景色も良く充電コンセントもあったので 海を見ながら仕事ができました スタッフの方もフレンドリーでした トイレは暗証番号がないと使うことはできません
スターバックス コーヒー 厳島表参道店,5.0,user_3248,コーヒーをテイクアウトした後 鹿ちゃんにうっかり倒されてしまい 飲み物をこぼしてしまいました こぼれたカップは自分で処理しようと思い お店に戻ってゴミを捨て 同じ飲み物をもう一度注文するつもりでした すると 店員さんが先に手を拭くためのウェットティッシュを渡してくださり すぐに新しいドリンクを作り直してくださいました お店側の問題ではなかったにもかかわらず 温かくご対応いただき とても感謝しています MISAKIさん そしてお名前を伺えなかったもう一人の店員さん お二人とも本当にありがとうございました また訪れる日を楽しみにしています
スターバックス コーヒー 厳島表参道店,5.0,user_3249,1ヶ月のお仕事で宮島に来ていた時に たくさんお世話になったお店 2階席の眺めはいつも最高でした そしてスタッフさんがいつも明るく声がけしてくださり 温かい気持ちになりました 思い出たくさんありがとうございました
スターバックス コーヒー 厳島表参道店,4.0,user_3250,宮島の厳島表参道にあり 宮島観光の合間や食後の手軽なコーヒータイムに大変便利です 2階席やテラスからは瀬戸内海や厳島神社の風景が美しくお拝め 常時観光客らで賑わっていますが かなり観光客向けのスタバです 夏はとにかく暑いですが スタバで涼んで休憩しながら散策した方がよろしいですね 宮島もそれなりに広く 島内は割と迷路みたいになってるので初見で勝手にチョロチョロ行ってしまうとわからなくなることも多々あり 目的地がはっきりしている場合は船を降りた時点で桟橋からタクシーに乗るのが無難かもしれません 特に宮島ロープウェイ方面は無料送迎バスが出ている情報もあるものの 実際のバスのりばも初見ではかなりわかりにくいですし しかもバスは20人乗りで本数も少なめです
スターバックス コーヒー 厳島表参道店,5.0,user_3251,宮島観光に疲れて立ち寄ったら 店員さんが気さくに声掛けてくれて楽したった 2階にはテラス席もあったけどテーブルがなかったなぁ でも景色は良かった
スターバックス コーヒー 厳島表参道店,5.0,user_3252,広島観光の際にGoogleマップで宮島にもスタバがあるのを見つけて立ち寄りました 日中暑いにもかかわらず観光地をかなり歩きまわったので ２階の店舗から海を眺めながら冷房の効いたスタバで快適に過ごすことが出来ました
スターバックス コーヒー 厳島表参道店,5.0,user_3253,宮島商店街を抜ける手前に位置しており 宮島フェリー乗り場よりも鳥居近くにあります 1階で注文をし 1階のテラス席か2階での飲食が可能です 初めての利用で2階の絶景には驚きました 宮島から見る廿日市の山や海 窓の端には松が見え日本を感じられ ゆっくりと静かにコーヒーを楽しめます 廿日市は木材でも有名で 木のぬくもりが感じれる店舗です 店員さんもコミュニケーション能力が高く 少しの英語なら伝わるようでした
スターバックス コーヒー 厳島表参道店,4.0,user_3254,景色が良く お昼どきだからか空いてました みんなわざわざ観光地でどこにでもあるスタバに入らないのかも しかしトイレは混みがちなのでご注意 注文した人しかもらえないパスワードでトイレのドアが開くかたち スタッフさんは声が小さいのにやや上から目線でちょい不快 お疲れか
スターバックス コーヒー 厳島表参道店,5.0,user_3255,安定のスタバ 外は凄い人なのに 意外と空いてるね ありがたいことに
スターバックス コーヒー 厳島表参道店,4.0,user_3256,宮島 厳島神社参道にあるスターバックス メニューは通常お店と同じ 参道の景色に合わせたのかもしれないが 黒を基調とした外装 他の飲食店のドギツイ看板との対比が際立つシックな雰囲気 2階にテラス付きの座席があり 瀬戸内海の美しい景色が楽しめる 平日の午後のせいか席は十分に空いていた
スターバックス コーヒー 厳島表参道店,5.0,user_3257,宮島から厳島神社へ向かう参道沿いにあるスターバックスコーヒー 海側からも入れますが 表玄関は商店街側です 店内は思ったよりかは狭いのでテイクアウトの方がお勧めです お客様は西洋の方が観光客の中では多いと思われますので オペレーションは他店舗より遅く感じました 雰囲気はとても良いので まずは一度訪問してみてください
スターバックス コーヒー 厳島表参道店,5.0,user_3258,ドリップコーヒー 頂きました こちら世界遺産厳島神社のある厳島表参道店 スターバックス はリージョナル ランドマーク ストアです リージョナルランドストアとは 日本の各地域の象徴となる場所に建築デザインされ 地域の文化を世界に発信する店舗の総称です 外観はシックなデザインになっています 店内も独特な伝統工芸品の杓字 しゃもじ を使用したアート等 他にはない所も魅力的です 2階のテラス席から大鳥居が見えるのは一軒の価値ありです 残念ながら限定のアロママグは売り切れでしたけど とても良いコーヒーブレイクは頂きました とても美味しかったです
スターバックス コーヒー 厳島表参道店,5.0,user_3259,夜20時まで営業しているので 夜景撮影のために時間を潰すのに助かりました 2階はとても暖かくて外の風で冷えた体が癒されましたし 店員さんはにこやかで適度な距離感で話しかけてくれたので 心まで温まりました 2階のトイレはレシートの上部に表示された番号を入力しないと使用できないので レシートは捨てたり無くさないように気をつけてください 少し操作に戸惑いましたが 書いてあることをきちんと読めば使えます もし番号がわからない 使えない場合は歩いて2 3分くらいの場所に公衆トイレがあります
スターバックス コーヒー 厳島表参道店,4.0,user_3260,6月に行きましたが 暑くて暑くて 大変でした 二階席は冷房ガンガンで フリーでトイレを使われないようにパスワード付きとか 観光地って大変なんだなぁと 今日は弁財天さんのご開帳日らしく朝から外は観光客だらけ 暑い日に一息つける こういうお店って大事ですね
スターバックス コーヒー 厳島表参道店,4.0,user_3261,宮島にもスターバックスができたんですね 店内は海外からのお客さんがほとんどなので 雰囲気は普通のスターバックス店舗よりはファミリー向けなフードコートっぽい 感じがします 2階でイートインできますテラス席もあって海が見れるのはgood
スターバックス コーヒー 厳島表参道店,4.0,user_3262,宮島厳島参道のスタバです 観光地なので激混みの時間帯もありますが 早い時間ならゆっくりできます 景色のいい席は早めに行くといいでしょう 接客最高ですよ
スターバックス コーヒー 厳島表参道店,2.0,user_3263,テイクアウト利用 蓋がコップに置いてあるような状態で袋に入れるってどうなのかなと しっかりこぼれてました もう一点問題がありましたがこちらはお店にお伝えしたので割愛 品質の問題 観光地 宮島 の店舗で残念な思いをすると 宮島 自体が残念な思いでになるので良い思い出になるサービスをして欲しい感じた広島県民でした
スターバックス コーヒー 厳島表参道店,5.0,user_3264,ﾟ スタバ ﾟ 宮島の厳島神社に通じる 表参道商店街にある日本で唯一船に 乗って行くスターバックスコーヒー𖠚ᐝ 2017年オープン以来 開店時間と同時に お客さんでいっぱいになる人気店 2Fに上がるとすぐ宮島の伝統工芸品 木製しゃもじのアートが壁にズラリ 海側のバルコニーから厳島神社の大鳥居を 眺める時間は特別 ストロベリーメリークリーム フラペチーノ 700 ほんのりバニラ風味でクリーミーな 甘酸っぱいストロベリー ゴロッとした果肉ソースに 上のホイップには シルバーシュガーがかわいく のっててキラキラ クリスマスにピッタリの1杯ෆ starbucks_j
スターバックス コーヒー 厳島表参道店,5.0,user_3265,2025 11 19 大鳥居も見えるしロケーション最高です
スターバックス コーヒー 厳島表参道店,4.0,user_3266,店内案内がとてもスムーズ アイスコーヒー ショートで380円は安い 店員さんのスマイル接客が素敵でした 今日のアイスコーヒーはケニア だそうだ メニューの文字が小さくて 老眼の身には少々気詰まりだったが ショート で通じて良かったー 多分 スモールと言っても通じたとは思うが 二階席でゆったりソファーに座って贅沢なコーヒー タイム
スターバックス コーヒー 厳島表参道店,5.0,user_3267,接客も飲み物も全部良かったです 店員さんはずっと笑顔でスムーズにフラペチーノを作ってくれました 宮島に行った時は是非行ってみてほしいです
スターバックス コーヒー 厳島表参道店,5.0,user_3268,2025 2 利用 宮島内のスターバックスさん フェリー乗り場を降りてのんびり歩いて5分弱 オープン時に入店したので混雑はなし 2階の窓際の席でのんびり過ごせました
スターバックス コーヒー 厳島表参道店,3.0,user_3269,トイレは２階にあり 扉を開けるためには番号が必要でした
スターバックス コーヒー 厳島表参道店,5.0,user_3270,瀬戸内海を望む高台 2階がイートインスペース 夕方4時を過ぎると観光客 インバウンドがフェリーで宮島口に渡ってしまうからか 途端に利用者が減りました 今回は あなご重を食べてから 厳島神社のお参りに ぐるっとまわったあとに寄ったので 腰かけて飲むアメリカーノに濃厚抹茶ティラミスがぴったりでした
スターバックス コーヒー 厳島表参道店,5.0,user_3271,宮島にあるスタバ 島民なので 仕事の合間によく訪れています _ スタッフさんもフレンドリーで雰囲気が好きです 季節によって変わる手作りボードを何気にチェックしてます笑 2階スペースには大きなテーブルもあり広々 デッキに出ると瀬戸内海を眺望できます またゆっくりコーヒー飲みに行こ
スターバックス コーヒー 厳島表参道店,5.0,user_3272,席は２階のみで エレベータも完備されています しゃもじの壁が印象的で とてもおしゃれな空間 です テラスからの眺めも良いですね
スターバックス コーヒー 厳島表参道店,5.0,user_3273,スターバックスのリージョナルランドマークストアの一つ 景色はいいが店内はいつものスタバとあまり変わらない 店内は二階のみ席があり 席数も少ないので繁忙期に座席確保はむずかしい
スターバックス コーヒー 厳島表参道店,3.0,user_3274,ゆずシトラスティーアイスがぬるくて味が薄かった 完全に作り方間違えてるwwwwここは観光客が多すぎてタイミングが悪いと２階に行っても座れない時があります 席が少なすぎる もう２店舗程作って欲しいです 待ち時間があるフェリー乗り場にも店舗が欲しい ２階へはエレベーターもあり便利ですが２階は狭いです
スターバックス コーヒー 厳島表参道店,5.0,user_3275,２階からの景色がいいです ベランダにも出れます 伺ったときはガラガラだったので より室内を堪能できました しゃもじで飾られた壁がなんともオシャレです すてきなアイデア
スターバックス コーヒー 厳島表参道店,2.0,user_3276,平日はガラガラでゆったりすごせます 土日は混みます 定員さんはフレンドリーですが顔馴染み客の接客は後ろに何人も待ってるのに長々と話していて待たされます 桜の限定ラテを頼んだらイメージと違って残念でした マグカップにしたかったのですが前の客と長々と話しててその客にはマグカップにするか聞いていたのにこちらの番になったら急ぐように食い気味で 注文を取られたのでマグカップにと言えなかったし聞いてももらえなかったです 見た目を楽しみにしていたのですが二階席に座って蓋を開けたらもう既にぐちゃぐちゃでした
スターバックス コーヒー 厳島表参道店,4.0,user_3277,店内のインテリアは宮島らしさの表現され しゃもじを重ねた壁面のデザインがおしゃれ 店員さんも大変フレンドリー 名前でオーダー品の品出ししてくれます 宮島焼きで出来た特性マグカップを買うこともできます ただしちょっとお高い バルコニーには長椅子でパラソルなど日よけがないため 外での長時間の滞在は厳しい 眺望は素晴らしく大鳥居も見えます 海側出口からでて植え込みの植栽の日陰でのんびりするのもおすすめ ただし食べ物 飲み物を持って座っているとどこからともなく鹿が現れるので注意 私はバックパックに入れていた菓子パンの匂いが気になったのか後ろから首を伸ばしてファスナーを開けられそうになりました
スターバックス コーヒー 厳島表参道店,5.0,user_3278,大好きなスタバが宮島にも ただ場所柄仕方がないのかもしれないし これまでいろんなことがあった結果こうなってしまったのかもしれないが お手洗いが購入時のレシートに印字されたパスワードをいれなければいけないというのは少し不便ですね
スターバックス コーヒー 厳島表参道店,5.0,user_3279,いつの間にか宮島にスターバックスができてました 店内は宮島らしく 素敵なつくりです 平日でしたので ゆっくり出来ました ベランダから 見る鳥居も綺麗でした
スターバックス コーヒー 厳島表参道店,4.0,user_3280,二階のお席からは海が見えます 壁にはおしゃれに宮島のしゃもじが こちらの店舗もリージョナルランドマークストアです 黒板のチヨークアートには鹿が隠れてました
スターバックス コーヒー 厳島表参道店,5.0,user_3281,観光繁忙期はお客が途切れることがなく 2階のイートインも一杯になりますが 朝10時頃までは比較的空いています 海側からも商店街側からも入れます 厳島神社の鳥居の手前にあり 参拝後に利用する方が多いですね 2階は海を見ながら休憩でき また トイレもあるので助かります
スターバックス コーヒー 厳島表参道店,5.0,user_3282,厳島神社付近の参道にあります 広島らしく しゃもじの壁面 圧巻です 厳島神社参拝後の ブレイクタイムにおすすめです 2階は ソファー席もあって のんびりできますよ
スターバックス コーヒー 厳島表参道店,5.0,user_3283,土曜日の午前中訪問です 普通のスタバです ただ 一休みするにはどこのスタバより空いており2階席でのんびり過ごせますし 大鳥居もベランダから眺めることができます
スターバックス コーヒー 厳島表参道店,4.0,user_3284,安定のスタバです ひねりの効いた接客 いい意味で はいつもほくそ笑んでしまいます 雨上りの蒸した朝だったのですが クーラーの効いた店内で生き返りました １階は店舗メインで２階にはくつろぎのスペースがあります テラスは海側にあり 景色もいいですがスペースが狭いので早い者勝ちです ２階もそんなに広くはないですが観光地なのでそんなに長居する人もいないようで 人の回転率はかなり良かったです 私が思うに 宮島内にもう一軒スタバの様な休憩できるところがあるといいなと思います
スターバックス コーヒー 厳島表参道店,5.0,user_3285,昨年2月 宮島泊の際に立ち寄りました スタッフさんに お名前を伺ってもよろしいですか と聞かれたのでこたえました 商品が出来上がると私の名前を呼んでくれ 間近に予定された宮島かき祭りにちなんだイラストを描き添えて 出して下さいました 店内空いており スタッフさんと少しお話をさせて頂き 楽しい旅の思い出となりました お土産に 広島限定スタバカードを購入しました
スターバックス コーヒー 厳島表参道店,4.0,user_3286,全国で 唯一船でしか行けないスタバです 場所がら落ち着いた内装で オーシャンビューのテラスがあります 厳島神社のお砂を練りこんだ 宮島焼きのカップ が素敵です
スターバックス コーヒー 厳島表参道店,5.0,user_3287,この店舗のほとんどのスタッフさんの接客対応が素晴らしく気軽に話せるから親しみを感じます 店長さんは常に冷静沈着でありながら楽天的なのですごく感じが良い スタッフ同士をニックネームで呼び合ったり個々の個性を尊重するスタバメゾットとも素晴らしい 私は弥山のハイクを終えた後にこのスタバでキャラメルマキアートのグランデを注文するのがルーティンになっています 3月下旬 11月中旬頃 星 の位置だと から までの時期 あと 新年のご挨拶の時も キャラメルしか勝たん と思いながらいつも美味しくキャラメルマキアートをいただいています
スターバックス コーヒー 厳島表参道店,1.0,user_3288,よくスタバを利用しますがここのスタッフ 特に若いの 態度悪くて気分悪くなるのでもう2度と利用しません らくが気する暇あったら接客なおしたほうがええんちゃいますかね 初めてスタバの店員さんに気分悪くされましたー
スターバックス コーヒー 厳島表参道店,5.0,user_3289,2階に上がると海が見えて ロケーションがいいです 壁はしゃもじで装飾されていて 宮島らしいスタバです お店のスタッフさんからもコーヒー待つ間に席取られた方がいいですよとアドバイスいただきました 宮島は国内外からのお客さんが多いので スタバが混み合う時間は 席取りも意識してくださいね
スターバックス コーヒー 厳島表参道店,5.0,user_3290,前に来たときに時間がなくて入れなかったので念願叶ってやっと行けました 店員さんがとっても気さくで新作のフラペチーノの説明を丁寧にしてくれてとても楽しかったです 二階に飲食のスペースがあって海を見ながらゆったりとできました 外国の方が来られるのでちょっと異国の気分も味わえてまたのんびり来ようと思いました 壁一面にしゃもじアートがあるのは綺麗でした なんとも宮島らしい 店員さんの話によると 宮島限定のマグカップが毎月1日に入荷するそうで数量限定お一人様お１つまでで 価格は7000円オーバーらしいです
スターバックス コーヒー 厳島表参道店,5.0,user_3291,見晴らしもよく居心地の良い店内 海外のお客様が圧倒的に多く落ち着いています パートナーさんには色々と親切にしていただき観光地ならではの慌ただしさを感じさせない心のゆとりのようなものを感じました 機会があればまた訪れたいです
スターバックス コーヒー 厳島表参道店,4.0,user_3292,ひさしぶりに訪問しました 観光客が多いが早い時間ならゆっくり出来ます
スターバックス コーヒー 厳島表参道店,5.0,user_3293,2階から見える景色に 癒されました 鹿さん達がゆっくり歩くのも見ることが出来ました
スターバックス コーヒー 厳島表参道店,4.0,user_3294,すごく人通りが多い場所でテーブル席は二階がメインでしたがとても眺めの良い店舗でした
スターバックス コーヒー 厳島表参道店,4.0,user_3295,景色が良く 2階にはテラス席もあり観光して一息つくには良いところです
スターバックス コーヒー 厳島表参道店,5.0,user_3296,客席からの景観が素晴らしかったです さすがスタバ 最高に居心地が良かったです
スターバックス コーヒー 厳島表参道店,3.0,user_3297,突然の雷雨で雨宿りがてらコーヒーを買って2階へ 満席で席を立つ人もなく立ったまま飲んでいたら 席待ちはお断りしています と わかるけど 外の状況もあるし 2階だから席の状況も注文の時点ではわからないのでそのあたり配慮してほしい
スターバックス コーヒー 厳島表参道店,5.0,user_3298,スタバ 表参道店 宮島ですよ バルコニーから 大鳥居が見えます 修理中年内完成だそうです 久々の エスプレッソアフォガートクリーム追加 大人のアフォガート
スターバックス コーヒー 厳島表参道店,5.0,user_3299,2023 10 14 18時ごろに行きました 注文までに20分近く並びました 新作のBoooフラペチーノを注文 カスタマイズできるか聞いたら親切に教えてくださいました 注文から受け取りまでは時間がかからずスムーズに カスタマイズでホイップ多めにしたらパフェみたいと店員さんが気さくに話しかけてくださったり 並びましたが楽しい時間になりました
スターバックス コーヒー 厳島表参道店,4.0,user_3300,2階の席からの眺望は最高です 飲み物 食べ物は いつものスタバで安心 店員さんのサービスは少しスローかなぁ
スターバックス コーヒー 厳島表参道店,5.0,user_3301,海の前にあるスタバです １階のカウンターでコーヒーを買って２階のゆったりとした席で飲めます 宮島から海を眺めながら贅沢な時間を過ごせます
スターバックス コーヒー 厳島表参道店,4.0,user_3302,9割が外国の人来客で海外旅行気分を味わえますw
スターバックス コーヒー 厳島表参道店,5.0,user_3303,ロケーションといい 雰囲気といい申し分ありません 勿論のこと味は美味しいです 厳島神社や界隈の観光の休憩に寄るといいでしょう 基本的に外国人の方々が多く利用しています
スターバックス コーヒー 厳島表参道店,4.0,user_3304,お茶したいと立ち寄りました 海とフェリー眺めながらディカフェアーモンドミルクを頂きました 至福の時間です
スターバックス コーヒー 厳島表参道店,5.0,user_3305,空いていたおかげか とても良かったです 店員さんも明るく良い人でした 明日から新発売というマフィンをひとかけらサービスしてもらったのですが ブルーベリーの酸味より 程よい大人の苦味を感じました コーヒーはブラックしか飲まないという人には甘すぎず とても合うと思います ただ店内は吹き抜けでそれほど冷房が効かないので 9月以降涼しい季節にデザート頼んで ホットコーヒーで景色を見ながらゆったりされたらいかがでしょうか 宮島の飲食店はあまり デザートがないようです 店内はスターバックスなので階段が急でしたが その分2階から降りたくなくなります笑
スターバックス コーヒー 厳島表参道店,4.0,user_3306,浜に出て大鳥居を眺めながら休憩して下さい 鹿に襲われないように気を付けて下さい
スターバックス コーヒー 厳島表参道店,5.0,user_3307,平日だからか二階席はとても空いていて静かで 落ち着いてPC作業ができました コンセントが使える席もあるし海も見えるし最高です 外国人客が多いので 受け渡し時にお客さんを呼ぶ時は ドリンク名ではなく名前 ニックネーム で呼ぶ 海外店舗スタイルとのこと 店員さんみんなフレンドリーで優しかったです テラス席の手すりは平らではないので ドリンクを置いて写真を撮るのは危険です ちゃんと手に持ちましょう
スターバックス コーヒー 厳島表参道店,4.0,user_3308,厳島神社の表参道のお店 テラスからは大鳥居が臨めます リージョナルランドマークストア 広島県廿日市市
スターバックス コーヒー 厳島表参道店,5.0,user_3309,さりげなく話が出来る女性スタッフが素敵 いい気分で利用出来た 2階窓から海がのんびり眺められる 暑いとつい駆け込みたくなってしまう 名前を聞かれるが 気恥ずかしいのでちょっと 個人情報だし どうなのでしょう と思ってしまう
スターバックス コーヒー 厳島表参道店,4.0,user_3310,2階席に20席ほど 大きなガラス窓が海側に向いていて 対岸の広島市内が一望できます インバウンドの外国客の方の利用も多いようですが 落ち着いたよい雰囲気です ドリンクの引き渡しの際に名前で呼び出してくれます スタッフの声かけも気さくで 東京のスタバとはまた雰囲気が違い 新鮮でした
スターバックス コーヒー 厳島表参道店,4.0,user_3311,大変暑い宮島でしたが スタバで暑さを凌げました 2階は景色もよく最高です
スターバックス コーヒー 厳島表参道店,4.0,user_3312,店員さんがフレンドリー 二階のバルコニーからは大鳥居も見えます 席が少なめで広々しています 休日は混みそう
スターバックス コーヒー 厳島表参道店,5.0,user_3313,宮島にもスタバができていたのですね 土曜日の夕方 空いてました 二階は三組程のお客さん 夜はホテルに泊まる人や島民の方しかお客さんいないのかな この景色で毎日コーヒー飲めたら幸せだなぁ
スターバックス コーヒー 厳島表参道店,3.0,user_3314,厳島の表参道にあって 2階からの景色が素敵ですよ 意外と穴場かもしれません
スターバックス コーヒー 厳島表参道店,4.0,user_3315,厳島神社手前にある宮島では貴重なコーヒーショップ 2階席からは瀬戸内海が望めるのでとても気持ちいいです
スターバックス コーヒー 厳島表参道店,5.0,user_3316,店員さんの対応が凄く良かったです 2階のバルコニーから厳島神社の鳥居が見えて素晴らしいです 観光の休憩におすすめです
スターバックス コーヒー 厳島表参道店,5.0,user_3317,全国に展開してるスターバックスコーヒー 何十県 何十店舗訪問したが ここ殆ど愛想の良い店舗があったか 2階に上がってコーヒーをいただくと 宮島の景色も相まって2倍にここコーヒーが美味しい 宮島を歩き疲れたらここお勧め
スターバックス コーヒー 厳島表参道店,5.0,user_3318,今日はあいにくの雨でしたが お天気良い日は最高だと思います ゆっくりできました
スターバックス コーヒー 厳島表参道店,5.0,user_3319,2Fフロアで頂きました オープンして間もなくの時間に訪問 空いていました お昼過ぎは混雑していました ごちそうさまでした ありがとうございました
スターバックス コーヒー 厳島表参道店,5.0,user_3320,2階からの景気は抜群です 島内のスタバなのでゆっくりしていて良い 店員さんもとても愛嬌があって気持ち良く接客してくれるのでありがたい カフェタイムにおすすめです
スターバックス コーヒー 厳島表参道店,4.0,user_3321,雰囲気は 最高です 海が見えます 店員さんも 明るく観光地について教えて下さいました
スターバックス コーヒー 厳島表参道店,5.0,user_3322,2階のスペースはいい眺めですよ 壁にしゃもじがたくさん貼り付けてました
スターバックス コーヒー 厳島表参道店,5.0,user_3323,2階のベランダから見た大鳥居 をガラスに反射させて観ると最高
スターバックス コーヒー 厳島表参道店,2.0,user_3324,期待値が高すぎたかなと 普通にスタバなので特にネガティブな評価もありません ただ もう少し広々とした特別感のある店内かと思いこんでいたので
スターバックス コーヒー 厳島表参道店,5.0,user_3325,宮島に スタバ 大鳥居も見えます 格別の一杯ですね
スターバックス コーヒー 厳島表参道店,5.0,user_3326,テラスからの眺め良く 日曜の午前中は空いてた どこの スタバもそうだけど ここのイケメンスタッフもとっても感じがいい
スターバックス コーヒー 厳島表参道店,3.0,user_3327,日本で唯一 船で渡るスターバックスという触れ込みらしい スタバは スタバ 代わり映えは 特にありません 京都や金沢のスタバの様に 建物に趣がある等ではありません こじんまりしたテラスから 鳥居は見えます 休憩には もってこいです
スターバックス コーヒー 厳島表参道店,4.0,user_3328,2024 12 31 初めて利用させてもらいました 2階からの景色が最高 とても癒やされました ドリップコーヒーとマラサダカスタードクリームドーナツを注文 どちらも美味しくいただきました ありがとうございました また 機会があったら行きたいな
スターバックス コーヒー 厳島表参道店,5.0,user_3329,こちらで口コミ見てたのでサービスがゆったりしているのは承知の上だったので まったり待てました スマイル最高の店員さんにお気に入りスタバカードを褒めていただき嬉しかったです 平日昼間は空いていて 二階は日本人の観光客ばかりです なんだかとっても安心感
スターバックス コーヒー 厳島表参道店,3.0,user_3330,宮島の景観を愛でながらゆっくりできる スタバ
スターバックス コーヒー 厳島表参道店,5.0,user_3331,厳島神社の前に一服 残念ながら駐輪場所はありません 店員さんと相談すると 折りたためば店内持ち込み可とのこと ありがたいコメントです また 帰りにはエレベーターがあるので使って下さいねと声も掛けてくれました フレンドリーな店員さん達に感謝です
スターバックス コーヒー 厳島表参道店,5.0,user_3332,店内は綺麗で居心地が良くいつも利用させて頂いてます 一つ気になることはトイレに入る際にレシート上のパスワードを入力して入るシステムのトイレになっているが 店員さんがパスワードを書き忘れてお客様が困ってることを多々見ます
スターバックス コーヒー 厳島表参道店,5.0,user_3333,店員さんの笑顔が声が凄く優しく とても楽しんでドリンクを楽しめました ZIMOTOフラペチーノ とっても美味しかったです また 宮島に来た際に利用したいです
スターバックス コーヒー 厳島表参道店,5.0,user_3334,2階がイートインスペース ここからの景色は素晴らしいので海を見ながら ゆっくり過ごすのもいい
スターバックス コーヒー 厳島表参道店,4.0,user_3335,安定のスタバ 2階席のテラスから海と鳥居が見えます なかなか乙です
スターバックス コーヒー 厳島表参道店,2.0,user_3336,雰囲気 景色良し ２階の広いテーブルにコンセントあり
スターバックス コーヒー 厳島表参道店,4.0,user_3337,海を眺めながらコーヒー ２階もありました
スターバックス コーヒー 厳島表参道店,4.0,user_3338,2階からの景色は良かったです 安定のスタバです
スターバックス コーヒー 厳島表参道店,1.0,user_3339,2024 10 20 17 50に利用
スターバックス コーヒー 厳島表参道店,3.0,user_3340,二階にはしゃもじいっぱいの壁や 外を眺望できます 広島検定のマグやタンブラーもありました
スターバックス コーヒー 厳島表参道店,4.0,user_3341,どこの街へ行っても華やかなスタバの店舗が この宮島では少し遠慮がちです 多くの観光客が歩く海岸の通りと 厳島神社の参道商店街の両面に対応した店舗ですが 少し手狭なのでしょうか 特色も上手く打ち出せていない気がしますね
スターバックス コーヒー 厳島表参道店,3.0,user_3342,テラスに出れば海は眺めること可能 外国人の方が半数以上です
スターバックス コーヒー 厳島表参道店,5.0,user_3343,綺麗な店です ２階に客席が有り 厳島神社が見えます
スターバックス コーヒー 厳島表参道店,4.0,user_3344,宮島港から徒歩5分くらい 表参道商店街にあり 海岸沿いなので景色最高です
スターバックス コーヒー 厳島表参道店,5.0,user_3345,参道の途中のちょうどなんか飲みたくなるええトコにあんねんなぁ
スターバックス コーヒー 厳島表参道店,4.0,user_3346,平日だったのでロケーションの良さも楽しめました 休日は混むんだろうなということで ４つ
スターバックス コーヒー 厳島表参道店,4.0,user_3347,土砂降りだったので 避難させてもらった 安定のスタバ
スターバックス コーヒー 厳島表参道店,5.0,user_3348,店員さんの感じも良く オペレーションもスムーズで気持ち良く利用出来ました 混み過ぎてないのも良いです
スターバックス コーヒー 厳島表参道店,5.0,user_3349,建物が 宮島の雰囲気に添ったモダンな和風テイストでした 二階が食べるところで 外にテラスがあり そこからの眺めは最高でした
スターバックス コーヒー 厳島表参道店,5.0,user_3350,宮島限定のマグカップを求めて入店 奇跡的に在庫があり 嫁と自分用に購入する事が出来ました 店内のイートインスペースは 2階のみで少し狭いですが こちらも運良く席が空いたので休憩する事が出来ました
スターバックス コーヒー 厳島表参道店,3.0,user_3351,とうとう侵略 他にも色々地元の珈琲屋あるので そっちもこっちも行ってみます テラスの眺めは良いです
スターバックス コーヒー 厳島表参道店,3.0,user_3352,1階が注文カウンター 2階がイートインスペースでした
スターバックス コーヒー 厳島表参道店,5.0,user_3353,ゆっくり出来ました 平日だったかも知れませんが
スターバックス コーヒー 厳島表参道店,5.0,user_3354,宮島にスタバ 2階に席があります 人少ないので 休憩場所の穴場です 景色最高
スターバックス コーヒー 厳島表参道店,5.0,user_3355,接客中の言葉使いも凄く丁寧で また行きたいと思わせる気持ち良いものでした
スターバックス コーヒー 厳島表参道店,4.0,user_3356,スタバ宮島にもありました
スターバックス コーヒー 厳島表参道店,5.0,user_3357,2階席からは海が見えて雰囲気バッチリ スタッフの方の接客も良かったですよ
スターバックス コーヒー 厳島表参道店,4.0,user_3358,メニューは定番品のみですが２階は海の景色抜群です
スターバックス コーヒー 厳島表参道店,5.0,user_3359,宮島観光の休憩に
スターバックス コーヒー 厳島表参道店,5.0,user_3360,店員のサービス態度がとても親切です
スターバックス コーヒー 厳島表参道店,5.0,user_3361,とても居心地が良い コンセント複数あります you can go if you need outlets and good coffee staffs
スターバックス コーヒー 厳島表参道店,5.0,user_3362,ゴリッと観光地なので電源などは提供していないかと思いきや ２Fのテーブル席に用意されておりました 座席数は宮島に来る観光客を考えるとそれほど多くないので 座ってゆっくりは難易度は高そうです
スターバックス コーヒー 厳島表参道店,4.0,user_3363,宮島にもスタバが 表参道通り商店街の端 大鳥居 厳島神社 寄り側にある 2F無料テイールームでゆっくり休める
スターバックス コーヒー 厳島表参道店,5.0,user_3364,本日 晴天 内海遠を眺めながらのモーニングコーヒー 落ち着きます
スターバックス コーヒー 厳島表参道店,3.0,user_3365,限定のマグカップを買いに行きましたが売り切れ 毎月1日に入荷と言われても そんなに何回も行けないなーと T T スタバさん 配送料を取ってもいいから在庫がない状況でも買える環境を構築してほしいヽ 結構テンション下がったーーー 記念に紹介カードだけ頂きました
スターバックス コーヒー 厳島表参道店,4.0,user_3366,フェリー桟橋と厳島神社の中間地点辺りにあり 行きでも帰りでもふらっと立ち寄れる感じです イートインスペースは2階のみ エレベーターの有無は確認していないのでわかりません 窓から大鳥居がよく見えました メニューは普通です 島内には地元のおしゃれなカフェや珈琲店もあり そちらの雰囲気もとても好きですが 旅先の特別感なくカジュアルに楽しめるのが観光地スタバの良いところかなと個人的には思います
スターバックス コーヒー 厳島表参道店,5.0,user_3367,店員さんの接客が素晴らしいです トイレも綺麗に掃除されてました ありがとうございます
スターバックス コーヒー 厳島表参道店,5.0,user_3368,安芸の宮島に有るスタバの二階で珈琲飲みながらひと休み テラスから動画
スターバックス コーヒー 厳島表参道店,4.0,user_3369,朝はほんとに空いてる すいててもカップに何も描いてくれないのがちょっと残念
スターバックス コーヒー 厳島表参道店,5.0,user_3370,2階のテラスからの眺めが素敵です 例に漏れずスタッフもとってもフレンドリー
スターバックス コーヒー 厳島表参道店,4.0,user_3371,厳島の雰囲気を壊さず同化した雰囲気のあるお店づくりをしている感じ 土地柄か英語での注文にも対応しとぃて外国人観光客も多く利用している 座席が2階なのだがエレベーターの位置がわかりづらいので必要な人はお店の人に聞くと良い
スターバックス コーヒー 厳島表参道店,5.0,user_3372,作りがとても開放的で見晴らしもいい
スターバックス コーヒー 厳島表参道店,5.0,user_3373,マイストアパスポート集めのため旅行中お邪魔しました 店員さん皆さんフレンドリーで会話も楽しかったです 当日が最終日だったことをお伝えすると 気を付けて帰ってくださいねと嬉しいお言葉を頂けました 船の時間がありtogoでしたが次伺えた時は店内でゆっくりくつろぎたいなぁ
スターバックス コーヒー 厳島表参道店,5.0,user_3374,イートインコーナーが2階にあり 厳島神社の大鳥居を眺めながら休むことが出来ます とても雰囲気の良いお店でした
スターバックス コーヒー 厳島表参道店,5.0,user_3375,宮島に着いてあまりにも寒くて駆け込みました 店員さん皆さん優しく声をかけて迎えてくださりました 店内で飲んで行こうと上のフロアへ向かう時も 眺めがとても良いので と本当に良い景色で 大好きなほうじ茶ティーラテもさらに美味しく感じました 店員さんとその後また少しお話をさせてもらって 雪の宮島はレアなので楽しんでくださいね いってらっしゃい とまで言ってくれました とても気持ちよく過ごせてその後も宮島観光を楽しめました また宮島へ行った時は必ず立ち寄りたいスタバです ごちそうさまです
スターバックス コーヒー 厳島表参道店,5.0,user_3376,モーニングを食べようと思っていたが コロナの影響で島内の飲食店が休業ばかりの中スタバを発見 とっても素敵な店員さんでした 眺めの良い席でゆっくりとした時間を過ごすことが出来ました
スターバックス コーヒー 厳島表参道店,4.0,user_3377,厳島神社を参拝し お土産物屋さんを散策した後に小休止するには 良い場所にお店があります 店員さんも明るく お店の2階から見える安芸灘の景色は素晴らしかったです
スターバックス コーヒー 厳島表参道店,5.0,user_3378,夕刻に行くと二階のテラスから宮島口方面に沈む夕陽が見れて凄く良い雰囲気ですよ スマホの電源を借りようと思ったのですが USBは未対応でしたが 借りれる場所をバリスタさんが教えてくれました 助かりました
スターバックス コーヒー 厳島表参道店,3.0,user_3379,観光地で飲むコーヒーは美味しいはず と思い立ち寄ってみましたが至って普通でした 特別に景色が良いわけでもなく コーヒーが美味しいわけでもなく 店内の雰囲気が良いわけでもなく 大抵観光地だと雰囲気で美味しく感じるはずなのに
スターバックス コーヒー 厳島表参道店,5.0,user_3380,何度 100回以上 も厳島には足を運んでいますが 少し前に初めて利用させていただきました ここの最大の強みは営業時間が長いことです 厳島にあるお店や飲食店は殆どのところが午後４時半 ６時で閉めてしまうため 少し観光の時間をオーバーしてしまったり 夜景の写真を撮りたい時等 午後５時以降に休憩で立ち寄れるお店は本当に貴重です 質問の中に ノートパソコンでの作業に適したお店ですか とありましたが 景色がとても良いので 作業をするのはかなり勿体無いお店です 近々また厳島に行く予定なので その時はまたお世話になるつもりです 店員さんがとても気さくで とても利用しやすかったです 管弦祭や菊花祭の時にはテイクアウトも利用しようと考えています
スターバックス コーヒー 厳島表参道店,5.0,user_3381,珍しい場所にあり スタンプ目当てで行きました
スターバックス コーヒー 厳島表参道店,4.0,user_3382,雰囲気 接客ともに言うことがないくらいよい 1つ カフェやゆったりする場所としては2階の音楽の音量が大きすぎるので少し小さく あくまでBGMの領域を超えないように設定して頂ければ最高です
スターバックス コーヒー 厳島表参道店,5.0,user_3383,宮島の絶景を堪能できるスタバ
スターバックス コーヒー 厳島表参道店,3.0,user_3384,仕事で宮島に入りました 仕事の話で初めて利用してみました 小さい店内ですが宮嶋仕様に木を使っているよでしょうか 和む気がしました 無理だけど お抹茶でも有ると最高なのに と思ってしまいました 脚の休憩に 少しだけ寄るのも悪くないかな
スターバックス コーヒー 厳島表参道店,4.0,user_3385,宮島にあるスタバ 特別なメニュー構成はありません 英語圏観光客には 安心できる様で 多くの外国人観光客が来店されていました まるで海外スターバックスにいるかのように前も後も西洋系観光客だったため カウンター全ての会話が英語 日本での良い思い出を持って帰っていただけるような会話内容にとてもほっこりできました
スターバックス コーヒー 厳島表参道店,3.0,user_3386,とうとう宮島へ進出して来ましたね スタバ好きには堪らないでしょうが 地方色とか現地モノを好む者としては違和感かな 当然建物は現地に合わせた外観だったり宮島ビールが併設だったりで気遣い を感じます ただ 私は諸手を挙げての万歳にはならないかな なので星三つ 宮島店にしかないメニューを提供するならば評価は変わるかも 紅葉 牡蠣 穴子 レモン関係か 新たな食材による広島らしさを演出してくれることを期待してます
スターバックス コーヒー 厳島表参道店,1.0,user_3387,トイレの自動ロックは 使えにくい 人が結構待っている しかもロックしてもあげてそうから
スターバックス コーヒー 厳島表参道店,2.0,user_3388,店内の電波の悪さは異常です みーーーんなスタバのアプリもPayPayも使えませんでした スタバのWi Fiがあるんだからそれをもっとわかりやすく掲示するべきかなと
スターバックス コーヒー 厳島表参道店,4.0,user_3389,平日 雨 ガラガラだから安心した笑 今はバナナフラペチーノだった
スターバックス コーヒー 厳島表参道店,5.0,user_3390,朝９時オープンと同時に２階に行くと 結構な時間を一人占め出来るのでオススメです 夕方18 00以降もほとんど人はいないので時間がある方は是非 ２階の壁に宮島ならではの しゃもじ 730枚を貼り付けた壁がありますが これはスタバのロゴマークのセイレーン ギリシャ神話に出てくる海の怪物 の鱗を表現しているそうです って スタバのロゴマークは怪物だったんですね てっきり人魚かと思ってました ちなみに世界遺産が望める立地へのスタバの出店はこの店舗が世界で初めてであり 船でしか行けない日本で唯一のスタバだそうです
スターバックス コーヒー 厳島表参道店,4.0,user_3391,二階から大鳥居が見えます
スターバックス コーヒー 厳島表参道店,5.0,user_3392,旅行の途中で立ち寄りました カップにドリンクの種類が書いてあるのは普通のことですが 名前と可愛い鹿のイラストまでかいてありました ２階で待っていたので帰りにお礼を言おうと思っていましたが 忙しそうだったのでお礼を伝えられませんでしたが とても嬉しい思い出です
スターバックス コーヒー 厳島表参道店,5.0,user_3393,立地良し オーシャンビューが良し ただ席数が40席と少なめなので難あり ミネラルウォーター スパークリングウォーターも在庫していて推せる テラス席もあるので暖かい季節にもオススメです
スターバックス コーヒー 厳島表参道店,4.0,user_3394,厳島神社観光の帰り道に寄らせてもらいました 同行者がここで限定のマグカップを購入したいとの事で色々と買い込んでしまい 後ろでお待ちの方々にはご迷惑をおかけしたかもしれません
スターバックス コーヒー 厳島表参道店,4.0,user_3395,広島限定 瀬戸内レモン シトラスいただきました コロナの影響で ほぼ ボッチでした
スターバックス コーヒー 厳島表参道店,5.0,user_3396,店員さんの接客が良く2階席からの眺めも良くくつろげました 平日の朝で空いてました
スターバックス コーヒー 厳島表参道店,4.0,user_3397,朝の時間 ゆっくりコーヒーを味わうことが出来ました リラックス出来る空間でした
スターバックス コーヒー 厳島表参道店,3.0,user_3398,7月10日13時頃レジしてた人の態度が凄く悪かったです いらっしゃいませも言わなかったし 同じ接客業してる身としてありえないなって思いました その他の人は良かったのに残念
スターバックス コーヒー 厳島表参道店,3.0,user_3399,ここまで来て スタバに日本人が行くのはなんだかなあと思います 欧米人の人がいっぱい居たので そういう人には良くわからない場所に行くより 英語対応できる人も居たので良いかなと思います 私は1時間近くご飯食べた後に時間潰し出来る場所として選択肢が見つからなかったので利用したけど
スターバックス コーヒー 厳島表参道店,3.0,user_3400,店舗は狭いですが こちらのテラスから一応鳥居は見れます
スターバックス コーヒー 厳島表参道店,4.0,user_3401,この場所でしか買えないマグがあってとても楽しみにして赴いたが 四半期に一度くらいしか生産しないので無いです とやんわり そこは残念だったが 代わりに丁寧なヒアリングからコーヒーの提案をしてくれるのでとても満喫できます
スターバックス コーヒー 厳島表参道店,5.0,user_3402,2階はバルコニー があり海が見えます
スターバックス コーヒー 厳島表参道店,3.0,user_3403,1階はこんでいますが 2階は人が少ないです 海が前面に見えてゆっくり出来ます
スターバックス コーヒー 厳島表参道店,5.0,user_3404,店員さんの対応が良くてコーヒーも美味しく飲む事ができました
スターバックス コーヒー 厳島表参道店,4.0,user_3405,朝ごはんを食べようと訪問しました ホットサンドとラテを頂きました 2階からの景色も良く ゆったりと美味しく 味と景色を満喫しました ありがとうございました
スターバックス コーヒー 厳島表参道店,5.0,user_3406,前から来たかったスタバ 女性のスタッフさんがとても気さくでいい 新作飲みましたかとか色々お話ししてくれるのが良い 2階からの景色がとても素晴らしい
スターバックス コーヒー 厳島表参道店,4.0,user_3407,厳島神社に来てまでスターバックス とは思うのだけど とにかく場所が良いんですよね あと こういう場所にある茶店や喫茶と比べて圧が無いので落ち着きます
スターバックス コーヒー 厳島表参道店,3.0,user_3408,宮島ならでわの内装で楽しめるのと 休憩するのに最高です 宮島に行ったら寄ってみてください お店の2階素敵です
スターバックス コーヒー 厳島表参道店,4.0,user_3409,静かな店内で 景色を眺めながら ゆっくりコーヒーを楽しめます
スターバックス コーヒー 厳島表参道店,5.0,user_3410,日本人のお客さんは我々以外に居らず 厳島神社を眺めながらも海外に行った気分
スターバックス コーヒー 厳島表参道店,3.0,user_3411,普通のスタバですが 観光名所にあるせいか 店員さんが気軽にはなしかけてきてくれました じかんにもよるんでしょうが なんかほっこりするスタバでした
スターバックス コーヒー 厳島表参道店,5.0,user_3412,綺麗なところでした
スターバックス コーヒー 厳島表参道店,2.0,user_3413,店内飲食は購入した順で 席が空いてなければ景色の良い店内では食べられません 仕方がないので海を見ながら食べていたら鹿にかじられました
スターバックス コーヒー 厳島表参道店,5.0,user_3414,土日祝日は満員ですが 平日の朝に行き ゆっくりさせてもらいました 2階の窓からのロケーションは最高
スターバックス コーヒー 厳島表参道店,5.0,user_3415,ちょっとした観光穴場まで教えていただいたり 感じの良い店でした 飲み物をこぼしてしまったお客様の対応も見ていて気持ちが良いものでした
スターバックス コーヒー 厳島表参道店,5.0,user_3416,宮島にあるスタバです ロケーションと雰囲気がいいです
スターバックス コーヒー 厳島表参道店,5.0,user_3417,二階から海を見ながら珈琲が楽しめます
スターバックス コーヒー 厳島表参道店,5.0,user_3418,ほとんどのスターバックスでは並ばないといけないけど すんなりと購入出来ました お薦めを尋ねたら丁寧に教えて貰えました 定番のラテはやっぱり美味しいですネ
スターバックス コーヒー 厳島表参道店,4.0,user_3419,スタッフの対応が素晴らしく 感じが良く海外のお客様にも良い接客でした 珈琲は熱く美味しい 季節限定の桜の香りのシフォンケーキがすごく美味しかった 二階の席が少ないので工夫が必要かもしれません
スターバックス コーヒー 厳島表参道店,4.0,user_3420,店も綺麗で 店員さんも愛想がいいです １階で注文して 2階で飲んだり食べたり出来ます
スターバックス コーヒー 厳島表参道店,5.0,user_3421,二階テラスからの海の眺めがステキでした
スターバックス コーヒー 厳島表参道店,4.0,user_3422,テラス席からは鳥居が見えるロケーション
スターバックス コーヒー 厳島表参道店,2.0,user_3423,スタバの中では 対応 スピードにおいて スタッフのレベルが低い 外国人観光者に対応できてない
スターバックス コーヒー 厳島表参道店,4.0,user_3424,２階は窓が広くて海が見えていいですよ 席数もあるのでくつろげます
スターバックス コーヒー 厳島表参道店,3.0,user_3425,いつだか スターバックスで出るコーヒーカスを消臭剤としてトイレ で使うとか聞いていたがココのトイレでは使ってない チョット臭 見た事あるのは段原店のみ
スターバックス コーヒー 厳島表参道店,4.0,user_3426,先月 2017 11 できたそうです 宮島にもチェーン店の波が押し寄せて来たようです フェリーの港周辺から厳島神社までのお店が随分改装されつつありますが 個人的には古びたお店がなくなるのが寂しいです
スターバックス コーヒー 厳島表参道店,4.0,user_3427,携帯の電源が無くなり 充電させていただきました スタッフの方もフレンドリーで 宮島の美しい景色を見ながらゆっくり 美味しいラテが飲めました
スターバックス コーヒー 厳島表参道店,5.0,user_3428,2階からコーヒーを飲みながら景色を見るのも最高と思います 店員さんも気軽に声をかけてくれます
スターバックス コーヒー 厳島表参道店,5.0,user_3429,安芸の宮島でスターバックスコーヒーが飲めるなんて想像もしていませんでした 宮島参拝の後の立ち寄りは何か落ち着きましました
スターバックス コーヒー 厳島表参道店,5.0,user_3430,GWも終わってちょうど空いてるときに来れました すごい落ち着いた雰囲気でくつろげました 景色もすごくいいです
スターバックス コーヒー 厳島表参道店,3.0,user_3431,立地もよく景観もいいところにあり 国内スターバックス唯一の 船で渡らなければ行けない店舗です
スターバックス コーヒー 厳島表参道店,5.0,user_3432,素敵な景色です
スターバックス コーヒー 厳島表参道店,4.0,user_3433,二階に椅子席があるので 瀬戸内海を眺めながらゆったり出来るので おすすめです
スターバックス コーヒー 厳島表参道店,5.0,user_3434,二階席の海景色は とても綺麗です 夜は ホテルのラウンジのように ゆったり過ごせました
スターバックス コーヒー 厳島表参道店,4.0,user_3435,新しい外観でキレイでした ２階に上がったら 席があり 宮島の海を眺める事ができます
スターバックス コーヒー 厳島表参道店,4.0,user_3436,今までなかったが あれ と思ったら やっぱりいい場所でした ゆっくり飲みながら見られるだって最高 スターバックスありがとう
スターバックス コーヒー 厳島表参道店,5.0,user_3437,ここでしか手に入らない高級マグカップがあります 厳島の砂も混じって作られているそうですよ 買う価値あり
スターバックス コーヒー 厳島表参道店,5.0,user_3438,月曜日に行ってきました 昼過ぎでもガラガラでした 行くなら月曜日がいいですよ 店員さんも行ってました
スターバックス コーヒー 厳島表参道店,5.0,user_3439,宮島にあるスターバックス 2回席から海を眺めれる 宮島らしい空間のカフェ 午前中がゆっくりできるかと
スターバックス コーヒー 厳島表参道店,5.0,user_3440,おしゃれなスタバです 席数はやや少なめですが 時間によっては空いているので2階のソファ席にも座れました
スターバックス コーヒー 厳島表参道店,5.0,user_3441,スターバックスさんでドリンクを受け取る時に名前で呼ばれたのは 厳島表参道店さんが初めてです 良いサービスと思います
スターバックス コーヒー 厳島表参道店,5.0,user_3442,スタッフのみなさん とても親切丁寧で お店は景観もよく 落ち着けます エスプレッソベースのコーヒーがとても美味しいです
スターバックス コーヒー 厳島表参道店,5.0,user_3443,わりとこじんまりとしたスタバ でした ロケーションは 海を見渡せる感じでとても快適空間でした
スターバックス コーヒー 厳島表参道店,5.0,user_3444,船に乗って行くスターバックス 2階は大きなガラス面で海が望めます テラスまで出れば大鳥居も見えます
スターバックス コーヒー 厳島表参道店,4.0,user_3445,店員さんの爽やかな対応に好感が持てた 初めて来たが また来てみようと思った ハムマリボ うまし
スターバックス コーヒー 厳島表参道店,5.0,user_3446,宮島の鳥居が見えるスタバです 2Fにはテラスがあり ゆったりくつろげます
スターバックス コーヒー 厳島表参道店,4.0,user_3447,二階の席は眺めが良いので天気が良い日は最高でしょうね
スターバックス コーヒー 厳島表参道店,5.0,user_3448,二階からの景色も良く定員さんの対応もとても親切で良かったです
スターバックス コーヒー 厳島表参道店,4.0,user_3449,二階のソファ席からの眺めが最高 スタッフが感じよくて好感です
スターバックス コーヒー 厳島表参道店,3.0,user_3450,観光地なのでとても並びますし待ちが長いです
スターバックス コーヒー 厳島表参道店,4.0,user_3451,ほかの店閉まってても ここは遅くまでやってるから助かる 夕刻以降は人が少ないし
スターバックス コーヒー 厳島表参道店,4.0,user_3452,海を眺められるのがとても素敵
スターバックス コーヒー 厳島表参道店,5.0,user_3453,いつ行っても いい感じです 今回は
スターバックス コーヒー 厳島表参道店,5.0,user_3454,夕焼けがとても綺麗なお店です
スターバックス コーヒー 厳島表参道店,5.0,user_3455,2階のロケーション最高です
スターバックス コーヒー 厳島表参道店,4.0,user_3456,つい見逃してしまう場所にあります そのためのんびりと落ちついてコーヒータイムが取れました
スターバックス コーヒー 厳島表参道店,5.0,user_3457,名前を聞かれて カップに書いてくれました o o 定員さんも気さくにお話ししてくれます
スターバックス コーヒー 厳島表参道店,5.0,user_3458,２階の窓から海を眺めながら飲むとホッとさせられます
スターバックス コーヒー 厳島表参道店,3.0,user_3459,宮島にスタバがあってびっくりしました 普通にスタバだったので落ち着きました
スターバックス コーヒー 厳島表参道店,5.0,user_3460,オーシャンビューで スタバ巡りをしてる方は是非とも訪れてほしいです
スターバックス コーヒー 厳島表参道店,5.0,user_3461,宮島にスターバックスが出来たのって思いながら母と一緒に休憩をしました
スターバックス コーヒー 厳島表参道店,2.0,user_3462,ご当地フラペチーノをオーダーしましたが レモンの風味は 無かったです
スターバックス コーヒー 厳島表参道店,5.0,user_3463,景色が綺麗で 店員さんもフレンドリーでした
スターバックス コーヒー 厳島表参道店,5.0,user_3464,二階から海を眺めながらのお茶タイムは最高ですよ
スターバックス コーヒー 厳島表参道店,5.0,user_3465,眺めが良いです 混んでなければゆっくりできます
スターバックス コーヒー 厳島表参道店,4.0,user_3466,客席が2階にあるので 瀬戸内海が見えます
スターバックス コーヒー 厳島表参道店,4.0,user_3467,宮島の海を眺めて珈琲を
スターバックス コーヒー 厳島表参道店,5.0,user_3468,しゃもじの壁があったり素晴らしい スタッフさんの気遣いも素敵
スターバックス コーヒー 厳島表参道店,5.0,user_3469,とにかく キレイ のんびり海を眺めながらコーヒーを楽しめて良いです
スターバックス コーヒー 厳島表参道店,3.0,user_3470,特に可もなく不可もなく 特別でもなく 普通のスタバです 休憩所にどうぞ
スターバックス コーヒー 厳島表参道店,4.0,user_3471,ここまで来てスタバ ゆったりとした環境でスタバもありですかね
スターバックス コーヒー 厳島表参道店,3.0,user_3472,お客様が多いです ピーク時はずらした方がいいかもしれません
スターバックス コーヒー 厳島表参道店,5.0,user_3473,しゃもじと景色が宮島限定
スターバックス コーヒー 厳島表参道店,2.0,user_3474,他のスタバに比べ 商品提供時間が少し遅いかな
スターバックス コーヒー 厳島表参道店,5.0,user_3475,いつも 笑顔で気持ち良く対応してくれます
スターバックス コーヒー 厳島表参道店,5.0,user_3476,よもや宮島に来てスタバのコーヒーを飲めるとは思わなかった
スターバックス コーヒー 厳島表参道店,4.0,user_3477,海に面した席があります とても落ち着いた雰囲気でした
スターバックス コーヒー 厳島表参道店,5.0,user_3478,二階もあり とてもゆっくり出来ます
スターバックス コーヒー 厳島表参道店,5.0,user_3479,宮島から対岸が見れてお勧めです
スターバックス コーヒー 厳島表参道店,5.0,user_3480,抹茶フラペチーノを食べましたが 最後の最後まで冷たくて美味しかった
スターバックス コーヒー 厳島表参道店,5.0,user_3481,店内のテラスからの景色が最高でした
スターバックス コーヒー 厳島表参道店,5.0,user_3482,2階席から瀬戸内の眺めがとても最高
スターバックス コーヒー 厳島表参道店,5.0,user_3483,紙袋は鹿に襲撃されますので注意
スターバックス コーヒー 厳島表参道店,4.0,user_3484,二階席のみ 景色最高です
スターバックス コーヒー 厳島表参道店,4.0,user_3485,2階のテラスから厳島神社の鳥居が見えます
スターバックス コーヒー 厳島表参道店,4.0,user_3486,静かで 空いてて落ち着いて コーヒーを味わえますよ
スターバックス コーヒー 厳島表参道店,5.0,user_3487,スタッフの対応が素晴らしかった また 行きたい
スターバックス コーヒー 厳島表参道店,5.0,user_3488,安定のスタバ どこにでもあるスタバ かなり並んでいました
スターバックス コーヒー 厳島表参道店,5.0,user_3489,海が見える2階はとても落ち着ける場所でした
スターバックス コーヒー 厳島表参道店,4.0,user_3490,店員さんが親切で笑顔がステキでした
スターバックス コーヒー 厳島表参道店,4.0,user_3491,店員さんがマニュアルどうりでなく感じいいです
スターバックス コーヒー 厳島表参道店,5.0,user_3492,女性の定員さんがものすごく感じがよいです
スターバックス コーヒー 厳島表参道店,4.0,user_3493,大鳥居が見えてとても気持ち良いロケーション
スターバックス コーヒー 厳島表参道店,5.0,user_3494,海も見えて落ち着いてコーヒーを楽しめます
スターバックス コーヒー 厳島表参道店,5.0,user_3495,ここの二回から見る広島方面は別格ですね
スターバックス コーヒー 厳島表参道店,4.0,user_3496,2階からお茶タイムが最高
スターバックス コーヒー 厳島表参道店,4.0,user_3497,2階でゆったりくつろげました
スターバックス コーヒー 厳島表参道店,5.0,user_3498,宮島にスターバックスが降臨 限定タンブラーあります
スターバックス コーヒー 厳島表参道店,4.0,user_3499,11 22 水 オープン 宮島の地ビールとコラボとか
スターバックス コーヒー 厳島表参道店,1.0,user_3500,混んでた
スターバックス コーヒー 厳島表参道店,3.0,user_3501,和の島にスタバ 素敵です
スターバックス コーヒー 厳島表参道店,5.0,user_3502,行くなら２階がお勧めです
スターバックス コーヒー 厳島表参道店,3.0,user_3503,2階は見晴らしがよい
スターバックス コーヒー 厳島表参道店,5.0,user_3504,素敵な雰囲気の店構え
スターバックス コーヒー 厳島表参道店,4.0,user_3505,混んでますので席を捕ってから
スターバックス コーヒー 厳島表参道店,3.0,user_3506,外から見ただけなのでね
スターバックス コーヒー 厳島表参道店,5.0,user_3507,宮島にあるスタバ 景色抜群
スターバックス コーヒー 厳島表参道店,5.0,user_3508,海を見ながらの景色が最高です
スターバックス コーヒー 厳島表参道店,4.0,user_3509,景色がゆっくり楽しめます
スターバックス コーヒー 厳島表参道店,5.0,user_3510,拠点最高
スターバックス コーヒー 厳島表参道店,4.0,user_3511,宮島にあったのでビックリ
スターバックス コーヒー 厳島表参道店,5.0,user_3512,外に出ると鹿がいました
スターバックス コーヒー 厳島表参道店,3.0,user_3513,景色は良いですね
スターバックス コーヒー 厳島表参道店,5.0,user_3514,ここにあるとは思わなかったね
スターバックス コーヒー 厳島表参道店,3.0,user_3515,なかなか景色が良かった
スターバックス コーヒー 厳島表参道店,5.0,user_3516,とても居心地が良かった
スターバックス コーヒー 厳島表参道店,4.0,user_3517,おしゃれな外観です
スターバックス コーヒー 厳島表参道店,3.0,user_3518,可もなく不可もなし
スターバックス コーヒー 厳島表参道店,4.0,user_3519,とてもローションが良いです
スターバックス コーヒー 厳島表参道店,5.0,user_3520,宮島で休憩するならここ
スターバックス コーヒー 厳島表参道店,5.0,user_3521,見晴らし最高
スターバックス コーヒー 厳島表参道店,2.0,user_3522,狭すぎました
スターバックス コーヒー 厳島表参道店,5.0,user_3523,テーブル関係がやすっぽい
スターバックス コーヒー 厳島表参道店,4.0,user_3524,お気に入りの１店舗
スターバックス コーヒー 厳島表参道店,4.0,user_3525,眺め素晴らしいです
スターバックス コーヒー 厳島表参道店,5.0,user_3526,景色も最高
スターバックス コーヒー 厳島表参道店,5.0,user_3527,最高です
スターバックス コーヒー 厳島表参道店,5.0,user_3528,景色良し
スターバックス コーヒー 厳島表参道店,5.0,user_3529,まさに インバウンドのオアシスです
スターバックス コーヒー 厳島表参道店,5.0,user_3530,最高
スターバックス コーヒー 厳島表参道店,4.0,user_3531,海が見えて善き
スターバックス コーヒー 厳島表参道店,4.0,user_3532,こんな場所にまであるんだ
スターバックス コーヒー 厳島表参道店,3.0,user_3533,スターバックスですね
スターバックス コーヒー 厳島表参道店,5.0,user_3534,お腹いっぱいね
スターバックス コーヒー 厳島表参道店,4.0,user_3535,店長が親切
スターバックス コーヒー 厳島表参道店,5.0,user_3536,バッチリです
スターバックス コーヒー 厳島表参道店,5.0,user_3537,温かいサービス
スターバックス コーヒー 厳島表参道店,4.0,user_3538,新作沢山
スターバックス コーヒー 厳島表参道店,3.0,user_3539,海岸を見渡せる
スターバックス コーヒー 厳島表参道店,5.0,user_3540,海とコーヒー
スターバックス コーヒー 厳島表参道店,3.0,user_3541,宮島にある リージョナルストアに登録されているスタバです
スターバックス コーヒー 厳島表参道店,4.0,user_3542,初来店させて頂きました 店内2階で景色がとても良くのんびりできました
スターバックス コーヒー 厳島表参道店,4.0,user_3543,2021年12月来店 しゃもじが壁のアートになってたり さすが宮島にあるスターバックスという感じ 2階の大きい窓からは海が一望できて すごくいい空間 朝早かったからか 店内は空いてて贅沢な空間をしばらく独り占めできました
スターバックス コーヒー 厳島表参道店,5.0,user_3544,宮島フェリー乗り場から厳島神社の間にあります 席は混んでいるかなと思いながら 2階へ上がったら 朝9時過ぎでしたが すんなり座れました 窓に近い席だったので 景色もよく参拝前のひとときをゆったり過ごしました トイレ利用には レジでもらった暗証番号が必要です
スターバックス コーヒー 厳島表参道店,5.0,user_3545,宮島にあるスターバックスです 景観がいいのと さすがに宮島に来ている観光客の方の多くは別のカフェや喫茶店に行くということでわりと空いていました 干潮を待つのに利用しましたが ちょうどよかったです
スターバックス コーヒー 厳島表参道店,5.0,user_3546,フェリーターミナルを右に出て海沿いの道を進むとあるスタバ
スターバックス コーヒー 厳島表参道店,5.0,user_3547,とてもユニークなスターバックス 2階は美しくデザインされていて 地元の しゃもじ をインテリアに取り入れています 何百本ものしゃもじで飾られた壁は圧巻です 夜に2階から眺める鳥居の景色は 本当に素晴らしいです
スターバックス コーヒー 厳島表参道店,5.0,user_3548,星５つです 私たちがここに滞在した日は 焼けつくような暑さで 日焼けして汗が止まらず もう死にそうでした 幸せそうなホッキョクグマと可愛いイッカクが描かれた青いTシャツを着れば この神秘的な宮島の精霊を鎮めて涼しくなれると思ったのですが 全く効果がありませんでした 暑くて死にそうだった時 少し離れたところに見覚えのあるスターバックスのロゴが目に入りました スターバックス わーーーー 悟りを開いたような音が聞こえる やったー 汗だくでバリスタに会うのが恥ずかしくてお店まで歩いて行きましたが 嬉しいことに そこで働く皆さんは皆とても明るくて Erikoさんという素敵でとてもフレンドリーなバリスタの方がいて 一人一人のお客さんに優しく対応してくれました 英語が話せないお客さんもいる中 辛抱強く注文を聞いてくれました 注文を受けた後 彼女はお客さんの名前をカタカナで書いてくれると伝えてくれました 日本人ならではの心遣い なんて素敵なんでしょう そして 一人一人のトイレのコードを トイレピーピーピーピー とジェスチャーで丁寧に書いてくれました 本当に素晴らしい心遣いです 2人目のバリスタさんは 笑顔で楽しそうにドリンクを作ってくれていました ここは観光地です 特にこの暑い時期には 観光客がみんな親切なわけではありませんよね でも ミチョという名のバリスタさんは 笑顔でお客さんの名前を呼んでくれました カタカナで呼んでくれたんだと思います なんてやる気のある方なんでしょう 素晴らしい これらのバリスタさんは まさに日本人のおもてなしの心を体現しています 称賛に値します 2階にはたくさんの席があり 素敵なインテリアで海が見えます 店内は清潔で居心地が良く ゆっくりと涼むのに最適な場所です 友達も一緒に行きましたが バリスタさんの感じの良さを絶賛していました スタッフは彼に出身地を尋ね チェコ出身だと聞いて大喜びしていました 彼の名前がマークではないことは気にしないでください 彼は東欧風の変わった名前なので スターバックスで注文するときはマークを使っています とにかく ここに来られて本当に嬉しいです ここは猛暑と日焼けした観光客の群れから逃れられる 私だけの空間です スターバックス宮島店のスタッフの皆さん 本当にありがとうございます 素晴らしい仕事ぶりです わあ 私の名前を書いてくれたのがすごく気に入りました カタカナじゃないから きっと特別なんだと思います ハートと鹿の絵とキラキラの飾りが添えられています ああ 宮島スターバックス ありがとう この思い出は2025年の日本旅行の大きな思い出として大切にします
スターバックス コーヒー 厳島表参道店,3.0,user_3549,ふらふらと歩いていたらスターバックスを見つけました もちろん 入って飲み物を注文して少し休憩したかったんです ところが トイレに暗証番号があるとは思いませんでした 注文時に案内されるはずです 暗証番号はレジのレシートに書いてあると聞いていたのですが たいていは飲み物を受け取る時にレシートを店員に渡すだけで 店員はそれを保管してくれません じゃあ どうやって暗証番号を知るのでしょう たいていは気づかないですよね それから トイレに行こうとしたら入れませんでした 1階に行って店員に尋ねましたが 店員は暗証番号はレシートにあると言い続けました レシートをなくして保管していないことを2度説明した後 暗証番号が書かれた紙切れをくれました 本当に不便 親切なリマインダーですね 暗証番号ロックもあまり使いやすくありません
スターバックス コーヒー 厳島表参道店,5.0,user_3550,オーシャンビューのスターバックスでは 200年以上の歴史を持つ宮島の特産品であるしゃもじで作られた 宮島スプーンウォール が特に印象的です 木の香りとコーヒーの香りが溶け合い お手頃価格でありながら非常に美しい空間です
スターバックス コーヒー 厳島表参道店,5.0,user_3551,スタッフはとても親切で歓迎してくれました ドリンクも完璧に作られていて ロケーションも最高でした ありがとうございました
スターバックス コーヒー 厳島表参道店,5.0,user_3552,瀬戸内海の素晴らしい景色が楽しめるのですが 店内の席数が足りません ヨーロッパのお客さんに椅子を貸してほしいと頼まれたことさえありました
スターバックス コーヒー 厳島表参道店,5.0,user_3553,スターバックスなので料理も美味しかったですが サービスも素晴らしかったです 担当してくれた女性はとても親切で 素敵な会話をしてくれました ナプキンにクリスマスの飾りを描いてくれました ありがとうございました
スターバックス コーヒー 厳島表参道店,5.0,user_3554,24 11 28 木曜日 スタッフサービス最高で2階屋外で見る海ビュー最高です 快適な椅子があり Wi Fiはうまくいって良いです
スターバックス コーヒー 厳島表参道店,5.0,user_3555,宮島随一のスターバックス 表参道を散策した後は コーヒーを片手にひと休み トイレのご利用にはパスワードが必要です レシートに記載されています
スターバックス コーヒー 厳島表参道店,5.0,user_3556,遅くまでするカフェがあまりなくて行くようになったスターバックス 温かいほじ茶ラーテを一杯飲んだのに甘いので美味しいです 静かでビューまで最高でした スタッフの皆さん 最高に親切です
スターバックス コーヒー 厳島表参道店,5.0,user_3557,2階からは美しい景色が楽しめ スタッフもとてもフレンドリーです まるで家にいるような最高のクリスマスイブでした
スターバックス コーヒー 厳島表参道店,5.0,user_3558,ミクさんと彼女のスタッフは最高です 接客中もとてもフレンドリーで 私たちがお互いを理解できるよう日本語で名前を教えてくれたりもしました 彼女たちの存在が違いを生み出しているんです この瞬間のためにスターバックスに来ることができて本当に嬉しかったです ありがとう みんな
スターバックス コーヒー 厳島表参道店,5.0,user_3559,街の中心部に位置するスターバックス 2階には40席あり 宮島の海岸と大鳥居の美しい景色を一望できます サービスは誠実で 笑顔と丁寧な応対が印象的でした
スターバックス コーヒー 厳島表参道店,5.0,user_3560,2階ビューがとても良いです 私は朝早くここに訪れましたがスタッフも親切で どこから来たのか 日本語を話すかどうかなどの質問をするのを見ては日本語を話せると分かっていればスモールトーキングもできそうです 飲み物もとても美味しかったです
スターバックス コーヒー 厳島表参道店,4.0,user_3561,訪問日 2025年4月8日 日本国内のスターバックス25店舗のうちの1つとして紹介されていたため 期待が高すぎたのかもしれません 実際に行ってみると 店構えはやや狭く 眺めも期待していたほどではありませんでした
スターバックス コーヒー 厳島表参道店,4.0,user_3562,スタッフはとても親切でした 厳島神社のすぐ隣に位置しています 2025年6月8日 日
スターバックス コーヒー 厳島表参道店,5.0,user_3563,コーヒーの写真をむしろ撮れませんでした スターバックスはどこの庭でもすっきりとした雰囲気がメリットです
スターバックス コーヒー 厳島表参道店,5.0,user_3564,厳島表参道の終点に位置するスターバックス支店 1階は注文専用 2階にテラスと40席ほどのテーブル席がある 船着場と厳島神社の間において しばらく休んで良い位置にある 1階に待ち行列が常にあるが 2階は相対的に寒山の方だ サービス速度が速く 待ち行列はすぐに減る方で 2階にトイレ2ルーム 女性専用1 男女共用1 が用意されている 2階階段の反対側にエレベーターが運行する
スターバックス コーヒー 厳島表参道店,5.0,user_3565,カフェの建物を除けば 厳島表参道店は景色が最高に綺麗です 店内は2階にあります 今回は昼から夜まで滞在する機会に恵まれました 時間によって違う宮島と大鳥居の美しさを堪能できました この辺りに来る機会があれば ぜひ巡礼に訪れてみてください
スターバックス コーヒー 厳島表参道店,5.0,user_3566,スタッフの方々はとても丁寧で 英語でのコミュニケーションも全く問題ありませんでした 店内の雰囲気もとても快適でした トイレも清潔でした 外の景色も素晴らしかったです
スターバックス コーヒー 厳島表参道店,5.0,user_3567,このスターバックスから見える景色は最高でした 美しい景色に感動しました 鳥居と 海を眺めながら人々の間を自由に歩き回る鹿たち 本当にうっとりしました 一生の思い出に残る体験をしたいなら この場所を強くお勧めします
スターバックス コーヒー 厳島表参道店,4.0,user_3568,スタッフはとても親切でしたが サービスは信じられないほど遅かったです 2階からの眺めは素晴らしく 時間があればゆっくりと景色を楽しむことができました 当初は地本マグカップを購入しようと思っていたのですが 毎月1日にはほぼ必ず売り切れてしまうとのことでした
スターバックス コーヒー 厳島表参道店,4.0,user_3569,ドーナツはまあまあでしたが バレンタインデーのチョコレートドリンクについて少しお話させてください 本当に美味しかったです 本当におすすめです
スターバックス コーヒー 厳島表参道店,4.0,user_3570,正門は旧街道沿い 裏門は海に面しています まずは厳島神社を参拝し その後旧街道沿いを散策して正門から入るのがおすすめです 2階には屋内と屋外の席があり 窓際の席は満席になることも多いですが 30分から1時間ほどで席が見つかることも 窓際の席からは 2つの大きな鳥居が見えます 写真撮影の腕次第で その美しさはきっと見つかるはずです
スターバックス コーヒー 厳島表参道店,5.0,user_3571,ビーチフロントに位置するスターバックス 暑い天気で2階席でゆっくり休んで景色を鑑賞できてよかったです
スターバックス コーヒー 厳島表参道店,5.0,user_3572,景色は素晴らしく スタッフの皆さんもとても親切でした エアコンも最高でした エアコンを探すのに苦労しましたが こんなに素晴らしい場所を見つけられて本当に驚きました スターバックスさん ありがとうございます こんにちは
スターバックス コーヒー 厳島表参道店,5.0,user_3573,入店した瞬間から このお店が本当に気に入りました とても丁寧な対応をしていただきました それに加えて バナナフラペチーノをサービスしてくれた素敵で可愛い店員さんがいました ドリンクを作っている時に 私のスプラトゥーンのヘアクリップを見て 私を褒めてくれたんです そして お話もしました ドリンクが出来上がると カップがスプラトゥーンの絵柄でデコレーションされ 本当に感謝の気持ちが伝わってきました 私も彼女にカップをデコレーションしました また日本に戻って このお店に来られる機会があれば嬉しいです 要約 誰かの一日を明るくすることは 本当に誰かの力になるんです
スターバックス コーヒー 厳島表参道店,5.0,user_3574,ホット抹茶コーヒーは甘すぎたので アイスを注文することをおすすめします トイレは清潔で良かったです 観光客からパスワードを聞き出そうとしているようでした
スターバックス コーヒー 厳島表参道店,5.0,user_3575,とても親切です スタッフの方々の優しさに癒されました 無料サンプルを配布している日にも来店しました
スターバックス コーヒー 厳島表参道店,5.0,user_3576,2階からの眺めはなかなか良いですよ コーヒーを買って 大きな鳥居を眺めに上がってみるのもいいでしょう
スターバックス コーヒー 厳島表参道店,5.0,user_3577,宮島のスターバックスは人気スポットですが 宮島限定のスターバックスグッズは販売されていません それでも店内は人で溢れており コーヒーを飲むには活気のある場所です 居心地の良い雰囲気も魅力で 周辺を散策した後にリラックスするのに最適です 混雑していても お気に入りのドリンクをゆっくりと楽しむことができる素敵な場所です 宮島観光の休憩におすすめです
スターバックス コーヒー 厳島表参道店,4.0,user_3578,2階に楽でビューも良い席があるがいくつもない 幸い幸運にも座って快適な時間を過ごすことができてよかった
スターバックス コーヒー 厳島表参道店,4.0,user_3579,とても賑やかなコーヒーショップです 美味しいケーキが売られています 2階には桟橋と本土の素晴らしい景色が見える素敵な座席エリアがあります
スターバックス コーヒー 厳島表参道店,4.0,user_3580,内装は特に目立ったものではありませんが 最高の眺めは外にあります 2階のバルコニーで写真を撮ることができます 2019年5月
スターバックス コーヒー 厳島表参道店,5.0,user_3581,朝早く行くと席も広がります スタッフが親切にスモールトークもしてくれて カップに名前も書いてください
スターバックス コーヒー 厳島表参道店,5.0,user_3582,宮島唯一のスターバックスで 2階からの眺めは宮島の景色を楽しむのに最適です
スターバックス コーヒー 厳島表参道店,5.0,user_3583,スタッフの方々の対応もとても良かったです 宮島限定カップは売り切れていましたが また機会があれば訪れたいと思っています
スターバックス コーヒー 厳島表参道店,5.0,user_3584,このスターバックスは 厳島神社近くの商店街の端に位置し 海越しに鳥居が見える場所です 座席は2階にあり エレベーターは1階の屋外にあります 座席のバルコニーからは 海と鳥居の景色を眺めることができます
スターバックス コーヒー 厳島表参道店,5.0,user_3585,先にお店に行って ショートサイズの抹茶ラテを注文して2階へ上がりました 車椅子に乗っているのですが 親切なスタッフが抹茶ラテを持ってきてくれました ありがとうございます
スターバックス コーヒー 厳島表参道店,5.0,user_3586,スタッフの方がとても親切 宮島でゴミ捨てる場所があまりないのにここで捨てることができますよ 2階ビューは海は見えますが それほど素晴らしいビューではありません
スターバックス コーヒー 厳島表参道店,5.0,user_3587,素晴らしい景色と ユニークで美味しいデザートメニューが楽しめるお店です スタッフはとてもフレンドリーです
スターバックス コーヒー 厳島表参道店,4.0,user_3588,戦略的な場所にあり 反対側の景色も見渡せるので いつも人が集まっています 夕日を眺めるには早めに来ることをお勧めします スタッフはとてもフレンドリーで 最高の仕事をしてくれます コーヒーも最高です トイレだけ改善してほしいです 使えるトイレが1つしかないので 次回来る時にはもう直っているといいのですが
スターバックス コーヒー 厳島表参道店,5.0,user_3589,トイレのパスワードを取得するには 購入する必要があります スタッフはとても親切でフレンドリーです
スターバックス コーヒー 厳島表参道店,5.0,user_3590,美しい景色 素晴らしい雰囲気 そして本当に素晴らしいサービス 2階からは大きな鳥居が見えます
スターバックス コーヒー 厳島表参道店,1.0,user_3591,何か買わない限り 3歳の子供にトイレを使わせません しかも 買うのに長蛇の列ができていたんです バカは直せない
スターバックス コーヒー 厳島表参道店,5.0,user_3592,夏は冷たいコーヒー 冬は温かいモカラテ 鳥居を眺めながら ただゆったりとくつろぐのに最適な場所です
スターバックス コーヒー 厳島表参道店,5.0,user_3593,友人の代理で桜グッズを見に行きました スタッフの方に助けを求めましたが 結局何も買わなかったにもかかわらず とても親切で丁寧な対応をしていただきました 宮島限定のグッズカップがあるので コレクターの方はぜひ購入を検討してみてください
スターバックス コーヒー 厳島表参道店,5.0,user_3594,2 階のトイレにはパスワードがかかっており 使用するには 1 階に行ってパスワードを取得する必要があります
スターバックス コーヒー 厳島表参道店,5.0,user_3595,トイレをご利用の際は ダイヤル錠で施錠されていることを必ずお忘れなく ご利用の際は解錠が必要です
スターバックス コーヒー 厳島表参道店,4.0,user_3596,2F展望台 両方の鳥居を同時に眺めることができます
スターバックス コーヒー 厳島表参道店,5.0,user_3597,ブルワリー側のエレベーターに乗って上がることができます 内部は思ったより広くはありませんが快適です
スターバックス コーヒー 厳島表参道店,3.0,user_3598,島にスターバックスがあるのは素晴らしいですね お店はとても素敵で 2階のテーブル席からは美しい景色が楽しめます サービスも良いです
スターバックス コーヒー 厳島表参道店,4.0,user_3599,景色大丈夫で抹茶クリームプラプチーノも美味しかったです 抹茶キットキャットより少し濃い味わいにホイップクリームが本当に柔らかくて美味しかったです
スターバックス コーヒー 厳島表参道店,5.0,user_3600,そんなに大きくない店舗だが 2階にあると悪くない 一緒に休んでいけばちょうどいいところ
スターバックス コーヒー 厳島表参道店,5.0,user_3601,島で唯一のスターバックスは リラックスして景色を楽しむのに最適な場所です
スターバックス コーヒー 厳島表参道店,5.0,user_3602,2階の部屋からの眺めは最高でした 自分の名前を日本語で書く方法も覚えました
スターバックス コーヒー 厳島表参道店,5.0,user_3603,本島と神社の素晴らしい景色 月曜日は空いているので助かる
スターバックス コーヒー 厳島表参道店,5.0,user_3604,2階の屋外バルコニーからは 海に浮かぶ大鳥居を遠望できます
スターバックス コーヒー 厳島表参道店,5.0,user_3605,人が多いのにスタッフがとてもフレンドリーだ ウェイティングで待っていれば分かってメニュー板を持ってくれながら あらかじめ注文するメニューを考えることができるようにする 厳島神社と大正院までの旅にとても疲れ 店頭で食べることにした ドーナツとコーヒーを持って2階に向かった 2階には海も見え 雰囲気がとても良かった 他の日本食堂でも感じられなかったフレンドリーな接客にもう一度感謝します
スターバックス コーヒー 厳島表参道店,5.0,user_3606,宮島前海と大鳥が見える最高の景色 フレンドリーなステップ 5時を過ぎるとほとんど扉を閉める宮島で宝石のようなところ
スターバックス コーヒー 厳島表参道店,4.0,user_3607,スターバックスのフラペチーノはいつも美味しい 日本版も美味しい
スターバックス コーヒー 厳島表参道店,5.0,user_3608,スタッフはフレンドリーで 上の階は静かなラウンジのような雰囲気で 上の階からは鳥居の素晴らしい眺めが楽しめます
スターバックス コーヒー 厳島表参道店,5.0,user_3609,残念ながら雨が降っていた しかし スターバックスから雨の中の鳥居を眺めるのは 独特の魅力があった 建物の外観は非常に伝統的だったが 内部空間はやや狭く 限られたスペースしかなかった
スターバックス コーヒー 厳島表参道店,5.0,user_3610,スタッフは親切で お客さんに対してとても忍耐強く接してくれます 2階のダイニングルームはとてもリラックスできて 人混みから離れてゆっくり過ごせる素敵な空間です 抹茶ラテと抹茶ロールケーキを注文しましたが 特にメモは書きませんでした またぜひ来たいと思います
スターバックス コーヒー 厳島表参道店,5.0,user_3611,2階からは海に面した鳥居が見え 全体的な雰囲気もとても良いです
スターバックス コーヒー 厳島表参道店,5.0,user_3612,名勝地の厳島神社を眺めながら コーヒーを一杯できます 抹茶ラテの味が良かったです
スターバックス コーヒー 厳島表参道店,5.0,user_3613,スタッフはとても親切で可愛いです 2階からの眺めは最高です 島が混雑している割には席数も十分です スターバックスの広島グッズがもっとあればよかったです
スターバックス コーヒー 厳島表参道店,4.0,user_3614,眺めの良い素晴らしいスターバックスですが 残念ながら個性的なマグカップは販売していません
スターバックス コーヒー 厳島表参道店,4.0,user_3615,厳島にある唯一のスターバックスは非常に人気があり 多くの客で賑わっている
スターバックス コーヒー 厳島表参道店,5.0,user_3616,広島湾の素晴らしい景色が楽しめる モダンで素敵なスターバックス スタッフも親切 バルコニー付きのゆったりとした座席エリアからは 有名な宮島の海鳥居が見える
スターバックス コーヒー 厳島表参道店,5.0,user_3617,ついに 入手困難と言われていたスターバックスのマグカップを手に入れました すごく嬉しいです
スターバックス コーヒー 厳島表参道店,4.0,user_3618,スタッフの方々はとても親切で感じが良かったです 紅茶と豆乳を注文しましたが とても美味しかったです 席も十分あったので 店内で涼むことができました
スターバックス コーヒー 厳島表参道店,5.0,user_3619,非常に感じの良いスタッフで 私たちが注文を 待っている 間に小さなコーヒーを出してくれたり 記念品を見ている間も親切にしてくれたり 私の全く話せない日本語を褒めてくれたりしました 座席エリアは海が見える素敵な場所です
スターバックス コーヒー 厳島表参道店,4.0,user_3620,台湾に比べると日本のスターバックスは安いです
スターバックス コーヒー 厳島表参道店,5.0,user_3621,素晴らしい体験でした 宮島に来た時はここが一番のお気に入りです 料理もサービスも雰囲気も最高です 赤い鳥居や厳島神社も見えますし スターバックスの2階にはテラスもあります この場所が大好きです
スターバックス コーヒー 厳島表参道店,5.0,user_3622,美しいロケーションにある素晴らしいスターバックス カップに私の名前が書いてあればいいのに
スターバックス コーヒー 厳島表参道店,4.0,user_3623,長い行列はよくあることだ
スターバックス コーヒー 厳島表参道店,4.0,user_3624,ホステスさんは素晴らしい英語を話し 日本の習慣通りとてもフレンドリーで親切でした 島を訪れた際に 軽食で手軽にエネルギーを補給するのにぴったりの食事でした
スターバックス コーヒー 厳島表参道店,4.0,user_3625,立地が良く 眺めも素晴らしく 2階には広いバスルームとダイニングエリアがあります
スターバックス コーヒー 厳島表参道店,5.0,user_3626,コーヒーもサービスも最高です 2階には座席エリアがあり 屋外エリアからは素晴らしい鳥居を眺めることができます
スターバックス コーヒー 厳島表参道店,5.0,user_3627,寒い日に温まるには最高の場所です スタッフもとても親切で 2階からの眺めは息を呑むほど美しいです
スターバックス コーヒー 厳島表参道店,5.0,user_3628,最高の抹茶ラテを素晴らしい景色とともに堪能しました レジの若い女性もとても感じが良く 少しおしゃべりもできました
スターバックス コーヒー 厳島表参道店,5.0,user_3629,スターバックスの限定メープルリーフカップ とてもユニークなお店です
スターバックス コーヒー 厳島表参道店,3.0,user_3630,飲み物を作るのに少し時間がかかりましたが 景色はとても良かったです
スターバックス コーヒー 厳島表参道店,4.0,user_3631,景色が美しい 座って夕日を眺めるのは本当に素晴らしい
スターバックス コーヒー 厳島表参道店,5.0,user_3632,遠くからでも鳥居が見えます
スターバックス コーヒー 厳島表参道店,5.0,user_3633,絶景 美しい建物 そしてほぼ完璧なロケーション 神社の入り口近くにあるこのスターバックスでは コーヒーを楽しみながら 素晴らしい景色を眺めつつ足を休めることができます スタッフは世界レベルの腕前で コーヒーの味も常に安定しています スタッフはいつも温かく迎えてくれ 多言語に対応しています 常に笑顔で 誰に対しても親切に対応してくれます カップに漢字で名前を書いてくれるのも楽しいサービスで 世界はなんて狭いんだろうと改めて感じさせてくれます
スターバックス コーヒー 厳島表参道店,4.0,user_3634,リラックスするのに最適な場所で スターバックスのコーヒーを飲むこともできます
スターバックス コーヒー 厳島表参道店,5.0,user_3635,ちょっと通りかかったので 様子を見に来ました
スターバックス コーヒー 厳島表参道店,5.0,user_3636,かわいい
スターバックス コーヒー 厳島表参道店,5.0,user_3637,景色の良いスターバックス スタッフもやさしい
スターバックス コーヒー 厳島表参道店,5.0,user_3638,本当に素敵で居心地の良い場所です 海の景色を眺めながら ゆったりとコーヒータイムを楽しめます 建物自体も宮島の伝統を保っており とてもユニークです
スターバックス コーヒー 厳島表参道店,5.0,user_3639,フレンドリーで良い場所 2階から海を眺めながらコーヒー1杯 名前をヒョンと言ったが ヒュンと書いてくれたがㅎㅎㅎㅎㅎㅎㅎㅎ
スターバックス コーヒー 厳島表参道店,5.0,user_3640,コーヒーを一口飲むのに心地よい場所
スターバックス コーヒー 厳島表参道店,5.0,user_3641,2階ビューが良い 海を見ながらのんびり フェリーに乗る前の旅行者のゆとり 10分
スターバックス コーヒー 厳島表参道店,5.0,user_3642,上階からは川の美しい景色が眺められ 晴れた日には小さなバルコニーでくつろげます
スターバックス コーヒー 厳島表参道店,5.0,user_3643,このスターバックスでは本当においしいアイスグリーンアップルティーを提供していました
スターバックス コーヒー 厳島表参道店,5.0,user_3644,友人に付き添って宮島のマグカップを買いに行きました 2階からは宮島の赤い鳥居が見えます
スターバックス コーヒー 厳島表参道店,1.0,user_3645,この神聖な場所にスターバックスを置くのは犯罪です 許可した者は誰であれ 恥を知るべきです
スターバックス コーヒー 厳島表参道店,5.0,user_3646,スタッフはとても丁寧でした 注文に無料のエスプレッソが含まれていました さらに 上階のバルコニーからはグランドゲートを一望できます 強くお勧めします
スターバックス コーヒー 厳島表参道店,4.0,user_3647,テラスに座って鳥居を眺めながらコーヒーを飲むのを忘れずに
スターバックス コーヒー 厳島表参道店,5.0,user_3648,2階のバルコニーからは 厳島神社の大鳥居を遠くに眺めることができます 橋が十分な距離にある場合は 大鳥居と 床から天井まである窓に映る鳥居の両方を写真に収めることも可能です
スターバックス コーヒー 厳島表参道店,3.0,user_3649,他の支店に比べてスタッフがとてもフレンドリーだった広島シティカードも販売中だ
スターバックス コーヒー 厳島表参道店,5.0,user_3650,最高です 今まで行ったスターバックスの中で一番 2階の床から天井まである窓際のソファからは素晴らしい景色が望めます ゆったりとくつろぎながら 宮島の空を眺めることができます
スターバックス コーヒー 厳島表参道店,5.0,user_3651,スターバックスコーヒーの2階から宮島の海の景色を楽しんでいます
スターバックス コーヒー 厳島表参道店,5.0,user_3652,フレンドリーなスタッフ
スターバックス コーヒー 厳島表参道店,5.0,user_3653,景色が素晴らしいスターバックス フレンドリーなスタッフが 料金を請求せずに氷だけをくれました トイレも清潔で リラックスできる快適な空間です
スターバックス コーヒー 厳島表参道店,5.0,user_3654,スタッフの笑顔 親切 賞賛に感謝しました
スターバックス コーヒー 厳島表参道店,5.0,user_3655,このスターバックスからの眺めは素晴らしく 厳島の猛暑の夏に涼しく過ごせるオアシスです
スターバックス コーヒー 厳島表参道店,5.0,user_3656,このカフェの2階は景色が素晴らしく 休憩するのに最適な場所です テーブルを確保するのに少し待たされましたが このスターバックス SB はいつも人でいっぱいなのでしょう
スターバックス コーヒー 厳島表参道店,5.0,user_3657,2つの大きな鳥居の写真を撮れます
スターバックス コーヒー 厳島表参道店,5.0,user_3658,とても素敵な場所です スタッフは英語が上手です 2階にはしゃもじが壁一面に並んでいて 写真を撮るのに最適です 宮島は今 キンモクセイの季節で 空気の香りがとても良いです
スターバックス コーヒー 厳島表参道店,5.0,user_3659,最上階からはトリウムの素晴らしい景色が楽しめます カフェテリアからは海も見えます ちょっと休憩するのに最適な場所です
スターバックス コーヒー 厳島表参道店,5.0,user_3660,最高のロケーションで 2階からの眺めは最高でした スタッフは親切でフレンドリーでした ドリンクもとても美味しかったです
スターバックス コーヒー 厳島表参道店,5.0,user_3661,今までで一番素晴らしいスターバックスのスタッフでした とても有能で親切 そして英語もとても上手でした 素晴らしい
スターバックス コーヒー 厳島表参道店,4.0,user_3662,まるで文明から遠く離れた孤島にいるような 世界の果てにいるような気分になるけれど それでも必ずスターバックスがあるというのは驚きだった 本当にびっくりした しかも 島限定のコーヒーもあるらしい 店員は英語を話せた この観光地ではありがたいことだ
スターバックス コーヒー 厳島表参道店,5.0,user_3663,オーストラリアから離れた場所で美味しいコーヒーが飲めるなんて最高です スタッフはとても丁寧でフレンドリー 上の階のデッキからは鳥居と本土の素晴らしい景色が眺められます
スターバックス コーヒー 厳島表参道店,5.0,user_3664,素晴らしいコーヒー サービスも一流
スターバックス コーヒー 厳島表参道店,5.0,user_3665,2階に置き忘れた抹茶を探しに戻った私に気づいてくれた素敵な店員さん ありがとうございました がっかりして店を出た後も 私のことを思ってくれて 100メートルほど追いかけてきて 見つけてくれて 商品を返してくれたんです あの時は本当に感謝の気持ちでいっぱいでした 面識はないけれど 本当にありがとう
スターバックス コーヒー 厳島表参道店,4.0,user_3666,スタッフはとてもフレンドリーで 英語も上手でした 2階からは素晴らしい海の景色が眺められ 素敵なバルコニーもあります
スターバックス コーヒー 厳島表参道店,5.0,user_3667,この島にスターバックスがあるとは思わなかった
スターバックス コーヒー 厳島表参道店,5.0,user_3668,全部親切で良かった
スターバックス コーヒー 厳島表参道店,5.0,user_3669,2階に主格で壁を飾ったのがポイント
スターバックス コーヒー 厳島表参道店,5.0,user_3670,前で写真撮りが良く 椅子が楽です
スターバックス コーヒー 厳島表参道店,5.0,user_3671,店員さんがとてもフレンドリーで専門性が感じられました 海を眺めながらコーヒーを飲むことができる 店舗は広くないがすっきり
スターバックス コーヒー 厳島表参道店,5.0,user_3672,とてもフレンドリーなスタッフ 美味しい料理とドリンク ありがとうございました
スターバックス コーヒー 厳島表参道店,5.0,user_3673,水曜日の夕方に訪れましたが 素晴らしいサービスを受けました バリスタの方々はとてもフレンドリーで親切で 本当に素晴らしい滞在になりました
スターバックス コーヒー 厳島表参道店,5.0,user_3674,とても良い経験でした
スターバックス コーヒー 厳島表参道店,4.0,user_3675,コーヒーは美味しく 景色は素晴らしく 長い観光の後に休むのに最適な場所です
スターバックス コーヒー 厳島表参道店,4.0,user_3676,スターバックスです 暑い夏の日でとても混雑していましたが それでも馴染みのある飲み物でリフレッシュできました
スターバックス コーヒー 厳島表参道店,4.0,user_3677,2階には海が見えるビーズクッションの椅子がありますが 場所を確保するのは非常に困難です トイレは
スターバックス コーヒー 厳島表参道店,5.0,user_3678,居心地が良く 眺めも素晴らしい
スターバックス コーヒー 厳島表参道店,5.0,user_3679,2階からの景色がいいです Been there 広島カードを扱います
スターバックス コーヒー 厳島表参道店,3.0,user_3680,建物は平凡だった
スターバックス コーヒー 厳島表参道店,5.0,user_3681,世界中で一貫性
スターバックス コーヒー 厳島表参道店,5.0,user_3682,快適でした 唯一残念だったのは 宮島ならではのスターバックスのマグカップが買えなかったこと
スターバックス コーヒー 厳島表参道店,5.0,user_3683,2階には十分な座席があり 眺めも素晴らしい ドリンクに関しては 期待通りのものが揃っています
スターバックス コーヒー 厳島表参道店,5.0,user_3684,宮島での素晴らしい朝食オプション 2階からの眺めはとても快適です
スターバックス コーヒー 厳島表参道店,5.0,user_3685,サービスはとても丁寧でした 景色を眺めながら2階の席に座り 素晴らしい体験をしました
スターバックス コーヒー 厳島表参道店,5.0,user_3686,このお店のサービス 料理 雰囲気は最高です 2階はとてもリラックスできます
スターバックス コーヒー 厳島表参道店,5.0,user_3687,湾と鳥居の素晴らしい眺め
スターバックス コーヒー 厳島表参道店,5.0,user_3688,サービスは素晴らしかったです コーヒーをこぼしてしまいましたが スタッフはきれいに掃除してくれただけでなく 無料のコーヒーまで入れてくれました
スターバックス コーヒー 厳島表参道店,5.0,user_3689,雰囲気も良く海も見えます
スターバックス コーヒー 厳島表参道店,5.0,user_3690,サービススタッフの対応もとても良く 2階でコーヒーを飲みながら海の景色を楽しむのはとても気持ちが良かったです
スターバックス コーヒー 厳島表参道店,5.0,user_3691,素晴らしい景色です
スターバックス コーヒー 厳島表参道店,5.0,user_3692,とても美しいカップ
スターバックス コーヒー 厳島表参道店,5.0,user_3693,美味しい抹茶と お店の女性スタッフの方々がとてもフレンドリーでした 景色も素晴らしかったです
スターバックス コーヒー 厳島表参道店,5.0,user_3694,居心地の良い静かな場所です トイレはありますが 座席にコンセントはありません
スターバックス コーヒー 厳島表参道店,5.0,user_3695,広々としたバルコニーからの眺めは 鳥居を写真に収めるのに最適です
スターバックス コーヒー 厳島表参道店,4.0,user_3696,コーヒーを飲むのに素敵な場所です
スターバックス コーヒー 厳島表参道店,5.0,user_3697,スターバックス 歴史ある景色が楽しめます
スターバックス コーヒー 厳島表参道店,2.0,user_3698,1階の待合スペースが少し狭いため コーヒーを待つ多くのお客様で大変混雑しています
スターバックス コーヒー 厳島表参道店,5.0,user_3699,スタッフはとても親切で 周辺地域に関する知識も豊富で大変助かりました
スターバックス コーヒー 厳島表参道店,5.0,user_3700,この場所は素晴らしい景色が楽しめ 美味しいコーヒーを楽しむのに最適です
スターバックス コーヒー 厳島表参道店,5.0,user_3701,スターバックスだけど 店員さんの対応はとても親切だ
スターバックス コーヒー 厳島表参道店,5.0,user_3702,海外に住むイタリア人にとってそれは命綱です
スターバックス コーヒー 厳島表参道店,4.0,user_3703,景色は素晴らしいので ぜひ時間を作って訪れてみてください
スターバックス コーヒー 厳島表参道店,5.0,user_3704,女の子たちはとてもフレンドリーで 飲み物も最高でした ありがとうございました
スターバックス コーヒー 厳島表参道店,2.0,user_3705,ひどいサービスだ こんなに混乱した場所は見たことがない スタッフ全員が迷っている
スターバックス コーヒー 厳島表参道店,5.0,user_3706,2回行きましたが どちらの場合もスタッフはとてもフレンドリーでした
スターバックス コーヒー 厳島表参道店,5.0,user_3707,夕方に行くと静かに座っていいところです
スターバックス コーヒー 厳島表参道店,4.0,user_3708,日本のスターバックスらしくスタッフの対応は良かったが 味はそれほど良くなかった
スターバックス コーヒー 厳島表参道店,4.0,user_3709,見やすい
スターバックス コーヒー 厳島表参道店,4.0,user_3710,2階テラスの前で海を見ながらお茶を飲むといい
スターバックス コーヒー 厳島表参道店,2.0,user_3711,残念ながら間違った食事が用意されてしまいました
スターバックス コーヒー 厳島表参道店,5.0,user_3712,美しい環境 とてもフレンドリーで素敵なスタッフ
スターバックス コーヒー 厳島表参道店,4.0,user_3713,鳥居 を眺めながらホットラテを飲むのは 人生における最高の喜びの一つです
スターバックス コーヒー 厳島表参道店,5.0,user_3714,とても良いスターバックスです 景色も素晴らしく スタッフもとてもフレンドリーです
スターバックス コーヒー 厳島表参道店,5.0,user_3715,スタッフは素敵でした
スターバックス コーヒー 厳島表参道店,5.0,user_3716,スタッフは親切で 雰囲気も最高です おすすめです
スターバックス コーヒー 厳島表参道店,2.0,user_3717,注文を忘れられた
スターバックス コーヒー 厳島表参道店,5.0,user_3718,素晴らしいサービスと素晴らしいスタッフ
スターバックス コーヒー 厳島表参道店,4.0,user_3719,素晴らしい景色を眺めながらおいしいコーヒーと紅茶を
スターバックス コーヒー 厳島表参道店,5.0,user_3720,スターバックスコーヒーショップは最高のコーヒーショップの一つです
スターバックス コーヒー 厳島表参道店,3.0,user_3721,人気の観光スポットがすべて含まれています
スターバックス コーヒー 厳島表参道店,5.0,user_3722,美味しいチャイティーラテコーヒーが楽しめる最高のロケーション
スターバックス コーヒー 厳島表参道店,5.0,user_3723,とても親切なスタッフ
スターバックス コーヒー 厳島表参道店,5.0,user_3724,海を越えたスターバックスはすごいですね
スターバックス コーヒー 厳島表参道店,5.0,user_3725,世界で最高の雰囲気
スターバックス コーヒー 厳島表参道店,5.0,user_3726,上の階のリビングルームからの眺めは素晴らしい
スターバックス コーヒー 厳島表参道店,5.0,user_3727,2022 05 05
